Designator,Mid X,Mid Y,Layer,Rotation
"R1",112.500000,-90.000000,bottom,135.000000
"R2",115.000000,-89.500000,bottom,135.000000
"R6",73.750000,-106.825000,bottom,90.000000
