Designator,Mid X,Mid Y,Layer,Rotation
"J1",114.502500,-128.270000,top,180.000000
"J2",121.920000,-113.030000,top,0.000000
"J3",133.350000,-128.230000,top,180.000000
