Designator,Mid X,Mid Y,Layer,Rotation
"D1",106.720000,-56.480000,bottom,0.000000
"J1",129.090000,-132.110000,bottom,90.000000
"R1",120.850000,-134.310000,bottom,0.000000
