Designator,Mid X,Mid Y,Layer,Rotation
"H1",131.820000,-88.830000,top,0.000000
"H2",131.800000,-88.800000,top,0.000000
