Designator,Mid X,Mid Y,Layer,Rotation
"L1",73.660272,-110.910272,top,0.000000
"REF**",134.750000,-170.000000,top,0.000000
"REF**",73.660272,-110.910272,top,0.000000
