#VRML V2.0 utf8
DEF TXFM_1 Transform {
  center 0 0 0
  rotation 0 0 1 0
  scale 0.00254 0.00254 0.00254
  scaleOrientation 0 0 1 0
  translation 0 0 0
 children [
DEF TXFM_2 Transform {
  center 0 0 0
  rotation 0 0 1 0
  scale 1 1 1
  scaleOrientation 0 0 1 0
  translation 0 0 0
 children [
DEF SHAPE_1 Shape {
 appearance DEF APP_1 Appearance {
  material Material {
   ambientIntensity 1
   diffuseColor 0.12 0.2 0.19
   emissiveColor 0 0 0
   shininess 0.02
   specularColor 0.0099999998 0.029999999 0.0099999998
   transparency 0
} }
 geometry DEF FACE_1 IndexedFaceSet {
  coord DEF COORD_1 Coordinate { point [
  53.480315 -46.425197 0.31003937,53.480315 -22.409449 0.31003937,
  38.519685 -22.409449 0.31003937,38.519685 -46.425197 0.31003937,
  41.905512 -46.425197 0.31003937,41.963257 -46.438474 0.31003937,
  42.014721 -46.467839 0.31003937,42.055531 -46.510796 0.31003937,
  42.082219 -46.563697 0.31003937,42.09252 -46.622047 0.31003937,
  42.09252 -48 0.31003937,46.797244 -48 0.31003937,
  46.797244 -46.858268 0.31003937,46.805293 -46.79713 0.31003937,
  46.828892 -46.740157 0.31003937,46.866431 -46.691235 0.31003937,
  46.915354 -46.653695 0.31003937,46.972326 -46.630096 0.31003937,
  47.033465 -46.622047 0.31003937,47.094603 -46.630096 0.31003937,
  47.151575 -46.653695 0.31003937,47.200498 -46.691235 0.31003937,
  47.238037 -46.740157 0.31003937,47.261636 -46.79713 0.31003937,
  47.269685 -46.858268 0.31003937,47.269685 -48 0.31003937,
  49.90748 -48 0.31003937,49.90748 -46.622047 0.31003937,
  49.917356 -46.563483 0.31003937,49.943904 -46.510355 0.31003937,
  49.984809 -46.467296 0.31003937,50.036507 -46.43806 0.31003937,
  50.094488 -46.425197 0.31003937,53.148583 -29.850394 0.31003937,
  53.143866 -29.874108 0.31003937,53.130433 -29.894212 0.31003937,
  53.110328 -29.907645 0.31003937,53.086614 -29.912362 0.31003937,
  53.0629 -29.907645 0.31003937,53.042796 -29.894212 0.31003937,
  53.029363 -29.874108 0.31003937,53.024646 -29.850394 0.31003937,
  53.029363 -29.826679 0.31003937,53.042796 -29.806575 0.31003937,
  53.0629 -29.793142 0.31003937,53.086614 -29.788425 0.31003937,
  53.110328 -29.793142 0.31003937,53.130433 -29.806575 0.31003937,
  53.143866 -29.826679 0.31003937,53.024646 -31.503937 0.31003937,
  53.029363 -31.480223 0.31003937,53.042796 -31.460119 0.31003937,
  53.0629 -31.446686 0.31003937,53.086614 -31.441969 0.31003937,
  53.110328 -31.446686 0.31003937,53.130433 -31.460119 0.31003937,
  53.143866 -31.480223 0.31003937,53.148583 -31.503937 0.31003937,
  53.143866 -31.527651 0.31003937,53.130433 -31.547755 0.31003937,
  53.110328 -31.561188 0.31003937,53.086614 -31.565906 0.31003937,
  53.0629 -31.561188 0.31003937,53.042796 -31.547755 0.31003937,
  53.029363 -31.527651 0.31003937,52.636772 -30.677165 0.31003937,
  52.632055 -30.70088 0.31003937,52.618621 -30.720984 0.31003937,
  52.598517 -30.734417 0.31003937,52.574803 -30.739134 0.31003937,
  52.551089 -30.734417 0.31003937,52.530985 -30.720984 0.31003937,
  52.517552 -30.70088 0.31003937,52.512835 -30.677165 0.31003937,
  52.517552 -30.653451 0.31003937,52.530985 -30.633347 0.31003937,
  52.551089 -30.619914 0.31003937,52.574803 -30.615197 0.31003937,
  52.598517 -30.619914 0.31003937,52.618621 -30.633347 0.31003937,
  52.632055 -30.653451 0.31003937,39.363228 -30.677165 0.31003937,
  39.367945 -30.653451 0.31003937,39.381379 -30.633347 0.31003937,
  39.401483 -30.619914 0.31003937,39.425197 -30.615197 0.31003937,
  39.448911 -30.619914 0.31003937,39.469015 -30.633347 0.31003937,
  39.482448 -30.653451 0.31003937,39.487165 -30.677165 0.31003937,
  39.482448 -30.70088 0.31003937,39.469015 -30.720984 0.31003937,
  39.448911 -30.734417 0.31003937,39.425197 -30.739134 0.31003937,
  39.401483 -30.734417 0.31003937,39.381379 -30.720984 0.31003937,
  39.367945 -30.70088 0.31003937,38.975354 -29.850394 0.31003937,
  38.970637 -29.874108 0.31003937,38.957204 -29.894212 0.31003937,
  38.9371 -29.907645 0.31003937,38.913386 -29.912362 0.31003937,
  38.889672 -29.907645 0.31003937,38.869567 -29.894212 0.31003937,
  38.856134 -29.874108 0.31003937,38.851417 -29.850394 0.31003937,
  38.856134 -29.826679 0.31003937,38.869567 -29.806575 0.31003937,
  38.889672 -29.793142 0.31003937,38.913386 -29.788425 0.31003937,
  38.9371 -29.793142 0.31003937,38.957204 -29.806575 0.31003937,
  38.970637 -29.826679 0.31003937,38.851417 -31.503937 0.31003937,
  38.856134 -31.480223 0.31003937,38.869567 -31.460119 0.31003937,
  38.889672 -31.446686 0.31003937,38.913386 -31.441969 0.31003937,
  38.9371 -31.446686 0.31003937,38.957204 -31.460119 0.31003937,
  38.970637 -31.480223 0.31003937,38.975354 -31.503937 0.31003937,
  38.970637 -31.527651 0.31003937,38.957204 -31.547755 0.31003937,
  38.9371 -31.561188 0.31003937,38.913386 -31.565906 0.31003937,
  38.889672 -31.561188 0.31003937,38.869567 -31.547755 0.31003937,
  38.856134 -31.527651 0.31003937,53.480315 -46.425197 -0.31003937,
  53.480315 -22.409449 -0.31003937,38.519685 -22.409449 -0.31003937,
  38.519685 -46.425197 -0.31003937,41.905512 -46.425197 -0.31003937,
  41.963257 -46.438474 -0.31003937,42.014721 -46.467839 -0.31003937,
  42.055531 -46.510796 -0.31003937,42.082219 -46.563697 -0.31003937,
  42.09252 -46.622047 -0.31003937,42.09252 -48 -0.31003937,
  46.797244 -48 -0.31003937,46.797244 -46.858268 -0.31003937,
  46.805293 -46.79713 -0.31003937,46.828892 -46.740157 -0.31003937,
  46.866431 -46.691235 -0.31003937,46.915354 -46.653695 -0.31003937,
  46.972326 -46.630096 -0.31003937,47.033465 -46.622047 -0.31003937,
  47.094603 -46.630096 -0.31003937,47.151575 -46.653695 -0.31003937,
  47.200498 -46.691235 -0.31003937,47.238037 -46.740157 -0.31003937,
  47.261636 -46.79713 -0.31003937,47.269685 -46.858268 -0.31003937,
  47.269685 -48 -0.31003937,49.90748 -48 -0.31003937,
  49.90748 -46.622047 -0.31003937,49.917356 -46.563483 -0.31003937,
  49.943904 -46.510355 -0.31003937,49.984809 -46.467296 -0.31003937,
  50.036507 -46.43806 -0.31003937,50.094488 -46.425197 -0.31003937,
  53.148583 -29.850394 -0.31003937,53.143866 -29.874108 -0.31003937,
  53.130433 -29.894212 -0.31003937,53.110328 -29.907645 -0.31003937,
  53.086614 -29.912362 -0.31003937,53.0629 -29.907645 -0.31003937,
  53.042796 -29.894212 -0.31003937,53.029363 -29.874108 -0.31003937,
  53.024646 -29.850394 -0.31003937,53.029363 -29.826679 -0.31003937,
  53.042796 -29.806575 -0.31003937,53.0629 -29.793142 -0.31003937,
  53.086614 -29.788425 -0.31003937,53.110328 -29.793142 -0.31003937,
  53.130433 -29.806575 -0.31003937,53.143866 -29.826679 -0.31003937,
  53.024646 -31.503937 -0.31003937,53.029363 -31.480223 -0.31003937,
  53.042796 -31.460119 -0.31003937,53.0629 -31.446686 -0.31003937,
  53.086614 -31.441969 -0.31003937,53.110328 -31.446686 -0.31003937,
  53.130433 -31.460119 -0.31003937,53.143866 -31.480223 -0.31003937,
  53.148583 -31.503937 -0.31003937,53.143866 -31.527651 -0.31003937,
  53.130433 -31.547755 -0.31003937,53.110328 -31.561188 -0.31003937,
  53.086614 -31.565906 -0.31003937,53.0629 -31.561188 -0.31003937,
  53.042796 -31.547755 -0.31003937,53.029363 -31.527651 -0.31003937,
  52.636772 -30.677165 -0.31003937,52.632055 -30.70088 -0.31003937,
  52.618621 -30.720984 -0.31003937,52.598517 -30.734417 -0.31003937,
  52.574803 -30.739134 -0.31003937,52.551089 -30.734417 -0.31003937,
  52.530985 -30.720984 -0.31003937,52.517552 -30.70088 -0.31003937,
  52.512835 -30.677165 -0.31003937,52.517552 -30.653451 -0.31003937,
  52.530985 -30.633347 -0.31003937,52.551089 -30.619914 -0.31003937,
  52.574803 -30.615197 -0.31003937,52.598517 -30.619914 -0.31003937,
  52.618621 -30.633347 -0.31003937,52.632055 -30.653451 -0.31003937,
  39.363228 -30.677165 -0.31003937,39.367945 -30.653451 -0.31003937,
  39.381379 -30.633347 -0.31003937,39.401483 -30.619914 -0.31003937,
  39.425197 -30.615197 -0.31003937,39.448911 -30.619914 -0.31003937,
  39.469015 -30.633347 -0.31003937,39.482448 -30.653451 -0.31003937,
  39.487165 -30.677165 -0.31003937,39.482448 -30.70088 -0.31003937,
  39.469015 -30.720984 -0.31003937,39.448911 -30.734417 -0.31003937,
  39.425197 -30.739134 -0.31003937,39.401483 -30.734417 -0.31003937,
  39.381379 -30.720984 -0.31003937,39.367945 -30.70088 -0.31003937,
  38.975354 -29.850394 -0.31003937,38.970637 -29.874108 -0.31003937,
  38.957204 -29.894212 -0.31003937,38.9371 -29.907645 -0.31003937,
  38.913386 -29.912362 -0.31003937,38.889672 -29.907645 -0.31003937,
  38.869567 -29.894212 -0.31003937,38.856134 -29.874108 -0.31003937,
  38.851417 -29.850394 -0.31003937,38.856134 -29.826679 -0.31003937,
  38.869567 -29.806575 -0.31003937,38.889672 -29.793142 -0.31003937,
  38.913386 -29.788425 -0.31003937,38.9371 -29.793142 -0.31003937,
  38.957204 -29.806575 -0.31003937,38.970637 -29.826679 -0.31003937,
  38.851417 -31.503937 -0.31003937,38.856134 -31.480223 -0.31003937,
  38.869567 -31.460119 -0.31003937,38.889672 -31.446686 -0.31003937,
  38.913386 -31.441969 -0.31003937,38.9371 -31.446686 -0.31003937,
  38.957204 -31.460119 -0.31003937,38.970637 -31.480223 -0.31003937,
  38.975354 -31.503937 -0.31003937,38.970637 -31.527651 -0.31003937,
  38.957204 -31.547755 -0.31003937,38.9371 -31.561188 -0.31003937,
  38.913386 -31.565906 -0.31003937,38.889672 -31.561188 -0.31003937,
  38.869567 -31.547755 -0.31003937,38.856134 -31.527651 -0.31003937] }
 coordIndex [
  96,81,4,-1,4,81,97,-1,4,97,121,-1,121,97,98,-1,121,98,120,-1,120,98,99,-1,120,99,119,-1,119,99,100,-1,
  119,100,118,-1,118,100,101,-1,118,101,117,-1,117,101,102,-1,117,102,116,-1,116,102,103,-1,116,103,115,-1,115,103,104,-1,
  115,104,114,-1,114,104,105,-1,114,105,113,-1,113,105,2,-1,113,2,3,-1,66,0,65,-1,65,0,49,-1,65,49,41,-1,
  41,49,50,-1,41,50,40,-1,40,50,51,-1,40,51,39,-1,39,51,52,-1,39,52,38,-1,38,52,53,-1,38,53,37,-1,
  37,53,54,-1,37,54,36,-1,36,54,55,-1,36,55,35,-1,35,55,56,-1,35,56,34,-1,34,56,57,-1,34,57,33,-1,
  33,57,0,-1,33,0,1,-1,1,2,108,-1,1,108,109,-1,1,109,110,-1,1,110,111,-1,1,111,112,-1,1,112,97,-1,
  1,97,84,-1,1,84,85,-1,1,85,86,-1,1,86,87,-1,1,87,88,-1,1,88,89,-1,1,89,4,-1,1,4,5,-1,
  1,5,6,-1,1,6,7,-1,1,7,8,-1,1,8,9,-1,1,9,13,-1,1,13,14,-1,1,14,15,-1,1,15,16,-1,
  1,16,17,-1,1,17,18,-1,1,18,19,-1,1,19,20,-1,1,20,21,-1,1,21,22,-1,1,22,23,-1,1,23,24,-1,
  1,24,27,-1,1,27,28,-1,1,28,29,-1,1,29,30,-1,1,30,31,-1,1,31,32,-1,1,32,73,-1,1,73,74,-1,
  1,74,75,-1,1,75,76,-1,1,76,77,-1,1,77,78,-1,1,78,79,-1,1,79,80,-1,1,80,65,-1,1,65,41,-1,
  1,41,42,-1,1,42,43,-1,1,43,44,-1,1,44,45,-1,1,45,46,-1,1,46,47,-1,1,47,48,-1,1,48,33,-1,
  24,25,26,-1,24,26,27,-1,9,10,11,-1,9,11,12,-1,9,12,13,-1,97,81,82,-1,97,82,83,-1,97,83,84,-1,
  2,105,106,-1,2,106,107,-1,2,107,108,-1,0,57,58,-1,0,58,59,-1,0,59,60,-1,0,60,61,-1,0,61,62,-1,
  0,62,63,-1,0,63,64,-1,0,64,49,-1,0,66,67,-1,0,67,68,-1,0,68,69,-1,0,69,70,-1,0,70,71,-1,
  0,71,72,-1,0,72,73,-1,0,73,32,-1,4,89,90,-1,4,90,91,-1,4,91,92,-1,4,92,93,-1,4,93,94,-1,
  4,94,95,-1,4,95,96,-1,4,121,122,-1,4,122,123,-1,4,123,124,-1,4,124,125,-1,4,125,126,-1,4,126,127,-1,
  4,127,128,-1,4,128,3,-1,113,3,128,-1,210,225,133,-1,210,133,226,-1,226,133,250,-1,226,250,227,-1,227,250,249,-1,
  227,249,228,-1,228,249,248,-1,228,248,229,-1,229,248,247,-1,229,247,230,-1,230,247,246,-1,230,246,231,-1,231,246,245,-1,
  231,245,232,-1,232,245,244,-1,232,244,233,-1,233,244,243,-1,233,243,234,-1,234,243,242,-1,234,242,131,-1,131,242,132,-1,
  129,195,194,-1,129,194,178,-1,178,194,170,-1,178,170,179,-1,179,170,169,-1,179,169,180,-1,180,169,168,-1,180,168,181,-1,
  181,168,167,-1,181,167,182,-1,182,167,166,-1,182,166,183,-1,183,166,165,-1,183,165,184,-1,184,165,164,-1,184,164,185,-1,
  185,164,163,-1,185,163,186,-1,186,163,162,-1,186,162,129,-1,129,162,130,-1,131,130,237,-1,237,130,238,-1,238,130,239,-1,
  239,130,240,-1,240,130,241,-1,241,130,226,-1,226,130,213,-1,213,130,214,-1,214,130,215,-1,215,130,216,-1,216,130,217,-1,
  217,130,218,-1,218,130,133,-1,133,130,134,-1,134,130,135,-1,135,130,136,-1,136,130,137,-1,137,130,138,-1,138,130,142,-1,
  142,130,143,-1,143,130,144,-1,144,130,145,-1,145,130,146,-1,146,130,147,-1,147,130,148,-1,148,130,149,-1,149,130,150,-1,
  150,130,151,-1,151,130,152,-1,152,130,153,-1,153,130,156,-1,156,130,157,-1,157,130,158,-1,158,130,159,-1,159,130,160,-1,
  160,130,161,-1,161,130,202,-1,202,130,203,-1,203,130,204,-1,204,130,205,-1,205,130,206,-1,206,130,207,-1,207,130,208,-1,
  208,130,209,-1,209,130,194,-1,194,130,170,-1,170,130,171,-1,171,130,172,-1,172,130,173,-1,173,130,174,-1,174,130,175,-1,
  175,130,176,-1,176,130,177,-1,177,130,162,-1,154,153,155,-1,155,153,156,-1,139,138,140,-1,140,138,141,-1,141,138,142,-1,
  210,226,211,-1,211,226,212,-1,212,226,213,-1,234,131,235,-1,235,131,236,-1,236,131,237,-1,186,129,187,-1,187,129,188,-1,
  188,129,189,-1,189,129,190,-1,190,129,191,-1,191,129,192,-1,192,129,193,-1,193,129,178,-1,195,129,196,-1,196,129,197,-1,
  197,129,198,-1,198,129,199,-1,199,129,200,-1,200,129,201,-1,201,129,202,-1,202,129,161,-1,218,133,219,-1,219,133,220,-1,
  220,133,221,-1,221,133,222,-1,222,133,223,-1,223,133,224,-1,224,133,225,-1,250,133,251,-1,251,133,252,-1,252,133,253,-1,
  253,133,254,-1,254,133,255,-1,255,133,256,-1,256,133,257,-1,257,133,132,-1,132,242,257,-1]
  normalPerVertex TRUE
  normal DEF NORM_1 Normal { vector [
  0 0 1,0 0 1,
  0 0 1,0 0 1,
  0 0 1,0 0 1,
  0 0 1,0 0 1,
  0 0 1,0 0 1,
  0 0 1,0 0 1,
  0 0 1,0 0 1,
  0 0 1,0 0 1,
  0 0 1,0 0 1,
  0 0 1,0 0 1,
  0 0 1,0 0 1,
  0 0 1,0 0 1,
  0 0 1,0 0 1,
  0 0 1,0 0 1,
  0 0 1,0 0 1,
  0 0 1,0 0 1,
  0 0 1,0 0 1,
  0 0 1,0 0 1,
  0 0 1,0 0 1,
  0 0 1,0 0 1,
  0 0 1,0 0 1,
  0 0 1,0 0 1,
  0 0 1,0 0 1,
  0 0 1,0 0 1,
  0 0 1,0 0 1,
  0 0 1,0 0 1,
  0 0 1,0 0 1,
  0 0 1,0 0 1,
  0 0 1,0 0 1,
  0 0 1,0 0 1,
  0 0 1,0 0 1,
  0 0 1,0 0 1,
  0 0 1,0 0 1,
  0 0 1,0 0 1,
  0 0 1,0 0 1,
  0 0 1,0 0 1,
  0 0 1,0 0 1,
  0 0 1,0 0 1,
  0 0 1,0 0 1,
  0 0 1,0 0 1,
  0 0 1,0 0 1,
  0 0 1,0 0 1,
  0 0 1,0 0 1,
  0 0 1,0 0 1,
  0 0 1,0 0 1,
  0 0 1,0 0 1,
  0 0 1,0 0 1,
  0 0 1,0 0 1,
  0 0 1,0 0 1,
  0 0 1,0 0 1,
  0 0 1,0 0 1,
  0 0 1,0 0 1,
  0 0 1,0 0 1,
  0 0 1,0 0 1,
  0 0 1,0 0 1,
  0 0 1,0 0 1,
  0 0 1,0 0 1,
  0 0 1,0 0 1,
  0 0 1,0 0 1,
  0 0 1,0 0 1,
  0 0 1,0 0 1,
  0 0 1,0 0 1,
  0 0 1,0 0 1,
  0 0 1,0 0 1,
  0 0 1,0 0 -1,
  0 0 -1,0 0 -1,
  0 0 -1,0 0 -1,
  0 0 -1,0 0 -1,
  0 0 -1,0 0 -1,
  0 0 -1,0 0 -1,
  0 0 -1,0 0 -1,
  0 0 -1,0 0 -1,
  0 0 -1,0 0 -1,
  0 0 -1,0 0 -1,
  0 0 -1,0 0 -1,
  0 0 -1,0 0 -1,
  0 0 -1,0 0 -1,
  0 0 -1,0 0 -1,
  0 0 -1,0 0 -1,
  0 0 -1,0 0 -1,
  0 0 -1,0 0 -1,
  0 0 -1,0 0 -1,
  0 0 -1,0 0 -1,
  0 0 -1,0 0 -1,
  0 0 -1,0 0 -1,
  0 0 -1,0 0 -1,
  0 0 -1,0 0 -1,
  0 0 -1,0 0 -1,
  0 0 -1,0 0 -1,
  0 0 -1,0 0 -1,
  0 0 -1,0 0 -1,
  0 0 -1,0 0 -1,
  0 0 -1,0 0 -1,
  0 0 -1,0 0 -1,
  0 0 -1,0 0 -1,
  0 0 -1,0 0 -1,
  0 0 -1,0 0 -1,
  0 0 -1,0 0 -1,
  0 0 -1,0 0 -1,
  0 0 -1,0 0 -1,
  0 0 -1,0 0 -1,
  0 0 -1,0 0 -1,
  0 0 -1,0 0 -1,
  0 0 -1,0 0 -1,
  0 0 -1,0 0 -1,
  0 0 -1,0 0 -1,
  0 0 -1,0 0 -1,
  0 0 -1,0 0 -1,
  0 0 -1,0 0 -1,
  0 0 -1,0 0 -1,
  0 0 -1,0 0 -1,
  0 0 -1,0 0 -1,
  0 0 -1,0 0 -1,
  0 0 -1,0 0 -1,
  0 0 -1,0 0 -1,
  0 0 -1,0 0 -1,
  0 0 -1,0 0 -1,
  0 0 -1,0 0 -1,
  0 0 -1,0 0 -1,
  0 0 -1,0 0 -1,
  0 0 -1,0 0 -1,
  0 0 -1,0 0 -1,
  0 0 -1,0 0 -1,
  0 0 -1,0 0 -1,
  0 0 -1,0 0 -1,
  0 0 -1,0 0 -1,
  0 0 -1,0 0 -1,
  0 0 -1,0 0 -1,
  0 0 -1,0 0 -1] }
}
}
DEF SHAPE_2 Shape {
 appearance USE APP_1
 geometry DEF FACE_2 IndexedFaceSet {
  coord DEF COORD_2 Coordinate { point [
  53.480315 -22.409449 0.31003937,53.480315 -46.425197 0.31003937,
  53.480315 -22.409449 -0.31003937,53.480315 -22.409449 -0.31003937,
  53.480315 -46.425197 0.31003937,53.480315 -46.425197 -0.31003937,
  38.519685 -22.409449 0.31003937,53.480315 -22.409449 0.31003937,
  38.519685 -22.409449 -0.31003937,38.519685 -22.409449 -0.31003937,
  53.480315 -22.409449 0.31003937,53.480315 -22.409449 -0.31003937,
  38.519685 -46.425197 0.31003937,38.519685 -22.409449 0.31003937,
  38.519685 -46.425197 -0.31003937,38.519685 -46.425197 -0.31003937,
  38.519685 -22.409449 0.31003937,38.519685 -22.409449 -0.31003937,
  41.905512 -46.425197 0.31003937,38.519685 -46.425197 0.31003937,
  41.905512 -46.425197 -0.31003937,41.905512 -46.425197 -0.31003937,
  38.519685 -46.425197 0.31003937,38.519685 -46.425197 -0.31003937,
  41.963257 -46.438474 0.31003937,41.905512 -46.425197 0.31003937,
  41.963257 -46.438474 -0.31003937,41.963257 -46.438474 -0.31003937,
  41.905512 -46.425197 0.31003937,41.905512 -46.425197 -0.31003937,
  42.014721 -46.467839 0.31003937,41.963257 -46.438474 0.31003937,
  42.014721 -46.467839 -0.31003937,42.014721 -46.467839 -0.31003937,
  41.963257 -46.438474 0.31003937,41.963257 -46.438474 -0.31003937,
  42.055531 -46.510796 0.31003937,42.014721 -46.467839 0.31003937,
  42.055531 -46.510796 -0.31003937,42.055531 -46.510796 -0.31003937,
  42.014721 -46.467839 0.31003937,42.014721 -46.467839 -0.31003937,
  42.082219 -46.563697 0.31003937,42.055531 -46.510796 0.31003937,
  42.082219 -46.563697 -0.31003937,42.082219 -46.563697 -0.31003937,
  42.055531 -46.510796 0.31003937,42.055531 -46.510796 -0.31003937,
  42.09252 -46.622047 0.31003937,42.082219 -46.563697 0.31003937,
  42.09252 -46.622047 -0.31003937,42.09252 -46.622047 -0.31003937,
  42.082219 -46.563697 0.31003937,42.082219 -46.563697 -0.31003937,
  42.09252 -48 0.31003937,42.09252 -46.622047 0.31003937,
  42.09252 -48 -0.31003937,42.09252 -48 -0.31003937,
  42.09252 -46.622047 0.31003937,42.09252 -46.622047 -0.31003937,
  46.797244 -48 0.31003937,42.09252 -48 0.31003937,
  46.797244 -48 -0.31003937,46.797244 -48 -0.31003937,
  42.09252 -48 0.31003937,42.09252 -48 -0.31003937,
  46.797244 -46.858268 0.31003937,46.797244 -48 0.31003937,
  46.797244 -46.858268 -0.31003937,46.797244 -46.858268 -0.31003937,
  46.797244 -48 0.31003937,46.797244 -48 -0.31003937,
  46.805293 -46.79713 0.31003937,46.797244 -46.858268 0.31003937,
  46.805293 -46.79713 -0.31003937,46.805293 -46.79713 -0.31003937,
  46.797244 -46.858268 0.31003937,46.797244 -46.858268 -0.31003937,
  46.828892 -46.740157 0.31003937,46.805293 -46.79713 0.31003937,
  46.828892 -46.740157 -0.31003937,46.828892 -46.740157 -0.31003937,
  46.805293 -46.79713 0.31003937,46.805293 -46.79713 -0.31003937,
  46.866431 -46.691235 0.31003937,46.828892 -46.740157 0.31003937,
  46.866431 -46.691235 -0.31003937,46.866431 -46.691235 -0.31003937,
  46.828892 -46.740157 0.31003937,46.828892 -46.740157 -0.31003937,
  46.915354 -46.653695 0.31003937,46.866431 -46.691235 0.31003937,
  46.915354 -46.653695 -0.31003937,46.915354 -46.653695 -0.31003937,
  46.866431 -46.691235 0.31003937,46.866431 -46.691235 -0.31003937,
  46.972326 -46.630096 0.31003937,46.915354 -46.653695 0.31003937,
  46.972326 -46.630096 -0.31003937,46.972326 -46.630096 -0.31003937,
  46.915354 -46.653695 0.31003937,46.915354 -46.653695 -0.31003937,
  47.033465 -46.622047 0.31003937,46.972326 -46.630096 0.31003937,
  47.033465 -46.622047 -0.31003937,47.033465 -46.622047 -0.31003937,
  46.972326 -46.630096 0.31003937,46.972326 -46.630096 -0.31003937,
  47.094603 -46.630096 0.31003937,47.033465 -46.622047 0.31003937,
  47.094603 -46.630096 -0.31003937,47.094603 -46.630096 -0.31003937,
  47.033465 -46.622047 0.31003937,47.033465 -46.622047 -0.31003937,
  47.151575 -46.653695 0.31003937,47.094603 -46.630096 0.31003937,
  47.151575 -46.653695 -0.31003937,47.151575 -46.653695 -0.31003937,
  47.094603 -46.630096 0.31003937,47.094603 -46.630096 -0.31003937,
  47.200498 -46.691235 0.31003937,47.151575 -46.653695 0.31003937,
  47.200498 -46.691235 -0.31003937,47.200498 -46.691235 -0.31003937,
  47.151575 -46.653695 0.31003937,47.151575 -46.653695 -0.31003937,
  47.238037 -46.740157 0.31003937,47.200498 -46.691235 0.31003937,
  47.238037 -46.740157 -0.31003937,47.238037 -46.740157 -0.31003937,
  47.200498 -46.691235 0.31003937,47.200498 -46.691235 -0.31003937,
  47.261636 -46.79713 0.31003937,47.238037 -46.740157 0.31003937,
  47.261636 -46.79713 -0.31003937,47.261636 -46.79713 -0.31003937,
  47.238037 -46.740157 0.31003937,47.238037 -46.740157 -0.31003937,
  47.269685 -46.858268 0.31003937,47.261636 -46.79713 0.31003937,
  47.269685 -46.858268 -0.31003937,47.269685 -46.858268 -0.31003937,
  47.261636 -46.79713 0.31003937,47.261636 -46.79713 -0.31003937,
  47.269685 -48 0.31003937,47.269685 -46.858268 0.31003937,
  47.269685 -48 -0.31003937,47.269685 -48 -0.31003937,
  47.269685 -46.858268 0.31003937,47.269685 -46.858268 -0.31003937,
  49.90748 -48 0.31003937,47.269685 -48 0.31003937,
  49.90748 -48 -0.31003937,49.90748 -48 -0.31003937,
  47.269685 -48 0.31003937,47.269685 -48 -0.31003937,
  49.90748 -46.622047 0.31003937,49.90748 -48 0.31003937,
  49.90748 -46.622047 -0.31003937,49.90748 -46.622047 -0.31003937,
  49.90748 -48 0.31003937,49.90748 -48 -0.31003937,
  49.917356 -46.563483 0.31003937,49.90748 -46.622047 0.31003937,
  49.917356 -46.563483 -0.31003937,49.917356 -46.563483 -0.31003937,
  49.90748 -46.622047 0.31003937,49.90748 -46.622047 -0.31003937,
  49.943904 -46.510355 0.31003937,49.917356 -46.563483 0.31003937,
  49.943904 -46.510355 -0.31003937,49.943904 -46.510355 -0.31003937,
  49.917356 -46.563483 0.31003937,49.917356 -46.563483 -0.31003937,
  49.984809 -46.467296 0.31003937,49.943904 -46.510355 0.31003937,
  49.984809 -46.467296 -0.31003937,49.984809 -46.467296 -0.31003937,
  49.943904 -46.510355 0.31003937,49.943904 -46.510355 -0.31003937,
  50.036507 -46.43806 0.31003937,49.984809 -46.467296 0.31003937,
  50.036507 -46.43806 -0.31003937,50.036507 -46.43806 -0.31003937,
  49.984809 -46.467296 0.31003937,49.984809 -46.467296 -0.31003937,
  50.094488 -46.425197 0.31003937,50.036507 -46.43806 0.31003937,
  50.094488 -46.425197 -0.31003937,50.094488 -46.425197 -0.31003937,
  50.036507 -46.43806 0.31003937,50.036507 -46.43806 -0.31003937,
  53.480315 -46.425197 0.31003937,50.094488 -46.425197 0.31003937,
  53.480315 -46.425197 -0.31003937,53.480315 -46.425197 -0.31003937,
  50.094488 -46.425197 0.31003937,50.094488 -46.425197 -0.31003937,
  53.143866 -29.874108 0.31003937,53.148583 -29.850394 0.31003937,
  53.143866 -29.874108 -0.31003937,53.143866 -29.874108 -0.31003937,
  53.148583 -29.850394 0.31003937,53.148583 -29.850394 -0.31003937,
  53.130433 -29.894212 0.31003937,53.143866 -29.874108 0.31003937,
  53.130433 -29.894212 -0.31003937,53.130433 -29.894212 -0.31003937,
  53.143866 -29.874108 0.31003937,53.143866 -29.874108 -0.31003937,
  53.110328 -29.907645 0.31003937,53.130433 -29.894212 0.31003937,
  53.110328 -29.907645 -0.31003937,53.110328 -29.907645 -0.31003937,
  53.130433 -29.894212 0.31003937,53.130433 -29.894212 -0.31003937,
  53.086614 -29.912362 0.31003937,53.110328 -29.907645 0.31003937,
  53.086614 -29.912362 -0.31003937,53.086614 -29.912362 -0.31003937,
  53.110328 -29.907645 0.31003937,53.110328 -29.907645 -0.31003937,
  53.0629 -29.907645 0.31003937,53.086614 -29.912362 0.31003937,
  53.0629 -29.907645 -0.31003937,53.0629 -29.907645 -0.31003937,
  53.086614 -29.912362 0.31003937,53.086614 -29.912362 -0.31003937,
  53.042796 -29.894212 0.31003937,53.0629 -29.907645 0.31003937,
  53.042796 -29.894212 -0.31003937,53.042796 -29.894212 -0.31003937,
  53.0629 -29.907645 0.31003937,53.0629 -29.907645 -0.31003937,
  53.029363 -29.874108 0.31003937,53.042796 -29.894212 0.31003937,
  53.029363 -29.874108 -0.31003937,53.029363 -29.874108 -0.31003937,
  53.042796 -29.894212 0.31003937,53.042796 -29.894212 -0.31003937,
  53.024646 -29.850394 0.31003937,53.029363 -29.874108 0.31003937,
  53.024646 -29.850394 -0.31003937,53.024646 -29.850394 -0.31003937,
  53.029363 -29.874108 0.31003937,53.029363 -29.874108 -0.31003937,
  53.029363 -29.826679 0.31003937,53.024646 -29.850394 0.31003937,
  53.029363 -29.826679 -0.31003937,53.029363 -29.826679 -0.31003937,
  53.024646 -29.850394 0.31003937,53.024646 -29.850394 -0.31003937,
  53.042796 -29.806575 0.31003937,53.029363 -29.826679 0.31003937,
  53.042796 -29.806575 -0.31003937,53.042796 -29.806575 -0.31003937,
  53.029363 -29.826679 0.31003937,53.029363 -29.826679 -0.31003937,
  53.0629 -29.793142 0.31003937,53.042796 -29.806575 0.31003937,
  53.0629 -29.793142 -0.31003937,53.0629 -29.793142 -0.31003937,
  53.042796 -29.806575 0.31003937,53.042796 -29.806575 -0.31003937,
  53.086614 -29.788425 0.31003937,53.0629 -29.793142 0.31003937,
  53.086614 -29.788425 -0.31003937,53.086614 -29.788425 -0.31003937,
  53.0629 -29.793142 0.31003937,53.0629 -29.793142 -0.31003937,
  53.110328 -29.793142 0.31003937,53.086614 -29.788425 0.31003937,
  53.110328 -29.793142 -0.31003937,53.110328 -29.793142 -0.31003937,
  53.086614 -29.788425 0.31003937,53.086614 -29.788425 -0.31003937,
  53.130433 -29.806575 0.31003937,53.110328 -29.793142 0.31003937,
  53.130433 -29.806575 -0.31003937,53.130433 -29.806575 -0.31003937,
  53.110328 -29.793142 0.31003937,53.110328 -29.793142 -0.31003937,
  53.143866 -29.826679 0.31003937,53.130433 -29.806575 0.31003937,
  53.143866 -29.826679 -0.31003937,53.143866 -29.826679 -0.31003937,
  53.130433 -29.806575 0.31003937,53.130433 -29.806575 -0.31003937,
  53.148583 -29.850394 0.31003937,53.143866 -29.826679 0.31003937,
  53.148583 -29.850394 -0.31003937,53.148583 -29.850394 -0.31003937,
  53.143866 -29.826679 0.31003937,53.143866 -29.826679 -0.31003937,
  53.029363 -31.480223 0.31003937,53.024646 -31.503937 0.31003937,
  53.029363 -31.480223 -0.31003937,53.029363 -31.480223 -0.31003937,
  53.024646 -31.503937 0.31003937,53.024646 -31.503937 -0.31003937,
  53.042796 -31.460119 0.31003937,53.029363 -31.480223 0.31003937,
  53.042796 -31.460119 -0.31003937,53.042796 -31.460119 -0.31003937,
  53.029363 -31.480223 0.31003937,53.029363 -31.480223 -0.31003937,
  53.0629 -31.446686 0.31003937,53.042796 -31.460119 0.31003937,
  53.0629 -31.446686 -0.31003937,53.0629 -31.446686 -0.31003937,
  53.042796 -31.460119 0.31003937,53.042796 -31.460119 -0.31003937,
  53.086614 -31.441969 0.31003937,53.0629 -31.446686 0.31003937,
  53.086614 -31.441969 -0.31003937,53.086614 -31.441969 -0.31003937,
  53.0629 -31.446686 0.31003937,53.0629 -31.446686 -0.31003937,
  53.110328 -31.446686 0.31003937,53.086614 -31.441969 0.31003937,
  53.110328 -31.446686 -0.31003937,53.110328 -31.446686 -0.31003937,
  53.086614 -31.441969 0.31003937,53.086614 -31.441969 -0.31003937,
  53.130433 -31.460119 0.31003937,53.110328 -31.446686 0.31003937,
  53.130433 -31.460119 -0.31003937,53.130433 -31.460119 -0.31003937,
  53.110328 -31.446686 0.31003937,53.110328 -31.446686 -0.31003937,
  53.143866 -31.480223 0.31003937,53.130433 -31.460119 0.31003937,
  53.143866 -31.480223 -0.31003937,53.143866 -31.480223 -0.31003937,
  53.130433 -31.460119 0.31003937,53.130433 -31.460119 -0.31003937,
  53.148583 -31.503937 0.31003937,53.143866 -31.480223 0.31003937,
  53.148583 -31.503937 -0.31003937,53.148583 -31.503937 -0.31003937,
  53.143866 -31.480223 0.31003937,53.143866 -31.480223 -0.31003937,
  53.143866 -31.527651 0.31003937,53.148583 -31.503937 0.31003937,
  53.143866 -31.527651 -0.31003937,53.143866 -31.527651 -0.31003937,
  53.148583 -31.503937 0.31003937,53.148583 -31.503937 -0.31003937,
  53.130433 -31.547755 0.31003937,53.143866 -31.527651 0.31003937,
  53.130433 -31.547755 -0.31003937,53.130433 -31.547755 -0.31003937,
  53.143866 -31.527651 0.31003937,53.143866 -31.527651 -0.31003937,
  53.110328 -31.561188 0.31003937,53.130433 -31.547755 0.31003937,
  53.110328 -31.561188 -0.31003937,53.110328 -31.561188 -0.31003937,
  53.130433 -31.547755 0.31003937,53.130433 -31.547755 -0.31003937,
  53.086614 -31.565906 0.31003937,53.110328 -31.561188 0.31003937,
  53.086614 -31.565906 -0.31003937,53.086614 -31.565906 -0.31003937,
  53.110328 -31.561188 0.31003937,53.110328 -31.561188 -0.31003937,
  53.0629 -31.561188 0.31003937,53.086614 -31.565906 0.31003937,
  53.0629 -31.561188 -0.31003937,53.0629 -31.561188 -0.31003937,
  53.086614 -31.565906 0.31003937,53.086614 -31.565906 -0.31003937,
  53.042796 -31.547755 0.31003937,53.0629 -31.561188 0.31003937,
  53.042796 -31.547755 -0.31003937,53.042796 -31.547755 -0.31003937,
  53.0629 -31.561188 0.31003937,53.0629 -31.561188 -0.31003937,
  53.029363 -31.527651 0.31003937,53.042796 -31.547755 0.31003937,
  53.029363 -31.527651 -0.31003937,53.029363 -31.527651 -0.31003937,
  53.042796 -31.547755 0.31003937,53.042796 -31.547755 -0.31003937,
  53.024646 -31.503937 0.31003937,53.029363 -31.527651 0.31003937,
  53.024646 -31.503937 -0.31003937,53.024646 -31.503937 -0.31003937,
  53.029363 -31.527651 0.31003937,53.029363 -31.527651 -0.31003937,
  52.632055 -30.70088 0.31003937,52.636772 -30.677165 0.31003937,
  52.632055 -30.70088 -0.31003937,52.632055 -30.70088 -0.31003937,
  52.636772 -30.677165 0.31003937,52.636772 -30.677165 -0.31003937,
  52.618621 -30.720984 0.31003937,52.632055 -30.70088 0.31003937,
  52.618621 -30.720984 -0.31003937,52.618621 -30.720984 -0.31003937,
  52.632055 -30.70088 0.31003937,52.632055 -30.70088 -0.31003937,
  52.598517 -30.734417 0.31003937,52.618621 -30.720984 0.31003937,
  52.598517 -30.734417 -0.31003937,52.598517 -30.734417 -0.31003937,
  52.618621 -30.720984 0.31003937,52.618621 -30.720984 -0.31003937,
  52.574803 -30.739134 0.31003937,52.598517 -30.734417 0.31003937,
  52.574803 -30.739134 -0.31003937,52.574803 -30.739134 -0.31003937,
  52.598517 -30.734417 0.31003937,52.598517 -30.734417 -0.31003937,
  52.551089 -30.734417 0.31003937,52.574803 -30.739134 0.31003937,
  52.551089 -30.734417 -0.31003937,52.551089 -30.734417 -0.31003937,
  52.574803 -30.739134 0.31003937,52.574803 -30.739134 -0.31003937,
  52.530985 -30.720984 0.31003937,52.551089 -30.734417 0.31003937,
  52.530985 -30.720984 -0.31003937,52.530985 -30.720984 -0.31003937,
  52.551089 -30.734417 0.31003937,52.551089 -30.734417 -0.31003937,
  52.517552 -30.70088 0.31003937,52.530985 -30.720984 0.31003937,
  52.517552 -30.70088 -0.31003937,52.517552 -30.70088 -0.31003937,
  52.530985 -30.720984 0.31003937,52.530985 -30.720984 -0.31003937,
  52.512835 -30.677165 0.31003937,52.517552 -30.70088 0.31003937,
  52.512835 -30.677165 -0.31003937,52.512835 -30.677165 -0.31003937,
  52.517552 -30.70088 0.31003937,52.517552 -30.70088 -0.31003937,
  52.517552 -30.653451 0.31003937,52.512835 -30.677165 0.31003937,
  52.517552 -30.653451 -0.31003937,52.517552 -30.653451 -0.31003937,
  52.512835 -30.677165 0.31003937,52.512835 -30.677165 -0.31003937,
  52.530985 -30.633347 0.31003937,52.517552 -30.653451 0.31003937,
  52.530985 -30.633347 -0.31003937,52.530985 -30.633347 -0.31003937,
  52.517552 -30.653451 0.31003937,52.517552 -30.653451 -0.31003937,
  52.551089 -30.619914 0.31003937,52.530985 -30.633347 0.31003937,
  52.551089 -30.619914 -0.31003937,52.551089 -30.619914 -0.31003937,
  52.530985 -30.633347 0.31003937,52.530985 -30.633347 -0.31003937,
  52.574803 -30.615197 0.31003937,52.551089 -30.619914 0.31003937,
  52.574803 -30.615197 -0.31003937,52.574803 -30.615197 -0.31003937,
  52.551089 -30.619914 0.31003937,52.551089 -30.619914 -0.31003937,
  52.598517 -30.619914 0.31003937,52.574803 -30.615197 0.31003937,
  52.598517 -30.619914 -0.31003937,52.598517 -30.619914 -0.31003937,
  52.574803 -30.615197 0.31003937,52.574803 -30.615197 -0.31003937,
  52.618621 -30.633347 0.31003937,52.598517 -30.619914 0.31003937,
  52.618621 -30.633347 -0.31003937,52.618621 -30.633347 -0.31003937,
  52.598517 -30.619914 0.31003937,52.598517 -30.619914 -0.31003937,
  52.632055 -30.653451 0.31003937,52.618621 -30.633347 0.31003937,
  52.632055 -30.653451 -0.31003937,52.632055 -30.653451 -0.31003937,
  52.618621 -30.633347 0.31003937,52.618621 -30.633347 -0.31003937,
  52.636772 -30.677165 0.31003937,52.632055 -30.653451 0.31003937,
  52.636772 -30.677165 -0.31003937,52.636772 -30.677165 -0.31003937,
  52.632055 -30.653451 0.31003937,52.632055 -30.653451 -0.31003937,
  39.367945 -30.653451 0.31003937,39.363228 -30.677165 0.31003937,
  39.367945 -30.653451 -0.31003937,39.367945 -30.653451 -0.31003937,
  39.363228 -30.677165 0.31003937,39.363228 -30.677165 -0.31003937,
  39.381379 -30.633347 0.31003937,39.367945 -30.653451 0.31003937,
  39.381379 -30.633347 -0.31003937,39.381379 -30.633347 -0.31003937,
  39.367945 -30.653451 0.31003937,39.367945 -30.653451 -0.31003937,
  39.401483 -30.619914 0.31003937,39.381379 -30.633347 0.31003937,
  39.401483 -30.619914 -0.31003937,39.401483 -30.619914 -0.31003937,
  39.381379 -30.633347 0.31003937,39.381379 -30.633347 -0.31003937,
  39.425197 -30.615197 0.31003937,39.401483 -30.619914 0.31003937,
  39.425197 -30.615197 -0.31003937,39.425197 -30.615197 -0.31003937,
  39.401483 -30.619914 0.31003937,39.401483 -30.619914 -0.31003937,
  39.448911 -30.619914 0.31003937,39.425197 -30.615197 0.31003937,
  39.448911 -30.619914 -0.31003937,39.448911 -30.619914 -0.31003937,
  39.425197 -30.615197 0.31003937,39.425197 -30.615197 -0.31003937,
  39.469015 -30.633347 0.31003937,39.448911 -30.619914 0.31003937,
  39.469015 -30.633347 -0.31003937,39.469015 -30.633347 -0.31003937,
  39.448911 -30.619914 0.31003937,39.448911 -30.619914 -0.31003937,
  39.482448 -30.653451 0.31003937,39.469015 -30.633347 0.31003937,
  39.482448 -30.653451 -0.31003937,39.482448 -30.653451 -0.31003937,
  39.469015 -30.633347 0.31003937,39.469015 -30.633347 -0.31003937,
  39.487165 -30.677165 0.31003937,39.482448 -30.653451 0.31003937,
  39.487165 -30.677165 -0.31003937,39.487165 -30.677165 -0.31003937,
  39.482448 -30.653451 0.31003937,39.482448 -30.653451 -0.31003937,
  39.482448 -30.70088 0.31003937,39.487165 -30.677165 0.31003937,
  39.482448 -30.70088 -0.31003937,39.482448 -30.70088 -0.31003937,
  39.487165 -30.677165 0.31003937,39.487165 -30.677165 -0.31003937,
  39.469015 -30.720984 0.31003937,39.482448 -30.70088 0.31003937,
  39.469015 -30.720984 -0.31003937,39.469015 -30.720984 -0.31003937,
  39.482448 -30.70088 0.31003937,39.482448 -30.70088 -0.31003937,
  39.448911 -30.734417 0.31003937,39.469015 -30.720984 0.31003937,
  39.448911 -30.734417 -0.31003937,39.448911 -30.734417 -0.31003937,
  39.469015 -30.720984 0.31003937,39.469015 -30.720984 -0.31003937,
  39.425197 -30.739134 0.31003937,39.448911 -30.734417 0.31003937,
  39.425197 -30.739134 -0.31003937,39.425197 -30.739134 -0.31003937,
  39.448911 -30.734417 0.31003937,39.448911 -30.734417 -0.31003937,
  39.401483 -30.734417 0.31003937,39.425197 -30.739134 0.31003937,
  39.401483 -30.734417 -0.31003937,39.401483 -30.734417 -0.31003937,
  39.425197 -30.739134 0.31003937,39.425197 -30.739134 -0.31003937,
  39.381379 -30.720984 0.31003937,39.401483 -30.734417 0.31003937,
  39.381379 -30.720984 -0.31003937,39.381379 -30.720984 -0.31003937,
  39.401483 -30.734417 0.31003937,39.401483 -30.734417 -0.31003937,
  39.367945 -30.70088 0.31003937,39.381379 -30.720984 0.31003937,
  39.367945 -30.70088 -0.31003937,39.367945 -30.70088 -0.31003937,
  39.381379 -30.720984 0.31003937,39.381379 -30.720984 -0.31003937,
  39.363228 -30.677165 0.31003937,39.367945 -30.70088 0.31003937,
  39.363228 -30.677165 -0.31003937,39.363228 -30.677165 -0.31003937,
  39.367945 -30.70088 0.31003937,39.367945 -30.70088 -0.31003937,
  38.970637 -29.874108 0.31003937,38.975354 -29.850394 0.31003937,
  38.970637 -29.874108 -0.31003937,38.970637 -29.874108 -0.31003937,
  38.975354 -29.850394 0.31003937,38.975354 -29.850394 -0.31003937,
  38.957204 -29.894212 0.31003937,38.970637 -29.874108 0.31003937,
  38.957204 -29.894212 -0.31003937,38.957204 -29.894212 -0.31003937,
  38.970637 -29.874108 0.31003937,38.970637 -29.874108 -0.31003937,
  38.9371 -29.907645 0.31003937,38.957204 -29.894212 0.31003937,
  38.9371 -29.907645 -0.31003937,38.9371 -29.907645 -0.31003937,
  38.957204 -29.894212 0.31003937,38.957204 -29.894212 -0.31003937,
  38.913386 -29.912362 0.31003937,38.9371 -29.907645 0.31003937,
  38.913386 -29.912362 -0.31003937,38.913386 -29.912362 -0.31003937,
  38.9371 -29.907645 0.31003937,38.9371 -29.907645 -0.31003937,
  38.889672 -29.907645 0.31003937,38.913386 -29.912362 0.31003937,
  38.889672 -29.907645 -0.31003937,38.889672 -29.907645 -0.31003937,
  38.913386 -29.912362 0.31003937,38.913386 -29.912362 -0.31003937,
  38.869567 -29.894212 0.31003937,38.889672 -29.907645 0.31003937,
  38.869567 -29.894212 -0.31003937,38.869567 -29.894212 -0.31003937,
  38.889672 -29.907645 0.31003937,38.889672 -29.907645 -0.31003937,
  38.856134 -29.874108 0.31003937,38.869567 -29.894212 0.31003937,
  38.856134 -29.874108 -0.31003937,38.856134 -29.874108 -0.31003937,
  38.869567 -29.894212 0.31003937,38.869567 -29.894212 -0.31003937,
  38.851417 -29.850394 0.31003937,38.856134 -29.874108 0.31003937,
  38.851417 -29.850394 -0.31003937,38.851417 -29.850394 -0.31003937,
  38.856134 -29.874108 0.31003937,38.856134 -29.874108 -0.31003937,
  38.856134 -29.826679 0.31003937,38.851417 -29.850394 0.31003937,
  38.856134 -29.826679 -0.31003937,38.856134 -29.826679 -0.31003937,
  38.851417 -29.850394 0.31003937,38.851417 -29.850394 -0.31003937,
  38.869567 -29.806575 0.31003937,38.856134 -29.826679 0.31003937,
  38.869567 -29.806575 -0.31003937,38.869567 -29.806575 -0.31003937,
  38.856134 -29.826679 0.31003937,38.856134 -29.826679 -0.31003937,
  38.889672 -29.793142 0.31003937,38.869567 -29.806575 0.31003937,
  38.889672 -29.793142 -0.31003937,38.889672 -29.793142 -0.31003937,
  38.869567 -29.806575 0.31003937,38.869567 -29.806575 -0.31003937,
  38.913386 -29.788425 0.31003937,38.889672 -29.793142 0.31003937,
  38.913386 -29.788425 -0.31003937,38.913386 -29.788425 -0.31003937,
  38.889672 -29.793142 0.31003937,38.889672 -29.793142 -0.31003937,
  38.9371 -29.793142 0.31003937,38.913386 -29.788425 0.31003937,
  38.9371 -29.793142 -0.31003937,38.9371 -29.793142 -0.31003937,
  38.913386 -29.788425 0.31003937,38.913386 -29.788425 -0.31003937,
  38.957204 -29.806575 0.31003937,38.9371 -29.793142 0.31003937,
  38.957204 -29.806575 -0.31003937,38.957204 -29.806575 -0.31003937,
  38.9371 -29.793142 0.31003937,38.9371 -29.793142 -0.31003937,
  38.970637 -29.826679 0.31003937,38.957204 -29.806575 0.31003937,
  38.970637 -29.826679 -0.31003937,38.970637 -29.826679 -0.31003937,
  38.957204 -29.806575 0.31003937,38.957204 -29.806575 -0.31003937,
  38.975354 -29.850394 0.31003937,38.970637 -29.826679 0.31003937,
  38.975354 -29.850394 -0.31003937,38.975354 -29.850394 -0.31003937,
  38.970637 -29.826679 0.31003937,38.970637 -29.826679 -0.31003937,
  38.856134 -31.480223 0.31003937,38.851417 -31.503937 0.31003937,
  38.856134 -31.480223 -0.31003937,38.856134 -31.480223 -0.31003937,
  38.851417 -31.503937 0.31003937,38.851417 -31.503937 -0.31003937,
  38.869567 -31.460119 0.31003937,38.856134 -31.480223 0.31003937,
  38.869567 -31.460119 -0.31003937,38.869567 -31.460119 -0.31003937,
  38.856134 -31.480223 0.31003937,38.856134 -31.480223 -0.31003937,
  38.889672 -31.446686 0.31003937,38.869567 -31.460119 0.31003937,
  38.889672 -31.446686 -0.31003937,38.889672 -31.446686 -0.31003937,
  38.869567 -31.460119 0.31003937,38.869567 -31.460119 -0.31003937,
  38.913386 -31.441969 0.31003937,38.889672 -31.446686 0.31003937,
  38.913386 -31.441969 -0.31003937,38.913386 -31.441969 -0.31003937,
  38.889672 -31.446686 0.31003937,38.889672 -31.446686 -0.31003937,
  38.9371 -31.446686 0.31003937,38.913386 -31.441969 0.31003937,
  38.9371 -31.446686 -0.31003937,38.9371 -31.446686 -0.31003937,
  38.913386 -31.441969 0.31003937,38.913386 -31.441969 -0.31003937,
  38.957204 -31.460119 0.31003937,38.9371 -31.446686 0.31003937,
  38.957204 -31.460119 -0.31003937,38.957204 -31.460119 -0.31003937,
  38.9371 -31.446686 0.31003937,38.9371 -31.446686 -0.31003937,
  38.970637 -31.480223 0.31003937,38.957204 -31.460119 0.31003937,
  38.970637 -31.480223 -0.31003937,38.970637 -31.480223 -0.31003937,
  38.957204 -31.460119 0.31003937,38.957204 -31.460119 -0.31003937,
  38.975354 -31.503937 0.31003937,38.970637 -31.480223 0.31003937,
  38.975354 -31.503937 -0.31003937,38.975354 -31.503937 -0.31003937,
  38.970637 -31.480223 0.31003937,38.970637 -31.480223 -0.31003937,
  38.970637 -31.527651 0.31003937,38.975354 -31.503937 0.31003937,
  38.970637 -31.527651 -0.31003937,38.970637 -31.527651 -0.31003937,
  38.975354 -31.503937 0.31003937,38.975354 -31.503937 -0.31003937,
  38.957204 -31.547755 0.31003937,38.970637 -31.527651 0.31003937,
  38.957204 -31.547755 -0.31003937,38.957204 -31.547755 -0.31003937,
  38.970637 -31.527651 0.31003937,38.970637 -31.527651 -0.31003937,
  38.9371 -31.561188 0.31003937,38.957204 -31.547755 0.31003937,
  38.9371 -31.561188 -0.31003937,38.9371 -31.561188 -0.31003937,
  38.957204 -31.547755 0.31003937,38.957204 -31.547755 -0.31003937,
  38.913386 -31.565906 0.31003937,38.9371 -31.561188 0.31003937,
  38.913386 -31.565906 -0.31003937,38.913386 -31.565906 -0.31003937,
  38.9371 -31.561188 0.31003937,38.9371 -31.561188 -0.31003937,
  38.889672 -31.561188 0.31003937,38.913386 -31.565906 0.31003937,
  38.889672 -31.561188 -0.31003937,38.889672 -31.561188 -0.31003937,
  38.913386 -31.565906 0.31003937,38.913386 -31.565906 -0.31003937,
  38.869567 -31.547755 0.31003937,38.889672 -31.561188 0.31003937,
  38.869567 -31.547755 -0.31003937,38.869567 -31.547755 -0.31003937,
  38.889672 -31.561188 0.31003937,38.889672 -31.561188 -0.31003937,
  38.856134 -31.527651 0.31003937,38.869567 -31.547755 0.31003937,
  38.856134 -31.527651 -0.31003937,38.856134 -31.527651 -0.31003937,
  38.869567 -31.547755 0.31003937,38.869567 -31.547755 -0.31003937,
  38.851417 -31.503937 0.31003937,38.856134 -31.527651 0.31003937,
  38.851417 -31.503937 -0.31003937,38.851417 -31.503937 -0.31003937,
  38.856134 -31.527651 0.31003937,38.856134 -31.527651 -0.31003937] }
 coordIndex [
  0,1,2,-1,3,4,5,-1,6,7,8,-1,9,10,11,-1,12,13,14,-1,15,16,17,-1,18,19,20,-1,21,22,23,-1,
  24,25,26,-1,27,28,29,-1,30,31,32,-1,33,34,35,-1,36,37,38,-1,39,40,41,-1,42,43,44,-1,45,46,47,-1,
  48,49,50,-1,51,52,53,-1,54,55,56,-1,57,58,59,-1,60,61,62,-1,63,64,65,-1,66,67,68,-1,69,70,71,-1,
  72,73,74,-1,75,76,77,-1,78,79,80,-1,81,82,83,-1,84,85,86,-1,87,88,89,-1,90,91,92,-1,93,94,95,-1,
  96,97,98,-1,99,100,101,-1,102,103,104,-1,105,106,107,-1,108,109,110,-1,111,112,113,-1,114,115,116,-1,117,118,119,-1,
  120,121,122,-1,123,124,125,-1,126,127,128,-1,129,130,131,-1,132,133,134,-1,135,136,137,-1,138,139,140,-1,141,142,143,-1,
  144,145,146,-1,147,148,149,-1,150,151,152,-1,153,154,155,-1,156,157,158,-1,159,160,161,-1,162,163,164,-1,165,166,167,-1,
  168,169,170,-1,171,172,173,-1,174,175,176,-1,177,178,179,-1,180,181,182,-1,183,184,185,-1,186,187,188,-1,189,190,191,-1,
  192,193,194,-1,195,196,197,-1,198,199,200,-1,201,202,203,-1,204,205,206,-1,207,208,209,-1,210,211,212,-1,213,214,215,-1,
  216,217,218,-1,219,220,221,-1,222,223,224,-1,225,226,227,-1,228,229,230,-1,231,232,233,-1,234,235,236,-1,237,238,239,-1,
  240,241,242,-1,243,244,245,-1,246,247,248,-1,249,250,251,-1,252,253,254,-1,255,256,257,-1,258,259,260,-1,261,262,263,-1,
  264,265,266,-1,267,268,269,-1,270,271,272,-1,273,274,275,-1,276,277,278,-1,279,280,281,-1,282,283,284,-1,285,286,287,-1,
  288,289,290,-1,291,292,293,-1,294,295,296,-1,297,298,299,-1,300,301,302,-1,303,304,305,-1,306,307,308,-1,309,310,311,-1,
  312,313,314,-1,315,316,317,-1,318,319,320,-1,321,322,323,-1,324,325,326,-1,327,328,329,-1,330,331,332,-1,333,334,335,-1,
  336,337,338,-1,339,340,341,-1,342,343,344,-1,345,346,347,-1,348,349,350,-1,351,352,353,-1,354,355,356,-1,357,358,359,-1,
  360,361,362,-1,363,364,365,-1,366,367,368,-1,369,370,371,-1,372,373,374,-1,375,376,377,-1,378,379,380,-1,381,382,383,-1,
  384,385,386,-1,387,388,389,-1,390,391,392,-1,393,394,395,-1,396,397,398,-1,399,400,401,-1,402,403,404,-1,405,406,407,-1,
  408,409,410,-1,411,412,413,-1,414,415,416,-1,417,418,419,-1,420,421,422,-1,423,424,425,-1,426,427,428,-1,429,430,431,-1,
  432,433,434,-1,435,436,437,-1,438,439,440,-1,441,442,443,-1,444,445,446,-1,447,448,449,-1,450,451,452,-1,453,454,455,-1,
  456,457,458,-1,459,460,461,-1,462,463,464,-1,465,466,467,-1,468,469,470,-1,471,472,473,-1,474,475,476,-1,477,478,479,-1,
  480,481,482,-1,483,484,485,-1,486,487,488,-1,489,490,491,-1,492,493,494,-1,495,496,497,-1,498,499,500,-1,501,502,503,-1,
  504,505,506,-1,507,508,509,-1,510,511,512,-1,513,514,515,-1,516,517,518,-1,519,520,521,-1,522,523,524,-1,525,526,527,-1,
  528,529,530,-1,531,532,533,-1,534,535,536,-1,537,538,539,-1,540,541,542,-1,543,544,545,-1,546,547,548,-1,549,550,551,-1,
  552,553,554,-1,555,556,557,-1,558,559,560,-1,561,562,563,-1,564,565,566,-1,567,568,569,-1,570,571,572,-1,573,574,575,-1,
  576,577,578,-1,579,580,581,-1,582,583,584,-1,585,586,587,-1,588,589,590,-1,591,592,593,-1,594,595,596,-1,597,598,599,-1,
  600,601,602,-1,603,604,605,-1,606,607,608,-1,609,610,611,-1,612,613,614,-1,615,616,617,-1,618,619,620,-1,621,622,623,-1,
  624,625,626,-1,627,628,629,-1,630,631,632,-1,633,634,635,-1,636,637,638,-1,639,640,641,-1,642,643,644,-1,645,646,647,-1,
  648,649,650,-1,651,652,653,-1,654,655,656,-1,657,658,659,-1,660,661,662,-1,663,664,665,-1,666,667,668,-1,669,670,671,-1,
  672,673,674,-1,675,676,677,-1,678,679,680,-1,681,682,683,-1,684,685,686,-1,687,688,689,-1,690,691,692,-1,693,694,695,-1,
  696,697,698,-1,699,700,701,-1,702,703,704,-1,705,706,707,-1,708,709,710,-1,711,712,713,-1,714,715,716,-1,717,718,719,-1,
  720,721,722,-1,723,724,725,-1,726,727,728,-1,729,730,731,-1,732,733,734,-1,735,736,737,-1,738,739,740,-1,741,742,743,-1,
  744,745,746,-1,747,748,749,-1,750,751,752,-1,753,754,755,-1,756,757,758,-1,759,760,761,-1,762,763,764,-1,765,766,767,-1,
  768,769,770,-1,771,772,773,-1]
  normalPerVertex TRUE
  normal DEF NORM_2 Normal { vector [
  1 0 0,1 0 0,
  1 0 0,1 0 0,
  1 0 0,1 0 0,
  0 1 0,0 1 0,
  0 1 0,0 1 0,
  0 1 0,0 1 0,
  -1 0 0,-1 0 0,
  -1 0 0,-1 0 0,
  -1 0 0,-1 0 0,
  0 -1 0,0 -1 0,
  0 -1 0,0 -1 0,
  0 -1 0,0 -1 0,
  -0.2240796 -0.97457085 0,-0.2240796 -0.97457085 0,
  -0.2240796 -0.97457085 0,-0.2240796 -0.97457085 0,
  -0.2240796 -0.97457085 0,-0.2240796 -0.97457085 0,
  -0.49559287 -0.86855496 0,-0.49559287 -0.86855496 0,
  -0.49559287 -0.86855496 0,-0.49559287 -0.86855496 0,
  -0.49559287 -0.86855496 0,-0.49559287 -0.86855496 0,
  -0.72499744 -0.68875156 0,-0.72499744 -0.68875156 0,
  -0.72499744 -0.68875156 0,-0.72499744 -0.68875156 0,
  -0.72499744 -0.68875156 0,-0.72499744 -0.68875156 0,
  -0.89281343 -0.45042666 0,-0.89281343 -0.45042666 0,
  -0.89281343 -0.45042666 0,-0.89281343 -0.45042666 0,
  -0.89281343 -0.45042666 0,-0.89281343 -0.45042666 0,
  -0.98477393 -0.17383992 0,-0.98477393 -0.17383992 0,
  -0.98477393 -0.17383992 0,-0.98477393 -0.17383992 0,
  -0.98477393 -0.17383992 0,-0.98477393 -0.17383992 0,
  -1 0 0,-1 0 0,
  -1 0 0,-1 0 0,
  -1 0 0,-1 0 0,
  0 -1 0,0 -1 0,
  0 -1 0,0 -1 0,
  0 -1 0,0 -1 0,
  1 0 0,1 0 0,
  1 0 0,1 0 0,
  1 0 0,1 0 0,
  0.99144441 -0.13052966 0,0.99144441 -0.13052966 0,
  0.99144441 -0.13052966 0,0.99144441 -0.13052966 0,
  0.99144441 -0.13052966 0,0.99144441 -0.13052966 0,
  0.9238805 -0.38268109 0,0.9238805 -0.38268109 0,
  0.9238805 -0.38268109 0,0.9238805 -0.38268109 0,
  0.9238805 -0.38268109 0,0.9238805 -0.38268109 0,
  0.79335371 -0.60876094 0,0.79335371 -0.60876094 0,
  0.79335371 -0.60876094 0,0.79335371 -0.60876094 0,
  0.79335371 -0.60876094 0,0.79335371 -0.60876094 0,
  0.60876094 -0.79335371 0,0.60876094 -0.79335371 0,
  0.60876094 -0.79335371 0,0.60876094 -0.79335371 0,
  0.60876094 -0.79335371 0,0.60876094 -0.79335371 0,
  0.38268109 -0.9238805 0,0.38268109 -0.9238805 0,
  0.38268109 -0.9238805 0,0.38268109 -0.9238805 0,
  0.38268109 -0.9238805 0,0.38268109 -0.9238805 0,
  0.13052966 -0.99144441 0,0.13052966 -0.99144441 0,
  0.13052966 -0.99144441 0,0.13052966 -0.99144441 0,
  0.13052966 -0.99144441 0,0.13052966 -0.99144441 0,
  -0.13052966 -0.99144441 0,-0.13052966 -0.99144441 0,
  -0.13052966 -0.99144441 0,-0.13052966 -0.99144441 0,
  -0.13052966 -0.99144441 0,-0.13052966 -0.99144441 0,
  -0.38268109 -0.9238805 0,-0.38268109 -0.9238805 0,
  -0.38268109 -0.9238805 0,-0.38268109 -0.9238805 0,
  -0.38268109 -0.9238805 0,-0.38268109 -0.9238805 0,
  -0.60876094 -0.79335371 0,-0.60876094 -0.79335371 0,
  -0.60876094 -0.79335371 0,-0.60876094 -0.79335371 0,
  -0.60876094 -0.79335371 0,-0.60876094 -0.79335371 0,
  -0.79335371 -0.60876094 0,-0.79335371 -0.60876094 0,
  -0.79335371 -0.60876094 0,-0.79335371 -0.60876094 0,
  -0.79335371 -0.60876094 0,-0.79335371 -0.60876094 0,
  -0.9238805 -0.38268109 0,-0.9238805 -0.38268109 0,
  -0.9238805 -0.38268109 0,-0.9238805 -0.38268109 0,
  -0.9238805 -0.38268109 0,-0.9238805 -0.38268109 0,
  -0.99144441 -0.13052966 0,-0.99144441 -0.13052966 0,
  -0.99144441 -0.13052966 0,-0.99144441 -0.13052966 0,
  -0.99144441 -0.13052966 0,-0.99144441 -0.13052966 0,
  -1 0 0,-1 0 0,
  -1 0 0,-1 0 0,
  -1 0 0,-1 0 0,
  0 -1 0,0 -1 0,
  0 -1 0,0 -1 0,
  0 -1 0,0 -1 0,
  1 0 0,1 0 0,
  1 0 0,1 0 0,
  1 0 0,1 0 0,
  0.98607969 -0.16627342 0,0.98607969 -0.16627342 0,
  0.98607969 -0.16627342 0,0.98607969 -0.16627342 0,
  0.98607969 -0.16627342 0,0.98607969 -0.16627342 0,
  0.89453455 -0.44699881 0,0.89453455 -0.44699881 0,
  0.89453455 -0.44699881 0,0.89453455 -0.44699881 0,
  0.89453455 -0.44699881 0,0.89453455 -0.44699881 0,
  0.72500125 -0.68874755 0,0.72500125 -0.68874755 0,
  0.72500125 -0.68874755 0,0.72500125 -0.68874755 0,
  0.72500125 -0.68874755 0,0.72500125 -0.68874755 0,
  0.49225405 -0.87045158 0,0.49225405 -0.87045158 0,
  0.49225405 -0.87045158 0,0.49225405 -0.87045158 0,
  0.49225405 -0.87045158 0,0.49225405 -0.87045158 0,
  0.21658722 -0.97626327 0,0.21658722 -0.97626327 0,
  0.21658722 -0.97626327 0,0.21658722 -0.97626327 0,
  0.21658722 -0.97626327 0,0.21658722 -0.97626327 0,
  0 -1 0,0 -1 0,
  0 -1 0,0 -1 0,
  0 -1 0,0 -1 0,
  -0.98078528 0.19509032 0,-0.98078528 0.19509032 0,
  -0.98078528 0.19509032 0,-0.98078528 0.19509032 0,
  -0.98078528 0.19509032 0,-0.98078528 0.19509032 0,
  -0.83146961 0.55557023 0,-0.83146961 0.55557023 0,
  -0.83146961 0.55557023 0,-0.83146961 0.55557023 0,
  -0.83146961 0.55557023 0,-0.83146961 0.55557023 0,
  -0.55557023 0.83146961 0,-0.55557023 0.83146961 0,
  -0.55557023 0.83146961 0,-0.55557023 0.83146961 0,
  -0.55557023 0.83146961 0,-0.55557023 0.83146961 0,
  -0.19509032 0.98078528 0,-0.19509032 0.98078528 0,
  -0.19509032 0.98078528 0,-0.19509032 0.98078528 0,
  -0.19509032 0.98078528 0,-0.19509032 0.98078528 0,
  0.19509032 0.98078528 0,0.19509032 0.98078528 0,
  0.19509032 0.98078528 0,0.19509032 0.98078528 0,
  0.19509032 0.98078528 0,0.19509032 0.98078528 0,
  0.55557023 0.83146961 0,0.55557023 0.83146961 0,
  0.55557023 0.83146961 0,0.55557023 0.83146961 0,
  0.55557023 0.83146961 0,0.55557023 0.83146961 0,
  0.83146961 0.55557023 0,0.83146961 0.55557023 0,
  0.83146961 0.55557023 0,0.83146961 0.55557023 0,
  0.83146961 0.55557023 0,0.83146961 0.55557023 0,
  0.98078528 0.19509032 0,0.98078528 0.19509032 0,
  0.98078528 0.19509032 0,0.98078528 0.19509032 0,
  0.98078528 0.19509032 0,0.98078528 0.19509032 0,
  0.98078528 -0.19509032 0,0.98078528 -0.19509032 0,
  0.98078528 -0.19509032 0,0.98078528 -0.19509032 0,
  0.98078528 -0.19509032 0,0.98078528 -0.19509032 0,
  0.83146961 -0.55557023 0,0.83146961 -0.55557023 0,
  0.83146961 -0.55557023 0,0.83146961 -0.55557023 0,
  0.83146961 -0.55557023 0,0.83146961 -0.55557023 0,
  0.55557023 -0.83146961 0,0.55557023 -0.83146961 0,
  0.55557023 -0.83146961 0,0.55557023 -0.83146961 0,
  0.55557023 -0.83146961 0,0.55557023 -0.83146961 0,
  0.19509032 -0.98078528 0,0.19509032 -0.98078528 0,
  0.19509032 -0.98078528 0,0.19509032 -0.98078528 0,
  0.19509032 -0.98078528 0,0.19509032 -0.98078528 0,
  -0.19509032 -0.98078528 0,-0.19509032 -0.98078528 0,
  -0.19509032 -0.98078528 0,-0.19509032 -0.98078528 0,
  -0.19509032 -0.98078528 0,-0.19509032 -0.98078528 0,
  -0.55557023 -0.83146961 0,-0.55557023 -0.83146961 0,
  -0.55557023 -0.83146961 0,-0.55557023 -0.83146961 0,
  -0.55557023 -0.83146961 0,-0.55557023 -0.83146961 0,
  -0.83146961 -0.55557023 0,-0.83146961 -0.55557023 0,
  -0.83146961 -0.55557023 0,-0.83146961 -0.55557023 0,
  -0.83146961 -0.55557023 0,-0.83146961 -0.55557023 0,
  -0.98078528 -0.19509032 0,-0.98078528 -0.19509032 0,
  -0.98078528 -0.19509032 0,-0.98078528 -0.19509032 0,
  -0.98078528 -0.19509032 0,-0.98078528 -0.19509032 0,
  0.98078528 -0.19509032 0,0.98078528 -0.19509032 0,
  0.98078528 -0.19509032 0,0.98078528 -0.19509032 0,
  0.98078528 -0.19509032 0,0.98078528 -0.19509032 0,
  0.83146961 -0.55557023 0,0.83146961 -0.55557023 0,
  0.83146961 -0.55557023 0,0.83146961 -0.55557023 0,
  0.83146961 -0.55557023 0,0.83146961 -0.55557023 0,
  0.55557023 -0.83146961 0,0.55557023 -0.83146961 0,
  0.55557023 -0.83146961 0,0.55557023 -0.83146961 0,
  0.55557023 -0.83146961 0,0.55557023 -0.83146961 0,
  0.19509032 -0.98078528 0,0.19509032 -0.98078528 0,
  0.19509032 -0.98078528 0,0.19509032 -0.98078528 0,
  0.19509032 -0.98078528 0,0.19509032 -0.98078528 0,
  -0.19509032 -0.98078528 0,-0.19509032 -0.98078528 0,
  -0.19509032 -0.98078528 0,-0.19509032 -0.98078528 0,
  -0.19509032 -0.98078528 0,-0.19509032 -0.98078528 0,
  -0.55557023 -0.83146961 0,-0.55557023 -0.83146961 0,
  -0.55557023 -0.83146961 0,-0.55557023 -0.83146961 0,
  -0.55557023 -0.83146961 0,-0.55557023 -0.83146961 0,
  -0.83146961 -0.55557023 0,-0.83146961 -0.55557023 0,
  -0.83146961 -0.55557023 0,-0.83146961 -0.55557023 0,
  -0.83146961 -0.55557023 0,-0.83146961 -0.55557023 0,
  -0.98078528 -0.19509032 0,-0.98078528 -0.19509032 0,
  -0.98078528 -0.19509032 0,-0.98078528 -0.19509032 0,
  -0.98078528 -0.19509032 0,-0.98078528 -0.19509032 0,
  -0.98078528 0.19509032 0,-0.98078528 0.19509032 0,
  -0.98078528 0.19509032 0,-0.98078528 0.19509032 0,
  -0.98078528 0.19509032 0,-0.98078528 0.19509032 0,
  -0.83146961 0.55557023 0,-0.83146961 0.55557023 0,
  -0.83146961 0.55557023 0,-0.83146961 0.55557023 0,
  -0.83146961 0.55557023 0,-0.83146961 0.55557023 0,
  -0.55557023 0.83146961 0,-0.55557023 0.83146961 0,
  -0.55557023 0.83146961 0,-0.55557023 0.83146961 0,
  -0.55557023 0.83146961 0,-0.55557023 0.83146961 0,
  -0.19509032 0.98078528 0,-0.19509032 0.98078528 0,
  -0.19509032 0.98078528 0,-0.19509032 0.98078528 0,
  -0.19509032 0.98078528 0,-0.19509032 0.98078528 0,
  0.19509032 0.98078528 0,0.19509032 0.98078528 0,
  0.19509032 0.98078528 0,0.19509032 0.98078528 0,
  0.19509032 0.98078528 0,0.19509032 0.98078528 0,
  0.55557023 0.83146961 0,0.55557023 0.83146961 0,
  0.55557023 0.83146961 0,0.55557023 0.83146961 0,
  0.55557023 0.83146961 0,0.55557023 0.83146961 0,
  0.83146961 0.55557023 0,0.83146961 0.55557023 0,
  0.83146961 0.55557023 0,0.83146961 0.55557023 0,
  0.83146961 0.55557023 0,0.83146961 0.55557023 0,
  0.98078528 0.19509032 0,0.98078528 0.19509032 0,
  0.98078528 0.19509032 0,0.98078528 0.19509032 0,
  0.98078528 0.19509032 0,0.98078528 0.19509032 0,
  -0.98078528 0.19509032 0,-0.98078528 0.19509032 0,
  -0.98078528 0.19509032 0,-0.98078528 0.19509032 0,
  -0.98078528 0.19509032 0,-0.98078528 0.19509032 0,
  -0.83146961 0.55557023 0,-0.83146961 0.55557023 0,
  -0.83146961 0.55557023 0,-0.83146961 0.55557023 0,
  -0.83146961 0.55557023 0,-0.83146961 0.55557023 0,
  -0.55557023 0.83146961 0,-0.55557023 0.83146961 0,
  -0.55557023 0.83146961 0,-0.55557023 0.83146961 0,
  -0.55557023 0.83146961 0,-0.55557023 0.83146961 0,
  -0.19509032 0.98078528 0,-0.19509032 0.98078528 0,
  -0.19509032 0.98078528 0,-0.19509032 0.98078528 0,
  -0.19509032 0.98078528 0,-0.19509032 0.98078528 0,
  0.19509032 0.98078528 0,0.19509032 0.98078528 0,
  0.19509032 0.98078528 0,0.19509032 0.98078528 0,
  0.19509032 0.98078528 0,0.19509032 0.98078528 0,
  0.55557023 0.83146961 0,0.55557023 0.83146961 0,
  0.55557023 0.83146961 0,0.55557023 0.83146961 0,
  0.55557023 0.83146961 0,0.55557023 0.83146961 0,
  0.83146961 0.55557023 0,0.83146961 0.55557023 0,
  0.83146961 0.55557023 0,0.83146961 0.55557023 0,
  0.83146961 0.55557023 0,0.83146961 0.55557023 0,
  0.98078528 0.19509032 0,0.98078528 0.19509032 0,
  0.98078528 0.19509032 0,0.98078528 0.19509032 0,
  0.98078528 0.19509032 0,0.98078528 0.19509032 0,
  0.98078528 -0.19509032 0,0.98078528 -0.19509032 0,
  0.98078528 -0.19509032 0,0.98078528 -0.19509032 0,
  0.98078528 -0.19509032 0,0.98078528 -0.19509032 0,
  0.83146961 -0.55557023 0,0.83146961 -0.55557023 0,
  0.83146961 -0.55557023 0,0.83146961 -0.55557023 0,
  0.83146961 -0.55557023 0,0.83146961 -0.55557023 0,
  0.55557023 -0.83146961 0,0.55557023 -0.83146961 0,
  0.55557023 -0.83146961 0,0.55557023 -0.83146961 0,
  0.55557023 -0.83146961 0,0.55557023 -0.83146961 0,
  0.19509032 -0.98078528 0,0.19509032 -0.98078528 0,
  0.19509032 -0.98078528 0,0.19509032 -0.98078528 0,
  0.19509032 -0.98078528 0,0.19509032 -0.98078528 0,
  -0.19509032 -0.98078528 0,-0.19509032 -0.98078528 0,
  -0.19509032 -0.98078528 0,-0.19509032 -0.98078528 0,
  -0.19509032 -0.98078528 0,-0.19509032 -0.98078528 0,
  -0.55557023 -0.83146961 0,-0.55557023 -0.83146961 0,
  -0.55557023 -0.83146961 0,-0.55557023 -0.83146961 0,
  -0.55557023 -0.83146961 0,-0.55557023 -0.83146961 0,
  -0.83146961 -0.55557023 0,-0.83146961 -0.55557023 0,
  -0.83146961 -0.55557023 0,-0.83146961 -0.55557023 0,
  -0.83146961 -0.55557023 0,-0.83146961 -0.55557023 0,
  -0.98078528 -0.19509032 0,-0.98078528 -0.19509032 0,
  -0.98078528 -0.19509032 0,-0.98078528 -0.19509032 0,
  -0.98078528 -0.19509032 0,-0.98078528 -0.19509032 0,
  0.98078528 -0.19509032 0,0.98078528 -0.19509032 0,
  0.98078528 -0.19509032 0,0.98078528 -0.19509032 0,
  0.98078528 -0.19509032 0,0.98078528 -0.19509032 0,
  0.83146961 -0.55557023 0,0.83146961 -0.55557023 0,
  0.83146961 -0.55557023 0,0.83146961 -0.55557023 0,
  0.83146961 -0.55557023 0,0.83146961 -0.55557023 0,
  0.55557023 -0.83146961 0,0.55557023 -0.83146961 0,
  0.55557023 -0.83146961 0,0.55557023 -0.83146961 0,
  0.55557023 -0.83146961 0,0.55557023 -0.83146961 0,
  0.19509032 -0.98078528 0,0.19509032 -0.98078528 0,
  0.19509032 -0.98078528 0,0.19509032 -0.98078528 0,
  0.19509032 -0.98078528 0,0.19509032 -0.98078528 0,
  -0.19509032 -0.98078528 0,-0.19509032 -0.98078528 0,
  -0.19509032 -0.98078528 0,-0.19509032 -0.98078528 0,
  -0.19509032 -0.98078528 0,-0.19509032 -0.98078528 0,
  -0.55557023 -0.83146961 0,-0.55557023 -0.83146961 0,
  -0.55557023 -0.83146961 0,-0.55557023 -0.83146961 0,
  -0.55557023 -0.83146961 0,-0.55557023 -0.83146961 0,
  -0.83146961 -0.55557023 0,-0.83146961 -0.55557023 0,
  -0.83146961 -0.55557023 0,-0.83146961 -0.55557023 0,
  -0.83146961 -0.55557023 0,-0.83146961 -0.55557023 0,
  -0.98078528 -0.19509032 0,-0.98078528 -0.19509032 0,
  -0.98078528 -0.19509032 0,-0.98078528 -0.19509032 0,
  -0.98078528 -0.19509032 0,-0.98078528 -0.19509032 0,
  -0.98078528 0.19509032 0,-0.98078528 0.19509032 0,
  -0.98078528 0.19509032 0,-0.98078528 0.19509032 0,
  -0.98078528 0.19509032 0,-0.98078528 0.19509032 0,
  -0.83146961 0.55557023 0,-0.83146961 0.55557023 0,
  -0.83146961 0.55557023 0,-0.83146961 0.55557023 0,
  -0.83146961 0.55557023 0,-0.83146961 0.55557023 0,
  -0.55557023 0.83146961 0,-0.55557023 0.83146961 0,
  -0.55557023 0.83146961 0,-0.55557023 0.83146961 0,
  -0.55557023 0.83146961 0,-0.55557023 0.83146961 0,
  -0.19509032 0.98078528 0,-0.19509032 0.98078528 0,
  -0.19509032 0.98078528 0,-0.19509032 0.98078528 0,
  -0.19509032 0.98078528 0,-0.19509032 0.98078528 0,
  0.19509032 0.98078528 0,0.19509032 0.98078528 0,
  0.19509032 0.98078528 0,0.19509032 0.98078528 0,
  0.19509032 0.98078528 0,0.19509032 0.98078528 0,
  0.55557023 0.83146961 0,0.55557023 0.83146961 0,
  0.55557023 0.83146961 0,0.55557023 0.83146961 0,
  0.55557023 0.83146961 0,0.55557023 0.83146961 0,
  0.83146961 0.55557023 0,0.83146961 0.55557023 0,
  0.83146961 0.55557023 0,0.83146961 0.55557023 0,
  0.83146961 0.55557023 0,0.83146961 0.55557023 0,
  0.98078528 0.19509032 0,0.98078528 0.19509032 0,
  0.98078528 0.19509032 0,0.98078528 0.19509032 0,
  0.98078528 0.19509032 0,0.98078528 0.19509032 0,
  -0.98078528 0.19509032 0,-0.98078528 0.19509032 0,
  -0.98078528 0.19509032 0,-0.98078528 0.19509032 0,
  -0.98078528 0.19509032 0,-0.98078528 0.19509032 0,
  -0.83146961 0.55557023 0,-0.83146961 0.55557023 0,
  -0.83146961 0.55557023 0,-0.83146961 0.55557023 0,
  -0.83146961 0.55557023 0,-0.83146961 0.55557023 0,
  -0.55557023 0.83146961 0,-0.55557023 0.83146961 0,
  -0.55557023 0.83146961 0,-0.55557023 0.83146961 0,
  -0.55557023 0.83146961 0,-0.55557023 0.83146961 0,
  -0.19509032 0.98078528 0,-0.19509032 0.98078528 0,
  -0.19509032 0.98078528 0,-0.19509032 0.98078528 0,
  -0.19509032 0.98078528 0,-0.19509032 0.98078528 0,
  0.19509032 0.98078528 0,0.19509032 0.98078528 0,
  0.19509032 0.98078528 0,0.19509032 0.98078528 0,
  0.19509032 0.98078528 0,0.19509032 0.98078528 0,
  0.55557023 0.83146961 0,0.55557023 0.83146961 0,
  0.55557023 0.83146961 0,0.55557023 0.83146961 0,
  0.55557023 0.83146961 0,0.55557023 0.83146961 0,
  0.83146961 0.55557023 0,0.83146961 0.55557023 0,
  0.83146961 0.55557023 0,0.83146961 0.55557023 0,
  0.83146961 0.55557023 0,0.83146961 0.55557023 0,
  0.98078528 0.19509032 0,0.98078528 0.19509032 0,
  0.98078528 0.19509032 0,0.98078528 0.19509032 0,
  0.98078528 0.19509032 0,0.98078528 0.19509032 0,
  0.98078528 -0.19509032 0,0.98078528 -0.19509032 0,
  0.98078528 -0.19509032 0,0.98078528 -0.19509032 0,
  0.98078528 -0.19509032 0,0.98078528 -0.19509032 0,
  0.83146961 -0.55557023 0,0.83146961 -0.55557023 0,
  0.83146961 -0.55557023 0,0.83146961 -0.55557023 0,
  0.83146961 -0.55557023 0,0.83146961 -0.55557023 0,
  0.55557023 -0.83146961 0,0.55557023 -0.83146961 0,
  0.55557023 -0.83146961 0,0.55557023 -0.83146961 0,
  0.55557023 -0.83146961 0,0.55557023 -0.83146961 0,
  0.19509032 -0.98078528 0,0.19509032 -0.98078528 0,
  0.19509032 -0.98078528 0,0.19509032 -0.98078528 0,
  0.19509032 -0.98078528 0,0.19509032 -0.98078528 0,
  -0.19509032 -0.98078528 0,-0.19509032 -0.98078528 0,
  -0.19509032 -0.98078528 0,-0.19509032 -0.98078528 0,
  -0.19509032 -0.98078528 0,-0.19509032 -0.98078528 0,
  -0.55557023 -0.83146961 0,-0.55557023 -0.83146961 0,
  -0.55557023 -0.83146961 0,-0.55557023 -0.83146961 0,
  -0.55557023 -0.83146961 0,-0.55557023 -0.83146961 0,
  -0.83146961 -0.55557023 0,-0.83146961 -0.55557023 0,
  -0.83146961 -0.55557023 0,-0.83146961 -0.55557023 0,
  -0.83146961 -0.55557023 0,-0.83146961 -0.55557023 0,
  -0.98078528 -0.19509032 0,-0.98078528 -0.19509032 0,
  -0.98078528 -0.19509032 0,-0.98078528 -0.19509032 0,
  -0.98078528 -0.19509032 0,-0.98078528 -0.19509032 0,
  0.98078528 -0.19509032 0,0.98078528 -0.19509032 0,
  0.98078528 -0.19509032 0,0.98078528 -0.19509032 0,
  0.98078528 -0.19509032 0,0.98078528 -0.19509032 0,
  0.83146961 -0.55557023 0,0.83146961 -0.55557023 0,
  0.83146961 -0.55557023 0,0.83146961 -0.55557023 0,
  0.83146961 -0.55557023 0,0.83146961 -0.55557023 0,
  0.55557023 -0.83146961 0,0.55557023 -0.83146961 0,
  0.55557023 -0.83146961 0,0.55557023 -0.83146961 0,
  0.55557023 -0.83146961 0,0.55557023 -0.83146961 0,
  0.19509032 -0.98078528 0,0.19509032 -0.98078528 0,
  0.19509032 -0.98078528 0,0.19509032 -0.98078528 0,
  0.19509032 -0.98078528 0,0.19509032 -0.98078528 0,
  -0.19509032 -0.98078528 0,-0.19509032 -0.98078528 0,
  -0.19509032 -0.98078528 0,-0.19509032 -0.98078528 0,
  -0.19509032 -0.98078528 0,-0.19509032 -0.98078528 0,
  -0.55557023 -0.83146961 0,-0.55557023 -0.83146961 0,
  -0.55557023 -0.83146961 0,-0.55557023 -0.83146961 0,
  -0.55557023 -0.83146961 0,-0.55557023 -0.83146961 0,
  -0.83146961 -0.55557023 0,-0.83146961 -0.55557023 0,
  -0.83146961 -0.55557023 0,-0.83146961 -0.55557023 0,
  -0.83146961 -0.55557023 0,-0.83146961 -0.55557023 0,
  -0.98078528 -0.19509032 0,-0.98078528 -0.19509032 0,
  -0.98078528 -0.19509032 0,-0.98078528 -0.19509032 0,
  -0.98078528 -0.19509032 0,-0.98078528 -0.19509032 0,
  -0.98078528 0.19509032 0,-0.98078528 0.19509032 0,
  -0.98078528 0.19509032 0,-0.98078528 0.19509032 0,
  -0.98078528 0.19509032 0,-0.98078528 0.19509032 0,
  -0.83146961 0.55557023 0,-0.83146961 0.55557023 0,
  -0.83146961 0.55557023 0,-0.83146961 0.55557023 0,
  -0.83146961 0.55557023 0,-0.83146961 0.55557023 0,
  -0.55557023 0.83146961 0,-0.55557023 0.83146961 0,
  -0.55557023 0.83146961 0,-0.55557023 0.83146961 0,
  -0.55557023 0.83146961 0,-0.55557023 0.83146961 0,
  -0.19509032 0.98078528 0,-0.19509032 0.98078528 0,
  -0.19509032 0.98078528 0,-0.19509032 0.98078528 0,
  -0.19509032 0.98078528 0,-0.19509032 0.98078528 0,
  0.19509032 0.98078528 0,0.19509032 0.98078528 0,
  0.19509032 0.98078528 0,0.19509032 0.98078528 0,
  0.19509032 0.98078528 0,0.19509032 0.98078528 0,
  0.55557023 0.83146961 0,0.55557023 0.83146961 0,
  0.55557023 0.83146961 0,0.55557023 0.83146961 0,
  0.55557023 0.83146961 0,0.55557023 0.83146961 0,
  0.83146961 0.55557023 0,0.83146961 0.55557023 0,
  0.83146961 0.55557023 0,0.83146961 0.55557023 0,
  0.83146961 0.55557023 0,0.83146961 0.55557023 0,
  0.98078528 0.19509032 0,0.98078528 0.19509032 0,
  0.98078528 0.19509032 0,0.98078528 0.19509032 0,
  0.98078528 0.19509032 0,0.98078528 0.19509032 0] }
}
}
] }
DEF TXFM_3 Transform {
  center 0 0 0
  rotation 0 0 1 0
  scale 1 1 1
  scaleOrientation 0 0 1 0
  translation 0 0 0
 children [
DEF SHAPE_3 Shape {
 appearance DEF APP_2 Appearance {
  material Material {
   ambientIntensity 1
   diffuseColor 0.72000003 0.44999999 0.2
   emissiveColor 0 0 0
   shininess 0.02
   specularColor 0.0099999998 0.050000001 0.0099999998
   transparency 0
} }
 geometry DEF FACE_3 IndexedFaceSet {
  coord DEF COORD_3 Coordinate { point [
  43.805118 -47.232598 0.31496063,43.803596 -47.224945 0.31496063,
  43.79926 -47.218456 0.31496063,43.792772 -47.214121 0.31496063,
  43.785118 -47.212598 0.31496063,43.687323 -47.212598 0.31496063,
  43.679669 -47.214121 0.31496063,43.673181 -47.218456 0.31496063,
  43.668845 -47.224945 0.31496063,43.667323 -47.232598 0.31496063,
  43.667323 -47.763465 0.31496063,43.668845 -47.771118 0.31496063,
  43.673181 -47.777607 0.31496063,43.679669 -47.781942 0.31496063,
  43.687323 -47.783465 0.31496063,43.785118 -47.783465 0.31496063,
  43.792772 -47.781942 0.31496063,43.79926 -47.777607 0.31496063,
  43.803596 -47.771118 0.31496063,43.805118 -47.763465 0.31496063,
  45.379921 -47.232598 0.31496063,45.378399 -47.224945 0.31496063,
  45.374063 -47.218456 0.31496063,45.367575 -47.214121 0.31496063,
  45.359921 -47.212598 0.31496063,45.262126 -47.212598 0.31496063,
  45.254472 -47.214121 0.31496063,45.247984 -47.218456 0.31496063,
  45.243648 -47.224945 0.31496063,45.242126 -47.232598 0.31496063,
  45.242126 -47.763465 0.31496063,45.243648 -47.771118 0.31496063,
  45.247984 -47.777607 0.31496063,45.254472 -47.781942 0.31496063,
  45.262126 -47.783465 0.31496063,45.359921 -47.783465 0.31496063,
  45.367575 -47.781942 0.31496063,45.374063 -47.777607 0.31496063,
  45.378399 -47.771118 0.31496063,45.379921 -47.763465 0.31496063,
  45.183071 -47.232598 0.31496063,45.181548 -47.224945 0.31496063,
  45.177213 -47.218456 0.31496063,45.170724 -47.214121 0.31496063,
  45.163071 -47.212598 0.31496063,45.065276 -47.212598 0.31496063,
  45.057622 -47.214121 0.31496063,45.051133 -47.218456 0.31496063,
  45.046798 -47.224945 0.31496063,45.045276 -47.232598 0.31496063,
  45.045276 -47.763465 0.31496063,45.046798 -47.771118 0.31496063,
  45.051133 -47.777607 0.31496063,45.057622 -47.781942 0.31496063,
  45.065276 -47.783465 0.31496063,45.163071 -47.783465 0.31496063,
  45.170724 -47.781942 0.31496063,45.177213 -47.777607 0.31496063,
  45.181548 -47.771118 0.31496063,45.183071 -47.763465 0.31496063,
  44.98622 -47.232598 0.31496063,44.984698 -47.224945 0.31496063,
  44.980363 -47.218456 0.31496063,44.973874 -47.214121 0.31496063,
  44.96622 -47.212598 0.31496063,44.868425 -47.212598 0.31496063,
  44.860772 -47.214121 0.31496063,44.854283 -47.218456 0.31496063,
  44.849948 -47.224945 0.31496063,44.848425 -47.232598 0.31496063,
  44.848425 -47.763465 0.31496063,44.849948 -47.771118 0.31496063,
  44.854283 -47.777607 0.31496063,44.860772 -47.781942 0.31496063,
  44.868425 -47.783465 0.31496063,44.96622 -47.783465 0.31496063,
  44.973874 -47.781942 0.31496063,44.980363 -47.777607 0.31496063,
  44.984698 -47.771118 0.31496063,44.98622 -47.763465 0.31496063,
  44.78937 -47.232598 0.31496063,44.787848 -47.224945 0.31496063,
  44.783512 -47.218456 0.31496063,44.777024 -47.214121 0.31496063,
  44.76937 -47.212598 0.31496063,44.671575 -47.212598 0.31496063,
  44.663921 -47.214121 0.31496063,44.657433 -47.218456 0.31496063,
  44.653097 -47.224945 0.31496063,44.651575 -47.232598 0.31496063,
  44.651575 -47.763465 0.31496063,44.653097 -47.771118 0.31496063,
  44.657433 -47.777607 0.31496063,44.663921 -47.781942 0.31496063,
  44.671575 -47.783465 0.31496063,44.76937 -47.783465 0.31496063,
  44.777024 -47.781942 0.31496063,44.783512 -47.777607 0.31496063,
  44.787848 -47.771118 0.31496063,44.78937 -47.763465 0.31496063,
  44.59252 -47.232598 0.31496063,44.590997 -47.224945 0.31496063,
  44.586662 -47.218456 0.31496063,44.580173 -47.214121 0.31496063,
  44.57252 -47.212598 0.31496063,44.474724 -47.212598 0.31496063,
  44.467071 -47.214121 0.31496063,44.460582 -47.218456 0.31496063,
  44.456247 -47.224945 0.31496063,44.454724 -47.232598 0.31496063,
  44.454724 -47.763465 0.31496063,44.456247 -47.771118 0.31496063,
  44.460582 -47.777607 0.31496063,44.467071 -47.781942 0.31496063,
  44.474724 -47.783465 0.31496063,44.57252 -47.783465 0.31496063,
  44.580173 -47.781942 0.31496063,44.586662 -47.777607 0.31496063,
  44.590997 -47.771118 0.31496063,44.59252 -47.763465 0.31496063,
  44.395669 -47.232598 0.31496063,44.394147 -47.224945 0.31496063,
  44.389811 -47.218456 0.31496063,44.383323 -47.214121 0.31496063,
  44.375669 -47.212598 0.31496063,44.277874 -47.212598 0.31496063,
  44.27022 -47.214121 0.31496063,44.263732 -47.218456 0.31496063,
  44.259396 -47.224945 0.31496063,44.257874 -47.232598 0.31496063,
  44.257874 -47.763465 0.31496063,44.259396 -47.771118 0.31496063,
  44.263732 -47.777607 0.31496063,44.27022 -47.781942 0.31496063,
  44.277874 -47.783465 0.31496063,44.375669 -47.783465 0.31496063,
  44.383323 -47.781942 0.31496063,44.389811 -47.777607 0.31496063,
  44.394147 -47.771118 0.31496063,44.395669 -47.763465 0.31496063,
  44.198819 -47.232598 0.31496063,44.197296 -47.224945 0.31496063,
  44.192961 -47.218456 0.31496063,44.186472 -47.214121 0.31496063,
  44.178819 -47.212598 0.31496063,44.081024 -47.212598 0.31496063,
  44.07337 -47.214121 0.31496063,44.066881 -47.218456 0.31496063,
  44.062546 -47.224945 0.31496063,44.061024 -47.232598 0.31496063,
  44.061024 -47.763465 0.31496063,44.062546 -47.771118 0.31496063,
  44.066881 -47.777607 0.31496063,44.07337 -47.781942 0.31496063,
  44.081024 -47.783465 0.31496063,44.178819 -47.783465 0.31496063,
  44.186472 -47.781942 0.31496063,44.192961 -47.777607 0.31496063,
  44.197296 -47.771118 0.31496063,44.198819 -47.763465 0.31496063,
  44.001969 -47.232598 0.31496063,44.000446 -47.224945 0.31496063,
  43.996111 -47.218456 0.31496063,43.989622 -47.214121 0.31496063,
  43.981969 -47.212598 0.31496063,43.884173 -47.212598 0.31496063,
  43.87652 -47.214121 0.31496063,43.870031 -47.218456 0.31496063,
  43.865696 -47.224945 0.31496063,43.864173 -47.232598 0.31496063,
  43.864173 -47.763465 0.31496063,43.865696 -47.771118 0.31496063,
  43.870031 -47.777607 0.31496063,43.87652 -47.781942 0.31496063,
  43.884173 -47.783465 0.31496063,43.981969 -47.783465 0.31496063,
  43.989622 -47.781942 0.31496063,43.996111 -47.777607 0.31496063,
  44.000446 -47.771118 0.31496063,44.001969 -47.763465 0.31496063,
  49.51378 -47.232598 0.31496063,49.512257 -47.224945 0.31496063,
  49.507922 -47.218456 0.31496063,49.501433 -47.214121 0.31496063,
  49.49378 -47.212598 0.31496063,49.395984 -47.212598 0.31496063,
  49.388331 -47.214121 0.31496063,49.381842 -47.218456 0.31496063,
  49.377507 -47.224945 0.31496063,49.375984 -47.232598 0.31496063,
  49.375984 -47.763465 0.31496063,49.377507 -47.771118 0.31496063,
  49.381842 -47.777607 0.31496063,49.388331 -47.781942 0.31496063,
  49.395984 -47.783465 0.31496063,49.49378 -47.783465 0.31496063,
  49.501433 -47.781942 0.31496063,49.507922 -47.777607 0.31496063,
  49.512257 -47.771118 0.31496063,49.51378 -47.763465 0.31496063,
  43.608268 -47.232598 0.31496063,43.606745 -47.224945 0.31496063,
  43.60241 -47.218456 0.31496063,43.595921 -47.214121 0.31496063,
  43.588268 -47.212598 0.31496063,43.490472 -47.212598 0.31496063,
  43.482819 -47.214121 0.31496063,43.47633 -47.218456 0.31496063,
  43.471995 -47.224945 0.31496063,43.470472 -47.232598 0.31496063,
  43.470472 -47.763465 0.31496063,43.471995 -47.771118 0.31496063,
  43.47633 -47.777607 0.31496063,43.482819 -47.781942 0.31496063,
  43.490472 -47.783465 0.31496063,43.588268 -47.783465 0.31496063,
  43.595921 -47.781942 0.31496063,43.60241 -47.777607 0.31496063,
  43.606745 -47.771118 0.31496063,43.608268 -47.763465 0.31496063,
  43.411417 -47.232598 0.31496063,43.409895 -47.224945 0.31496063,
  43.405559 -47.218456 0.31496063,43.399071 -47.214121 0.31496063,
  43.391417 -47.212598 0.31496063,43.293622 -47.212598 0.31496063,
  43.285969 -47.214121 0.31496063,43.27948 -47.218456 0.31496063,
  43.275144 -47.224945 0.31496063,43.273622 -47.232598 0.31496063,
  43.273622 -47.763465 0.31496063,43.275144 -47.771118 0.31496063,
  43.27948 -47.777607 0.31496063,43.285969 -47.781942 0.31496063,
  43.293622 -47.783465 0.31496063,43.391417 -47.783465 0.31496063,
  43.399071 -47.781942 0.31496063,43.405559 -47.777607 0.31496063,
  43.409895 -47.771118 0.31496063,43.411417 -47.763465 0.31496063,
  43.214567 -47.232598 0.31496063,43.213044 -47.224945 0.31496063,
  43.208709 -47.218456 0.31496063,43.20222 -47.214121 0.31496063,
  43.194567 -47.212598 0.31496063,43.096772 -47.212598 0.31496063,
  43.089118 -47.214121 0.31496063,43.08263 -47.218456 0.31496063,
  43.078294 -47.224945 0.31496063,43.076772 -47.232598 0.31496063,
  43.076772 -47.763465 0.31496063,43.078294 -47.771118 0.31496063,
  43.08263 -47.777607 0.31496063,43.089118 -47.781942 0.31496063,
  43.096772 -47.783465 0.31496063,43.194567 -47.783465 0.31496063,
  43.20222 -47.781942 0.31496063,43.208709 -47.777607 0.31496063,
  43.213044 -47.771118 0.31496063,43.214567 -47.763465 0.31496063,
  43.017717 -47.232598 0.31496063,43.016194 -47.224945 0.31496063,
  43.011859 -47.218456 0.31496063,43.00537 -47.214121 0.31496063,
  42.997717 -47.212598 0.31496063,42.899921 -47.212598 0.31496063,
  42.892268 -47.214121 0.31496063,42.885779 -47.218456 0.31496063,
  42.881444 -47.224945 0.31496063,42.879921 -47.232598 0.31496063,
  42.879921 -47.763465 0.31496063,42.881444 -47.771118 0.31496063,
  42.885779 -47.777607 0.31496063,42.892268 -47.781942 0.31496063,
  42.899921 -47.783465 0.31496063,42.997717 -47.783465 0.31496063,
  43.00537 -47.781942 0.31496063,43.011859 -47.777607 0.31496063,
  43.016194 -47.771118 0.31496063,43.017717 -47.763465 0.31496063,
  42.820866 -47.232598 0.31496063,42.819344 -47.224945 0.31496063,
  42.815008 -47.218456 0.31496063,42.80852 -47.214121 0.31496063,
  42.800866 -47.212598 0.31496063,42.703071 -47.212598 0.31496063,
  42.695417 -47.214121 0.31496063,42.688929 -47.218456 0.31496063,
  42.684593 -47.224945 0.31496063,42.683071 -47.232598 0.31496063,
  42.683071 -47.763465 0.31496063,42.684593 -47.771118 0.31496063,
  42.688929 -47.777607 0.31496063,42.695417 -47.781942 0.31496063,
  42.703071 -47.783465 0.31496063,42.800866 -47.783465 0.31496063,
  42.80852 -47.781942 0.31496063,42.815008 -47.777607 0.31496063,
  42.819344 -47.771118 0.31496063,42.820866 -47.763465 0.31496063,
  42.624016 -47.232598 0.31496063,42.622493 -47.224945 0.31496063,
  42.618158 -47.218456 0.31496063,42.611669 -47.214121 0.31496063,
  42.604016 -47.212598 0.31496063,42.50622 -47.212598 0.31496063,
  42.498567 -47.214121 0.31496063,42.492078 -47.218456 0.31496063,
  42.487743 -47.224945 0.31496063,42.48622 -47.232598 0.31496063,
  42.48622 -47.763465 0.31496063,42.487743 -47.771118 0.31496063,
  42.492078 -47.777607 0.31496063,42.498567 -47.781942 0.31496063,
  42.50622 -47.783465 0.31496063,42.604016 -47.783465 0.31496063,
  42.611669 -47.781942 0.31496063,42.618158 -47.777607 0.31496063,
  42.622493 -47.771118 0.31496063,42.624016 -47.763465 0.31496063,
  42.427165 -47.232598 0.31496063,42.425643 -47.224945 0.31496063,
  42.421307 -47.218456 0.31496063,42.414819 -47.214121 0.31496063,
  42.407165 -47.212598 0.31496063,42.30937 -47.212598 0.31496063,
  42.301717 -47.214121 0.31496063,42.295228 -47.218456 0.31496063,
  42.290893 -47.224945 0.31496063,42.28937 -47.232598 0.31496063,
  42.28937 -47.763465 0.31496063,42.290893 -47.771118 0.31496063,
  42.295228 -47.777607 0.31496063,42.301717 -47.781942 0.31496063,
  42.30937 -47.783465 0.31496063,42.407165 -47.783465 0.31496063,
  42.414819 -47.781942 0.31496063,42.421307 -47.777607 0.31496063,
  42.425643 -47.771118 0.31496063,42.427165 -47.763465 0.31496063,
  45.773622 -47.232598 0.31496063,45.7721 -47.224945 0.31496063,
  45.767764 -47.218456 0.31496063,45.761276 -47.214121 0.31496063,
  45.753622 -47.212598 0.31496063,45.655827 -47.212598 0.31496063,
  45.648173 -47.214121 0.31496063,45.641685 -47.218456 0.31496063,
  45.637349 -47.224945 0.31496063,45.635827 -47.232598 0.31496063,
  45.635827 -47.763465 0.31496063,45.637349 -47.771118 0.31496063,
  45.641685 -47.777607 0.31496063,45.648173 -47.781942 0.31496063,
  45.655827 -47.783465 0.31496063,45.753622 -47.783465 0.31496063,
  45.761276 -47.781942 0.31496063,45.767764 -47.777607 0.31496063,
  45.7721 -47.771118 0.31496063,45.773622 -47.763465 0.31496063,
  45.576772 -47.232598 0.31496063,45.575249 -47.224945 0.31496063,
  45.570914 -47.218456 0.31496063,45.564425 -47.214121 0.31496063,
  45.556772 -47.212598 0.31496063,45.458976 -47.212598 0.31496063,
  45.451323 -47.214121 0.31496063,45.444834 -47.218456 0.31496063,
  45.440499 -47.224945 0.31496063,45.438976 -47.232598 0.31496063,
  45.438976 -47.763465 0.31496063,45.440499 -47.771118 0.31496063,
  45.444834 -47.777607 0.31496063,45.451323 -47.781942 0.31496063,
  45.458976 -47.783465 0.31496063,45.556772 -47.783465 0.31496063,
  45.564425 -47.781942 0.31496063,45.570914 -47.777607 0.31496063,
  45.575249 -47.771118 0.31496063,45.576772 -47.763465 0.31496063,
  53.179316 -29.942792 0.31496063,53.279387 -29.913933 0.31496063,
  53.391732 -29.898334 0.31496063,53.391732 -29.582199 0.31496063,
  53.126614 -29.641535 0.31496063,53.126614 -29.417323 0.31496063,
  53.118975 -29.393811 0.31496063,53.098975 -29.379281 0.31496063,
  53.074254 -29.379281 0.31496063,53.054254 -29.393811 0.31496063,
  53.046614 -29.417323 0.31496063,53.046614 -29.674115 0.31496063,
  52.994437 -29.696423 0.31496063,52.877913 -29.764161 0.31496063,
  52.816989 -29.810394 0.31496063,52.574803 -29.810394 0.31496063,
  52.551292 -29.818033 0.31496063,52.536761 -29.838033 0.31496063,
  52.536761 -29.862754 0.31496063,52.551292 -29.882754 0.31496063,
  52.574803 -29.890394 0.31496063,52.724546 -29.890394 0.31496063,
  52.673944 -29.939628 0.31496063,52.589558 -30.044723 0.31496063,
  52.518654 -30.159347 0.31496063,52.462294 -30.281779 0.31496063,
  52.421325 -30.410183 0.31496063,52.396361 -30.542633 0.31496063,
  52.390328 -30.637165 0.31496063,52.220472 -30.637165 0.31496063,
  52.196961 -30.644805 0.31496063,52.18243 -30.664805 0.31496063,
  52.18243 -30.689526 0.31496063,52.196961 -30.709526 0.31496063,
  52.220472 -30.717165 0.31496063,52.393 -30.717165 0.31496063,
  52.422892 -30.943185 0.31496063,52.464451 -31.071427 0.31496063,
  52.521092 -31.193428 0.31496063,52.592075 -31.307681 0.31496063,
  52.676357 -31.412509 0.31496063,52.729145 -31.463937 0.31496063,
  52.574803 -31.463937 0.31496063,52.551292 -31.471576 0.31496063,
  52.536761 -31.491576 0.31496063,52.536761 -31.516298 0.31496063,
  52.551292 -31.536298 0.31496063,52.574803 -31.543937 0.31496063,
  52.822006 -31.543937 0.31496063,52.879694 -31.58789 0.31496063,
  52.99576 -31.655867 0.31496063,53.046614 -31.677883 0.31496063,
  53.046614 -31.937008 0.31496063,53.054254 -31.960519 0.31496063,
  53.074254 -31.97505 0.31496063,53.098975 -31.97505 0.31496063,
  53.118975 -31.960519 0.31496063,53.126614 -31.937008 0.31496063,
  53.126614 -31.711497 0.31496063,53.248194 -31.747419 0.31496063,
  53.38107 -31.769685 0.31496063,53.391732 -31.769685 0.31496063,
  53.391732 -31.455996 0.31496063,53.279387 -31.440398 0.31496063,
  53.179316 -31.411539 0.31496063,53.084368 -31.36873 0.31496063,
  52.996484 -31.312849 0.31496063,52.917442 -31.245025 0.31496063,
  52.84886 -31.166645 0.31496063,52.79213 -31.079301 0.31496063,
  52.748407 -30.984775 0.31496063,52.718582 -30.884987 0.31496063,
  52.703262 -30.781971 0.31496063,52.702756 -30.677165 0.31496063,
  52.703262 -30.572359 0.31496063,52.718582 -30.469344 0.31496063,
  52.748407 -30.369556 0.31496063,52.79213 -30.27503 0.31496063,
  52.84886 -30.187686 0.31496063,52.917442 -30.109306 0.31496063,
  52.996484 -30.041482 0.31496063,53.084368 -29.9856 0.31496063,
  53.148583 -29.850394 0.31496063,53.143866 -29.874108 0.31496063,
  53.130433 -29.894212 0.31496063,53.110328 -29.907645 0.31496063,
  53.086614 -29.912362 0.31496063,53.0629 -29.907645 0.31496063,
  53.042796 -29.894212 0.31496063,53.029363 -29.874108 0.31496063,
  53.024646 -29.850394 0.31496063,53.029363 -29.826679 0.31496063,
  53.042796 -29.806575 0.31496063,53.0629 -29.793142 0.31496063,
  53.086614 -29.788425 0.31496063,53.110328 -29.793142 0.31496063,
  53.130433 -29.806575 0.31496063,53.143866 -29.826679 0.31496063,
  52.636772 -30.677165 0.31496063,52.632055 -30.70088 0.31496063,
  52.618621 -30.720984 0.31496063,52.598517 -30.734417 0.31496063,
  52.574803 -30.739134 0.31496063,52.551089 -30.734417 0.31496063,
  52.530985 -30.720984 0.31496063,52.517552 -30.70088 0.31496063,
  52.512835 -30.677165 0.31496063,52.517552 -30.653451 0.31496063,
  52.530985 -30.633347 0.31496063,52.551089 -30.619914 0.31496063,
  52.574803 -30.615197 0.31496063,52.598517 -30.619914 0.31496063,
  52.618621 -30.633347 0.31496063,52.632055 -30.653451 0.31496063,
  53.024646 -31.503937 0.31496063,53.029363 -31.480223 0.31496063,
  53.042796 -31.460119 0.31496063,53.0629 -31.446686 0.31496063,
  53.086614 -31.441969 0.31496063,53.110328 -31.446686 0.31496063,
  53.130433 -31.460119 0.31496063,53.143866 -31.480223 0.31496063,
  53.148583 -31.503937 0.31496063,53.143866 -31.527651 0.31496063,
  53.130433 -31.547755 0.31496063,53.110328 -31.561188 0.31496063,
  53.086614 -31.565906 0.31496063,53.0629 -31.561188 0.31496063,
  53.042796 -31.547755 0.31496063,53.029363 -31.527651 0.31496063,
  49.71063 -47.232598 0.31496063,49.709107 -47.224945 0.31496063,
  49.704772 -47.218456 0.31496063,49.698283 -47.214121 0.31496063,
  49.69063 -47.212598 0.31496063,49.592835 -47.212598 0.31496063,
  49.585181 -47.214121 0.31496063,49.578693 -47.218456 0.31496063,
  49.574357 -47.224945 0.31496063,49.572835 -47.232598 0.31496063,
  49.572835 -47.763465 0.31496063,49.574357 -47.771118 0.31496063,
  49.578693 -47.777607 0.31496063,49.585181 -47.781942 0.31496063,
  49.592835 -47.783465 0.31496063,49.69063 -47.783465 0.31496063,
  49.698283 -47.781942 0.31496063,49.704772 -47.777607 0.31496063,
  49.709107 -47.771118 0.31496063,49.71063 -47.763465 0.31496063,
  49.316929 -47.232598 0.31496063,49.315407 -47.224945 0.31496063,
  49.311071 -47.218456 0.31496063,49.304583 -47.214121 0.31496063,
  49.296929 -47.212598 0.31496063,49.199134 -47.212598 0.31496063,
  49.19148 -47.214121 0.31496063,49.184992 -47.218456 0.31496063,
  49.180656 -47.224945 0.31496063,49.179134 -47.232598 0.31496063,
  49.179134 -47.763465 0.31496063,49.180656 -47.771118 0.31496063,
  49.184992 -47.777607 0.31496063,49.19148 -47.781942 0.31496063,
  49.199134 -47.783465 0.31496063,49.296929 -47.783465 0.31496063,
  49.304583 -47.781942 0.31496063,49.311071 -47.777607 0.31496063,
  49.315407 -47.771118 0.31496063,49.316929 -47.763465 0.31496063,
  49.120079 -47.232598 0.31496063,49.118556 -47.224945 0.31496063,
  49.114221 -47.218456 0.31496063,49.107732 -47.214121 0.31496063,
  49.100079 -47.212598 0.31496063,49.002283 -47.212598 0.31496063,
  48.99463 -47.214121 0.31496063,48.988141 -47.218456 0.31496063,
  48.983806 -47.224945 0.31496063,48.982283 -47.232598 0.31496063,
  48.982283 -47.763465 0.31496063,48.983806 -47.771118 0.31496063,
  48.988141 -47.777607 0.31496063,48.99463 -47.781942 0.31496063,
  49.002283 -47.783465 0.31496063,49.100079 -47.783465 0.31496063,
  49.107732 -47.781942 0.31496063,49.114221 -47.777607 0.31496063,
  49.118556 -47.771118 0.31496063,49.120079 -47.763465 0.31496063,
  48.923228 -47.232598 0.31496063,48.921706 -47.224945 0.31496063,
  48.91737 -47.218456 0.31496063,48.910882 -47.214121 0.31496063,
  48.903228 -47.212598 0.31496063,48.805433 -47.212598 0.31496063,
  48.79778 -47.214121 0.31496063,48.791291 -47.218456 0.31496063,
  48.786956 -47.224945 0.31496063,48.785433 -47.232598 0.31496063,
  48.785433 -47.763465 0.31496063,48.786956 -47.771118 0.31496063,
  48.791291 -47.777607 0.31496063,48.79778 -47.781942 0.31496063,
  48.805433 -47.783465 0.31496063,48.903228 -47.783465 0.31496063,
  48.910882 -47.781942 0.31496063,48.91737 -47.777607 0.31496063,
  48.921706 -47.771118 0.31496063,48.923228 -47.763465 0.31496063,
  48.726378 -47.232598 0.31496063,48.724856 -47.224945 0.31496063,
  48.72052 -47.218456 0.31496063,48.714031 -47.214121 0.31496063,
  48.706378 -47.212598 0.31496063,48.608583 -47.212598 0.31496063,
  48.600929 -47.214121 0.31496063,48.594441 -47.218456 0.31496063,
  48.590105 -47.224945 0.31496063,48.588583 -47.232598 0.31496063,
  48.588583 -47.763465 0.31496063,48.590105 -47.771118 0.31496063,
  48.594441 -47.777607 0.31496063,48.600929 -47.781942 0.31496063,
  48.608583 -47.783465 0.31496063,48.706378 -47.783465 0.31496063,
  48.714031 -47.781942 0.31496063,48.72052 -47.777607 0.31496063,
  48.724856 -47.771118 0.31496063,48.726378 -47.763465 0.31496063,
  48.529528 -47.232598 0.31496063,48.528005 -47.224945 0.31496063,
  48.52367 -47.218456 0.31496063,48.517181 -47.214121 0.31496063,
  48.509528 -47.212598 0.31496063,48.411732 -47.212598 0.31496063,
  48.404079 -47.214121 0.31496063,48.39759 -47.218456 0.31496063,
  48.393255 -47.224945 0.31496063,48.391732 -47.232598 0.31496063,
  48.391732 -47.763465 0.31496063,48.393255 -47.771118 0.31496063,
  48.39759 -47.777607 0.31496063,48.404079 -47.781942 0.31496063,
  48.411732 -47.783465 0.31496063,48.509528 -47.783465 0.31496063,
  48.517181 -47.781942 0.31496063,48.52367 -47.777607 0.31496063,
  48.528005 -47.771118 0.31496063,48.529528 -47.763465 0.31496063,
  48.332677 -47.232598 0.31496063,48.331155 -47.224945 0.31496063,
  48.326819 -47.218456 0.31496063,48.320331 -47.214121 0.31496063,
  48.312677 -47.212598 0.31496063,48.214882 -47.212598 0.31496063,
  48.207228 -47.214121 0.31496063,48.20074 -47.218456 0.31496063,
  48.196404 -47.224945 0.31496063,48.194882 -47.232598 0.31496063,
  48.194882 -47.763465 0.31496063,48.196404 -47.771118 0.31496063,
  48.20074 -47.777607 0.31496063,48.207228 -47.781942 0.31496063,
  48.214882 -47.783465 0.31496063,48.312677 -47.783465 0.31496063,
  48.320331 -47.781942 0.31496063,48.326819 -47.777607 0.31496063,
  48.331155 -47.771118 0.31496063,48.332677 -47.763465 0.31496063,
  48.135827 -47.232598 0.31496063,48.134304 -47.224945 0.31496063,
  48.129969 -47.218456 0.31496063,48.12348 -47.214121 0.31496063,
  48.115827 -47.212598 0.31496063,48.018031 -47.212598 0.31496063,
  48.010378 -47.214121 0.31496063,48.003889 -47.218456 0.31496063,
  47.999554 -47.224945 0.31496063,47.998031 -47.232598 0.31496063,
  47.998031 -47.763465 0.31496063,47.999554 -47.771118 0.31496063,
  48.003889 -47.777607 0.31496063,48.010378 -47.781942 0.31496063,
  48.018031 -47.783465 0.31496063,48.115827 -47.783465 0.31496063,
  48.12348 -47.781942 0.31496063,48.129969 -47.777607 0.31496063,
  48.134304 -47.771118 0.31496063,48.135827 -47.763465 0.31496063,
  47.938976 -47.232598 0.31496063,47.937454 -47.224945 0.31496063,
  47.933119 -47.218456 0.31496063,47.92663 -47.214121 0.31496063,
  47.918976 -47.212598 0.31496063,47.821181 -47.212598 0.31496063,
  47.813528 -47.214121 0.31496063,47.807039 -47.218456 0.31496063,
  47.802704 -47.224945 0.31496063,47.801181 -47.232598 0.31496063,
  47.801181 -47.763465 0.31496063,47.802704 -47.771118 0.31496063,
  47.807039 -47.777607 0.31496063,47.813528 -47.781942 0.31496063,
  47.821181 -47.783465 0.31496063,47.918976 -47.783465 0.31496063,
  47.92663 -47.781942 0.31496063,47.933119 -47.777607 0.31496063,
  47.937454 -47.771118 0.31496063,47.938976 -47.763465 0.31496063,
  47.742126 -47.232598 0.31496063,47.740604 -47.224945 0.31496063,
  47.736268 -47.218456 0.31496063,47.72978 -47.214121 0.31496063,
  47.722126 -47.212598 0.31496063,47.624331 -47.212598 0.31496063,
  47.616677 -47.214121 0.31496063,47.610189 -47.218456 0.31496063,
  47.605853 -47.224945 0.31496063,47.604331 -47.232598 0.31496063,
  47.604331 -47.763465 0.31496063,47.605853 -47.771118 0.31496063,
  47.610189 -47.777607 0.31496063,47.616677 -47.781942 0.31496063,
  47.624331 -47.783465 0.31496063,47.722126 -47.783465 0.31496063,
  47.72978 -47.781942 0.31496063,47.736268 -47.777607 0.31496063,
  47.740604 -47.771118 0.31496063,47.742126 -47.763465 0.31496063,
  47.545276 -47.232598 0.31496063,47.543753 -47.224945 0.31496063,
  47.539418 -47.218456 0.31496063,47.532929 -47.214121 0.31496063,
  47.525276 -47.212598 0.31496063,47.42748 -47.212598 0.31496063,
  47.419827 -47.214121 0.31496063,47.413338 -47.218456 0.31496063,
  47.409003 -47.224945 0.31496063,47.40748 -47.232598 0.31496063,
  47.40748 -47.763465 0.31496063,47.409003 -47.771118 0.31496063,
  47.413338 -47.777607 0.31496063,47.419827 -47.781942 0.31496063,
  47.42748 -47.783465 0.31496063,47.525276 -47.783465 0.31496063,
  47.532929 -47.781942 0.31496063,47.539418 -47.777607 0.31496063,
  47.543753 -47.771118 0.31496063,47.545276 -47.763465 0.31496063,
  46.561024 -47.232598 0.31496063,46.559501 -47.224945 0.31496063,
  46.555166 -47.218456 0.31496063,46.548677 -47.214121 0.31496063,
  46.541024 -47.212598 0.31496063,46.443228 -47.212598 0.31496063,
  46.435575 -47.214121 0.31496063,46.429086 -47.218456 0.31496063,
  46.424751 -47.224945 0.31496063,46.423228 -47.232598 0.31496063,
  46.423228 -47.763465 0.31496063,46.424751 -47.771118 0.31496063,
  46.429086 -47.777607 0.31496063,46.435575 -47.781942 0.31496063,
  46.443228 -47.783465 0.31496063,46.541024 -47.783465 0.31496063,
  46.548677 -47.781942 0.31496063,46.555166 -47.777607 0.31496063,
  46.559501 -47.771118 0.31496063,46.561024 -47.763465 0.31496063,
  46.364173 -47.232598 0.31496063,46.362651 -47.224945 0.31496063,
  46.358315 -47.218456 0.31496063,46.351827 -47.214121 0.31496063,
  46.344173 -47.212598 0.31496063,46.246378 -47.212598 0.31496063,
  46.238724 -47.214121 0.31496063,46.232236 -47.218456 0.31496063,
  46.2279 -47.224945 0.31496063,46.226378 -47.232598 0.31496063,
  46.226378 -47.763465 0.31496063,46.2279 -47.771118 0.31496063,
  46.232236 -47.777607 0.31496063,46.238724 -47.781942 0.31496063,
  46.246378 -47.783465 0.31496063,46.344173 -47.783465 0.31496063,
  46.351827 -47.781942 0.31496063,46.358315 -47.777607 0.31496063,
  46.362651 -47.771118 0.31496063,46.364173 -47.763465 0.31496063,
  46.167323 -47.232598 0.31496063,46.1658 -47.224945 0.31496063,
  46.161465 -47.218456 0.31496063,46.154976 -47.214121 0.31496063,
  46.147323 -47.212598 0.31496063,46.049528 -47.212598 0.31496063,
  46.041874 -47.214121 0.31496063,46.035385 -47.218456 0.31496063,
  46.03105 -47.224945 0.31496063,46.029528 -47.232598 0.31496063,
  46.029528 -47.763465 0.31496063,46.03105 -47.771118 0.31496063,
  46.035385 -47.777607 0.31496063,46.041874 -47.781942 0.31496063,
  46.049528 -47.783465 0.31496063,46.147323 -47.783465 0.31496063,
  46.154976 -47.781942 0.31496063,46.161465 -47.777607 0.31496063,
  46.1658 -47.771118 0.31496063,46.167323 -47.763465 0.31496063,
  45.970472 -47.232598 0.31496063,45.96895 -47.224945 0.31496063,
  45.964615 -47.218456 0.31496063,45.958126 -47.214121 0.31496063,
  45.950472 -47.212598 0.31496063,45.852677 -47.212598 0.31496063,
  45.845024 -47.214121 0.31496063,45.838535 -47.218456 0.31496063,
  45.8342 -47.224945 0.31496063,45.832677 -47.232598 0.31496063,
  45.832677 -47.763465 0.31496063,45.8342 -47.771118 0.31496063,
  45.838535 -47.777607 0.31496063,45.845024 -47.781942 0.31496063,
  45.852677 -47.783465 0.31496063,45.950472 -47.783465 0.31496063,
  45.958126 -47.781942 0.31496063,45.964615 -47.777607 0.31496063,
  45.96895 -47.771118 0.31496063,45.970472 -47.763465 0.31496063,
  39.003516 -30.041482 0.31496063,39.082558 -30.109306 0.31496063,
  39.15114 -30.187686 0.31496063,39.20787 -30.27503 0.31496063,
  39.251593 -30.369556 0.31496063,39.281418 -30.469344 0.31496063,
  39.296738 -30.572359 0.31496063,39.297244 -30.677165 0.31496063,
  39.296738 -30.781971 0.31496063,39.281418 -30.884987 0.31496063,
  39.251593 -30.984775 0.31496063,39.20787 -31.079301 0.31496063,
  39.15114 -31.166645 0.31496063,39.082558 -31.245025 0.31496063,
  39.003516 -31.312849 0.31496063,38.915632 -31.36873 0.31496063,
  38.820684 -31.411539 0.31496063,38.720613 -31.440398 0.31496063,
  38.608268 -31.455996 0.31496063,38.608268 -31.772131 0.31496063,
  38.873386 -31.712796 0.31496063,38.873386 -31.937008 0.31496063,
  38.881025 -31.960519 0.31496063,38.901025 -31.97505 0.31496063,
  38.925746 -31.97505 0.31496063,38.945746 -31.960519 0.31496063,
  38.953386 -31.937008 0.31496063,38.953386 -31.680216 0.31496063,
  39.005563 -31.657908 0.31496063,39.122087 -31.59017 0.31496063,
  39.183011 -31.543937 0.31496063,39.425197 -31.543937 0.31496063,
  39.448708 -31.536298 0.31496063,39.463239 -31.516298 0.31496063,
  39.463239 -31.491576 0.31496063,39.448708 -31.471576 0.31496063,
  39.425197 -31.463937 0.31496063,39.275454 -31.463937 0.31496063,
  39.326056 -31.414703 0.31496063,39.410442 -31.309607 0.31496063,
  39.481346 -31.194984 0.31496063,39.537706 -31.072552 0.31496063,
  39.578675 -30.944147 0.31496063,39.603639 -30.811698 0.31496063,
  39.609672 -30.717165 0.31496063,39.779528 -30.717165 0.31496063,
  39.803039 -30.709526 0.31496063,39.81757 -30.689526 0.31496063,
  39.81757 -30.664805 0.31496063,39.803039 -30.644805 0.31496063,
  39.779528 -30.637165 0.31496063,39.609391 -30.637165 0.31496063,
  39.6027 -30.542894 0.31496063,39.577016 -30.410861 0.31496063,
  39.535549 -30.282904 0.31496063,39.478908 -30.160902 0.31496063,
  39.407925 -30.046649 0.31496063,39.323643 -29.941821 0.31496063,
  39.270855 -29.890394 0.31496063,39.425197 -29.890394 0.31496063,
  39.448708 -29.882754 0.31496063,39.463239 -29.862754 0.31496063,
  39.463239 -29.838033 0.31496063,39.448708 -29.818033 0.31496063,
  39.425197 -29.810394 0.31496063,39.177994 -29.810394 0.31496063,
  39.120306 -29.766441 0.31496063,39.004239 -29.698463 0.31496063,
  38.953386 -29.676448 0.31496063,38.953386 -29.417323 0.31496063,
  38.945746 -29.393811 0.31496063,38.925746 -29.379281 0.31496063,
  38.901025 -29.379281 0.31496063,38.881025 -29.393811 0.31496063,
  38.873386 -29.417323 0.31496063,38.873386 -29.642834 0.31496063,
  38.751806 -29.606912 0.31496063,38.608268 -29.582859 0.31496063,
  38.608268 -29.898334 0.31496063,38.720613 -29.913933 0.31496063,
  38.820684 -29.942792 0.31496063,38.915632 -29.9856 0.31496063,
  38.975354 -29.850394 0.31496063,38.970637 -29.874108 0.31496063,
  38.957204 -29.894212 0.31496063,38.9371 -29.907645 0.31496063,
  38.913386 -29.912362 0.31496063,38.889672 -29.907645 0.31496063,
  38.869567 -29.894212 0.31496063,38.856134 -29.874108 0.31496063,
  38.851417 -29.850394 0.31496063,38.856134 -29.826679 0.31496063,
  38.869567 -29.806575 0.31496063,38.889672 -29.793142 0.31496063,
  38.913386 -29.788425 0.31496063,38.9371 -29.793142 0.31496063,
  38.957204 -29.806575 0.31496063,38.970637 -29.826679 0.31496063,
  39.487165 -30.677165 0.31496063,39.482448 -30.70088 0.31496063,
  39.469015 -30.720984 0.31496063,39.448911 -30.734417 0.31496063,
  39.425197 -30.739134 0.31496063,39.401483 -30.734417 0.31496063,
  39.381379 -30.720984 0.31496063,39.367945 -30.70088 0.31496063,
  39.363228 -30.677165 0.31496063,39.367945 -30.653451 0.31496063,
  39.381379 -30.633347 0.31496063,39.401483 -30.619914 0.31496063,
  39.425197 -30.615197 0.31496063,39.448911 -30.619914 0.31496063,
  39.469015 -30.633347 0.31496063,39.482448 -30.653451 0.31496063,
  38.851417 -31.503937 0.31496063,38.856134 -31.480223 0.31496063,
  38.869567 -31.460119 0.31496063,38.889672 -31.446686 0.31496063,
  38.913386 -31.441969 0.31496063,38.9371 -31.446686 0.31496063,
  38.957204 -31.460119 0.31496063,38.970637 -31.480223 0.31496063,
  38.975354 -31.503937 0.31496063,38.970637 -31.527651 0.31496063,
  38.957204 -31.547755 0.31496063,38.9371 -31.561188 0.31496063,
  38.913386 -31.565906 0.31496063,38.889672 -31.561188 0.31496063,
  38.869567 -31.547755 0.31496063,38.856134 -31.527651 0.31496063] }
 coordIndex [
  9,11,8,-1,8,11,12,-1,8,12,7,-1,7,12,13,-1,7,13,6,-1,6,13,14,-1,6,14,5,-1,5,14,15,-1,
  5,15,4,-1,4,15,16,-1,4,16,3,-1,3,16,17,-1,3,17,2,-1,2,17,18,-1,2,18,1,-1,1,18,19,-1,
  1,19,0,-1,29,31,28,-1,28,31,32,-1,28,32,27,-1,27,32,33,-1,27,33,26,-1,26,33,34,-1,26,34,25,-1,
  25,34,35,-1,25,35,24,-1,24,35,36,-1,24,36,23,-1,23,36,37,-1,23,37,22,-1,22,37,38,-1,22,38,21,-1,
  21,38,39,-1,21,39,20,-1,49,51,48,-1,48,51,52,-1,48,52,47,-1,47,52,53,-1,47,53,46,-1,46,53,54,-1,
  46,54,45,-1,45,54,55,-1,45,55,44,-1,44,55,56,-1,44,56,43,-1,43,56,57,-1,43,57,42,-1,42,57,58,-1,
  42,58,41,-1,41,58,59,-1,41,59,40,-1,69,71,68,-1,68,71,72,-1,68,72,67,-1,67,72,73,-1,67,73,66,-1,
  66,73,74,-1,66,74,65,-1,65,74,75,-1,65,75,64,-1,64,75,76,-1,64,76,63,-1,63,76,77,-1,63,77,62,-1,
  62,77,78,-1,62,78,61,-1,61,78,79,-1,61,79,60,-1,89,91,88,-1,88,91,92,-1,88,92,87,-1,87,92,93,-1,
  87,93,86,-1,86,93,94,-1,86,94,85,-1,85,94,95,-1,85,95,84,-1,84,95,96,-1,84,96,83,-1,83,96,97,-1,
  83,97,82,-1,82,97,98,-1,82,98,81,-1,81,98,99,-1,81,99,80,-1,109,111,108,-1,108,111,112,-1,108,112,107,-1,
  107,112,113,-1,107,113,106,-1,106,113,114,-1,106,114,105,-1,105,114,115,-1,105,115,104,-1,104,115,116,-1,104,116,103,-1,
  103,116,117,-1,103,117,102,-1,102,117,118,-1,102,118,101,-1,101,118,119,-1,101,119,100,-1,129,131,128,-1,128,131,132,-1,
  128,132,127,-1,127,132,133,-1,127,133,126,-1,126,133,134,-1,126,134,125,-1,125,134,135,-1,125,135,124,-1,124,135,136,-1,
  124,136,123,-1,123,136,137,-1,123,137,122,-1,122,137,138,-1,122,138,121,-1,121,138,139,-1,121,139,120,-1,149,151,148,-1,
  148,151,152,-1,148,152,147,-1,147,152,153,-1,147,153,146,-1,146,153,154,-1,146,154,145,-1,145,154,155,-1,145,155,144,-1,
  144,155,156,-1,144,156,143,-1,143,156,157,-1,143,157,142,-1,142,157,158,-1,142,158,141,-1,141,158,159,-1,141,159,140,-1,
  169,171,168,-1,168,171,172,-1,168,172,167,-1,167,172,173,-1,167,173,166,-1,166,173,174,-1,166,174,165,-1,165,174,175,-1,
  165,175,164,-1,164,175,176,-1,164,176,163,-1,163,176,177,-1,163,177,162,-1,162,177,178,-1,162,178,161,-1,161,178,179,-1,
  161,179,160,-1,189,191,188,-1,188,191,192,-1,188,192,187,-1,187,192,193,-1,187,193,186,-1,186,193,194,-1,186,194,185,-1,
  185,194,195,-1,185,195,184,-1,184,195,196,-1,184,196,183,-1,183,196,197,-1,183,197,182,-1,182,197,198,-1,182,198,181,-1,
  181,198,199,-1,181,199,180,-1,209,211,208,-1,208,211,212,-1,208,212,207,-1,207,212,213,-1,207,213,206,-1,206,213,214,-1,
  206,214,205,-1,205,214,215,-1,205,215,204,-1,204,215,216,-1,204,216,203,-1,203,216,217,-1,203,217,202,-1,202,217,218,-1,
  202,218,201,-1,201,218,219,-1,201,219,200,-1,229,231,228,-1,228,231,232,-1,228,232,227,-1,227,232,233,-1,227,233,226,-1,
  226,233,234,-1,226,234,225,-1,225,234,235,-1,225,235,224,-1,224,235,236,-1,224,236,223,-1,223,236,237,-1,223,237,222,-1,
  222,237,238,-1,222,238,221,-1,221,238,239,-1,221,239,220,-1,249,251,248,-1,248,251,252,-1,248,252,247,-1,247,252,253,-1,
  247,253,246,-1,246,253,254,-1,246,254,245,-1,245,254,255,-1,245,255,244,-1,244,255,256,-1,244,256,243,-1,243,256,257,-1,
  243,257,242,-1,242,257,258,-1,242,258,241,-1,241,258,259,-1,241,259,240,-1,269,271,268,-1,268,271,272,-1,268,272,267,-1,
  267,272,273,-1,267,273,266,-1,266,273,274,-1,266,274,265,-1,265,274,275,-1,265,275,264,-1,264,275,276,-1,264,276,263,-1,
  263,276,277,-1,263,277,262,-1,262,277,278,-1,262,278,261,-1,261,278,279,-1,261,279,260,-1,289,291,288,-1,288,291,292,-1,
  288,292,287,-1,287,292,293,-1,287,293,286,-1,286,293,294,-1,286,294,285,-1,285,294,295,-1,285,295,284,-1,284,295,296,-1,
  284,296,283,-1,283,296,297,-1,283,297,282,-1,282,297,298,-1,282,298,281,-1,281,298,299,-1,281,299,280,-1,309,311,308,-1,
  308,311,312,-1,308,312,307,-1,307,312,313,-1,307,313,306,-1,306,313,314,-1,306,314,305,-1,305,314,315,-1,305,315,304,-1,
  304,315,316,-1,304,316,303,-1,303,316,317,-1,303,317,302,-1,302,317,318,-1,302,318,301,-1,301,318,319,-1,301,319,300,-1,
  329,331,328,-1,328,331,332,-1,328,332,327,-1,327,332,333,-1,327,333,326,-1,326,333,334,-1,326,334,325,-1,325,334,335,-1,
  325,335,324,-1,324,335,336,-1,324,336,323,-1,323,336,337,-1,323,337,322,-1,322,337,338,-1,322,338,321,-1,321,338,339,-1,
  321,339,320,-1,349,351,348,-1,348,351,352,-1,348,352,347,-1,347,352,353,-1,347,353,346,-1,346,353,354,-1,346,354,345,-1,
  345,354,355,-1,345,355,344,-1,344,355,356,-1,344,356,343,-1,343,356,357,-1,343,357,342,-1,342,357,358,-1,342,358,341,-1,
  341,358,359,-1,341,359,340,-1,369,371,368,-1,368,371,372,-1,368,372,367,-1,367,372,373,-1,367,373,366,-1,366,373,374,-1,
  366,374,365,-1,365,374,375,-1,365,375,364,-1,364,375,376,-1,364,376,363,-1,363,376,377,-1,363,377,362,-1,362,377,378,-1,
  362,378,361,-1,361,378,379,-1,361,379,360,-1,444,445,498,-1,444,498,499,-1,444,499,500,-1,444,500,501,-1,444,501,502,-1,
  444,502,439,-1,444,439,443,-1,445,446,495,-1,445,495,496,-1,445,496,497,-1,445,497,498,-1,446,447,430,-1,446,430,431,-1,
  446,431,494,-1,446,494,495,-1,440,441,442,-1,440,442,443,-1,440,443,439,-1,502,503,439,-1,439,503,504,-1,439,504,438,-1,
  438,504,436,-1,438,436,437,-1,431,433,507,-1,507,433,434,-1,507,434,506,-1,506,434,435,-1,506,435,505,-1,505,435,436,-1,
  505,436,504,-1,431,507,508,-1,431,508,509,-1,431,509,494,-1,430,447,429,-1,429,447,448,-1,429,448,428,-1,428,448,449,-1,
  428,449,450,-1,450,421,428,-1,428,421,422,-1,428,422,427,-1,427,422,423,-1,427,423,426,-1,426,423,424,-1,426,424,425,-1,
  385,386,384,-1,384,386,476,-1,384,476,383,-1,383,476,477,-1,383,477,462,-1,383,462,380,-1,383,380,381,-1,383,381,382,-1,
  476,386,475,-1,475,386,387,-1,475,387,474,-1,474,387,388,-1,474,388,473,-1,473,388,389,-1,473,389,390,-1,391,392,460,-1,
  391,460,470,-1,391,470,471,-1,391,471,472,-1,391,472,473,-1,391,473,390,-1,456,457,394,-1,394,457,458,-1,394,458,393,-1,
  393,458,459,-1,393,459,392,-1,392,459,460,-1,401,402,420,-1,401,420,454,-1,401,454,455,-1,401,455,456,-1,401,456,394,-1,
  401,394,395,-1,401,395,400,-1,396,397,399,-1,396,399,400,-1,396,400,395,-1,380,462,463,-1,380,463,464,-1,380,464,465,-1,
  380,465,466,-1,380,466,461,-1,461,466,467,-1,461,467,468,-1,461,468,469,-1,461,469,460,-1,402,403,491,-1,402,491,492,-1,
  402,492,493,-1,402,493,478,-1,402,478,420,-1,403,404,488,-1,403,488,489,-1,403,489,490,-1,403,490,491,-1,404,405,417,-1,
  404,417,486,-1,404,486,487,-1,404,487,488,-1,416,417,405,-1,416,405,406,-1,416,406,407,-1,416,407,415,-1,407,408,415,-1,
  415,408,409,-1,415,409,414,-1,414,409,410,-1,414,410,413,-1,413,410,411,-1,413,411,412,-1,450,451,421,-1,421,451,452,-1,
  421,452,420,-1,420,452,453,-1,420,453,454,-1,420,478,479,-1,420,479,480,-1,420,480,481,-1,420,481,419,-1,419,481,482,-1,
  419,482,483,-1,419,483,484,-1,419,484,418,-1,418,484,485,-1,418,485,486,-1,418,486,417,-1,519,521,518,-1,518,521,522,-1,
  518,522,517,-1,517,522,523,-1,517,523,516,-1,516,523,524,-1,516,524,515,-1,515,524,525,-1,515,525,514,-1,514,525,526,-1,
  514,526,513,-1,513,526,527,-1,513,527,512,-1,512,527,528,-1,512,528,511,-1,511,528,529,-1,511,529,510,-1,539,541,538,-1,
  538,541,542,-1,538,542,537,-1,537,542,543,-1,537,543,536,-1,536,543,544,-1,536,544,535,-1,535,544,545,-1,535,545,534,-1,
  534,545,546,-1,534,546,533,-1,533,546,547,-1,533,547,532,-1,532,547,548,-1,532,548,531,-1,531,548,549,-1,531,549,530,-1,
  559,561,558,-1,558,561,562,-1,558,562,557,-1,557,562,563,-1,557,563,556,-1,556,563,564,-1,556,564,555,-1,555,564,565,-1,
  555,565,554,-1,554,565,566,-1,554,566,553,-1,553,566,567,-1,553,567,552,-1,552,567,568,-1,552,568,551,-1,551,568,569,-1,
  551,569,550,-1,579,581,578,-1,578,581,582,-1,578,582,577,-1,577,582,583,-1,577,583,576,-1,576,583,584,-1,576,584,575,-1,
  575,584,585,-1,575,585,574,-1,574,585,586,-1,574,586,573,-1,573,586,587,-1,573,587,572,-1,572,587,588,-1,572,588,571,-1,
  571,588,589,-1,571,589,570,-1,599,601,598,-1,598,601,602,-1,598,602,597,-1,597,602,603,-1,597,603,596,-1,596,603,604,-1,
  596,604,595,-1,595,604,605,-1,595,605,594,-1,594,605,606,-1,594,606,593,-1,593,606,607,-1,593,607,592,-1,592,607,608,-1,
  592,608,591,-1,591,608,609,-1,591,609,590,-1,619,621,618,-1,618,621,622,-1,618,622,617,-1,617,622,623,-1,617,623,616,-1,
  616,623,624,-1,616,624,615,-1,615,624,625,-1,615,625,614,-1,614,625,626,-1,614,626,613,-1,613,626,627,-1,613,627,612,-1,
  612,627,628,-1,612,628,611,-1,611,628,629,-1,611,629,610,-1,639,641,638,-1,638,641,642,-1,638,642,637,-1,637,642,643,-1,
  637,643,636,-1,636,643,644,-1,636,644,635,-1,635,644,645,-1,635,645,634,-1,634,645,646,-1,634,646,633,-1,633,646,647,-1,
  633,647,632,-1,632,647,648,-1,632,648,631,-1,631,648,649,-1,631,649,630,-1,659,661,658,-1,658,661,662,-1,658,662,657,-1,
  657,662,663,-1,657,663,656,-1,656,663,664,-1,656,664,655,-1,655,664,665,-1,655,665,654,-1,654,665,666,-1,654,666,653,-1,
  653,666,667,-1,653,667,652,-1,652,667,668,-1,652,668,651,-1,651,668,669,-1,651,669,650,-1,679,681,678,-1,678,681,682,-1,
  678,682,677,-1,677,682,683,-1,677,683,676,-1,676,683,684,-1,676,684,675,-1,675,684,685,-1,675,685,674,-1,674,685,686,-1,
  674,686,673,-1,673,686,687,-1,673,687,672,-1,672,687,688,-1,672,688,671,-1,671,688,689,-1,671,689,670,-1,699,701,698,-1,
  698,701,702,-1,698,702,697,-1,697,702,703,-1,697,703,696,-1,696,703,704,-1,696,704,695,-1,695,704,705,-1,695,705,694,-1,
  694,705,706,-1,694,706,693,-1,693,706,707,-1,693,707,692,-1,692,707,708,-1,692,708,691,-1,691,708,709,-1,691,709,690,-1,
  719,721,718,-1,718,721,722,-1,718,722,717,-1,717,722,723,-1,717,723,716,-1,716,723,724,-1,716,724,715,-1,715,724,725,-1,
  715,725,714,-1,714,725,726,-1,714,726,713,-1,713,726,727,-1,713,727,712,-1,712,727,728,-1,712,728,711,-1,711,728,729,-1,
  711,729,710,-1,739,741,738,-1,738,741,742,-1,738,742,737,-1,737,742,743,-1,737,743,736,-1,736,743,744,-1,736,744,735,-1,
  735,744,745,-1,735,745,734,-1,734,745,746,-1,734,746,733,-1,733,746,747,-1,733,747,732,-1,732,747,748,-1,732,748,731,-1,
  731,748,749,-1,731,749,730,-1,759,761,758,-1,758,761,762,-1,758,762,757,-1,757,762,763,-1,757,763,756,-1,756,763,764,-1,
  756,764,755,-1,755,764,765,-1,755,765,754,-1,754,765,766,-1,754,766,753,-1,753,766,767,-1,753,767,752,-1,752,767,768,-1,
  752,768,751,-1,751,768,769,-1,751,769,750,-1,779,781,778,-1,778,781,782,-1,778,782,777,-1,777,782,783,-1,777,783,776,-1,
  776,783,784,-1,776,784,775,-1,775,784,785,-1,775,785,774,-1,774,785,786,-1,774,786,773,-1,773,786,787,-1,773,787,772,-1,
  772,787,788,-1,772,788,771,-1,771,788,789,-1,771,789,770,-1,799,801,798,-1,798,801,802,-1,798,802,797,-1,797,802,803,-1,
  797,803,796,-1,796,803,804,-1,796,804,795,-1,795,804,805,-1,795,805,794,-1,794,805,806,-1,794,806,793,-1,793,806,807,-1,
  793,807,792,-1,792,807,808,-1,792,808,791,-1,791,808,809,-1,791,809,790,-1,883,903,882,-1,882,903,904,-1,882,904,881,-1,
  881,904,905,-1,881,905,880,-1,880,905,878,-1,880,878,879,-1,867,868,815,-1,867,815,816,-1,867,816,817,-1,867,817,848,-1,
  867,848,916,-1,867,916,866,-1,892,810,877,-1,877,810,811,-1,877,811,876,-1,876,811,812,-1,876,812,875,-1,875,812,813,-1,
  875,813,868,-1,868,813,814,-1,868,814,815,-1,923,908,864,-1,864,908,851,-1,864,851,863,-1,863,851,852,-1,863,852,862,-1,
  862,852,853,-1,862,853,861,-1,861,853,854,-1,861,854,860,-1,860,854,855,-1,860,855,856,-1,865,866,920,-1,865,920,921,-1,
  865,921,922,-1,865,922,923,-1,865,923,864,-1,866,916,917,-1,866,917,918,-1,866,918,919,-1,866,919,920,-1,817,818,848,-1,
  848,818,819,-1,848,819,847,-1,847,819,820,-1,847,820,821,-1,859,860,856,-1,859,856,857,-1,859,857,858,-1,909,910,850,-1,
  909,850,851,-1,909,851,908,-1,910,911,850,-1,850,911,912,-1,850,912,849,-1,849,912,913,-1,849,913,914,-1,849,914,915,-1,
  849,915,916,-1,849,916,848,-1,821,840,847,-1,847,840,841,-1,847,841,846,-1,846,841,842,-1,846,842,845,-1,845,842,843,-1,
  845,843,844,-1,931,932,824,-1,824,932,838,-1,824,838,823,-1,823,838,839,-1,823,839,822,-1,822,839,840,-1,822,840,821,-1,
  834,835,935,-1,935,835,837,-1,935,837,934,-1,934,837,838,-1,934,838,933,-1,933,838,932,-1,830,832,937,-1,937,832,833,-1,
  937,833,936,-1,936,833,834,-1,936,834,935,-1,830,937,938,-1,830,938,939,-1,830,939,924,-1,830,924,826,-1,830,826,827,-1,
  830,827,828,-1,830,828,829,-1,927,928,825,-1,825,928,929,-1,825,929,824,-1,824,929,930,-1,824,930,931,-1,825,826,925,-1,
  825,925,926,-1,825,926,927,-1,868,869,874,-1,874,869,870,-1,874,870,873,-1,873,870,871,-1,873,871,872,-1,877,878,906,-1,
  877,906,907,-1,877,907,892,-1,901,902,885,-1,885,902,903,-1,885,903,884,-1,884,903,883,-1,897,898,891,-1,891,898,899,-1,
  891,899,890,-1,890,899,900,-1,890,900,885,-1,885,900,901,-1,886,887,889,-1,886,889,890,-1,886,890,885,-1,810,892,893,-1,
  810,893,894,-1,810,894,895,-1,810,895,891,-1,896,897,891,-1,896,891,895,-1,832,830,831,-1,889,887,888,-1,878,905,906,-1,
  875,868,874,-1,925,826,924,-1,837,835,836,-1,801,799,800,-1,781,779,780,-1,761,759,760,-1,741,739,740,-1,721,719,720,-1,
  701,699,700,-1,681,679,680,-1,661,659,660,-1,641,639,640,-1,621,619,620,-1,601,599,600,-1,581,579,580,-1,561,559,560,-1,
  541,539,540,-1,521,519,520,-1,460,469,470,-1,399,397,398,-1,433,431,432,-1,371,369,370,-1,351,349,350,-1,331,329,330,-1,
  311,309,310,-1,291,289,290,-1,271,269,270,-1,251,249,250,-1,231,229,230,-1,211,209,210,-1,191,189,190,-1,171,169,170,-1,
  151,149,150,-1,131,129,130,-1,111,109,110,-1,91,89,90,-1,71,69,70,-1,51,49,50,-1,31,29,30,-1,11,9,10,-1]
  normalPerVertex TRUE
  normal DEF NORM_3 Normal { vector [
  0 0 1,0 0 1,
  0 0 1,0 0 1,
  0 0 1,0 0 1,
  0 0 1,0 0 1,
  0 0 1,0 0 1,
  0 0 1,0 0 1,
  0 0 1,0 0 1,
  0 0 1,0 0 1,
  0 0 1,0 0 1,
  0 0 1,0 0 1,
  0 0 1,0 0 1,
  0 0 1,0 0 1,
  0 0 1,0 0 1,
  0 0 1,0 0 1,
  0 0 1,0 0 1,
  0 0 1,0 0 1,
  0 0 1,0 0 1,
  0 0 1,0 0 1,
  0 0 1,0 0 1,
  0 0 1,0 0 1,
  0 0 1,0 0 1,
  0 0 1,0 0 1,
  0 0 1,0 0 1,
  0 0 1,0 0 1,
  0 0 1,0 0 1,
  0 0 1,0 0 1,
  0 0 1,0 0 1,
  0 0 1,0 0 1,
  0 0 1,0 0 1,
  0 0 1,0 0 1,
  0 0 1,0 0 1,
  0 0 1,0 0 1,
  0 0 1,0 0 1,
  0 0 1,0 0 1,
  0 0 1,0 0 1,
  0 0 1,0 0 1,
  0 0 1,0 0 1,
  0 0 1,0 0 1,
  0 0 1,0 0 1,
  0 0 1,0 0 1,
  0 0 1,0 0 1,
  0 0 1,0 0 1,
  0 0 1,0 0 1,
  0 0 1,0 0 1,
  0 0 1,0 0 1,
  0 0 1,0 0 1,
  0 0 1,0 0 1,
  0 0 1,0 0 1,
  0 0 1,0 0 1,
  0 0 1,0 0 1,
  0 0 1,0 0 1,
  0 0 1,0 0 1,
  0 0 1,0 0 1,
  0 0 1,0 0 1,
  0 0 1,0 0 1,
  0 0 1,0 0 1,
  0 0 1,0 0 1,
  0 0 1,0 0 1,
  0 0 1,0 0 1,
  0 0 1,0 0 1,
  0 0 1,0 0 1,
  0 0 1,0 0 1,
  0 0 1,0 0 1,
  0 0 1,0 0 1,
  0 0 1,0 0 1,
  0 0 1,0 0 1,
  0 0 1,0 0 1,
  0 0 1,0 0 1,
  0 0 1,0 0 1,
  0 0 1,0 0 1,
  0 0 1,0 0 1,
  0 0 1,0 0 1,
  0 0 1,0 0 1,
  0 0 1,0 0 1,
  0 0 1,0 0 1,
  0 0 1,0 0 1,
  0 0 1,0 0 1,
  0 0 1,0 0 1,
  0 0 1,0 0 1,
  0 0 1,0 0 1,
  0 0 1,0 0 1,
  0 0 1,0 0 1,
  0 0 1,0 0 1,
  0 0 1,0 0 1,
  0 0 1,0 0 1,
  0 0 1,0 0 1,
  0 0 1,0 0 1,
  0 0 1,0 0 1,
  0 0 1,0 0 1,
  0 0 1,0 0 1,
  0 0 1,0 0 1,
  0 0 1,0 0 1,
  0 0 1,0 0 1,
  0 0 1,0 0 1,
  0 0 1,0 0 1,
  0 0 1,0 0 1,
  0 0 1,0 0 1,
  0 0 1,0 0 1,
  0 0 1,0 0 1,
  0 0 1,0 0 1,
  0 0 1,0 0 1,
  0 0 1,0 0 1,
  0 0 1,0 0 1,
  0 0 1,0 0 1,
  0 0 1,0 0 1,
  0 0 1,0 0 1,
  0 0 1,0 0 1,
  0 0 1,0 0 1,
  0 0 1,0 0 1,
  0 0 1,0 0 1,
  0 0 1,0 0 1,
  0 0 1,0 0 1,
  0 0 1,0 0 1,
  0 0 1,0 0 1,
  0 0 1,0 0 1,
  0 0 1,0 0 1,
  0 0 1,0 0 1,
  0 0 1,0 0 1,
  0 0 1,0 0 1,
  0 0 1,0 0 1,
  0 0 1,0 0 1,
  0 0 1,0 0 1,
  0 0 1,0 0 1,
  0 0 1,0 0 1,
  0 0 1,0 0 1,
  0 0 1,0 0 1,
  0 0 1,0 0 1,
  0 0 1,0 0 1,
  0 0 1,0 0 1,
  0 0 1,0 0 1,
  0 0 1,0 0 1,
  0 0 1,0 0 1,
  0 0 1,0 0 1,
  0 0 1,0 0 1,
  0 0 1,0 0 1,
  0 0 1,0 0 1,
  0 0 1,0 0 1,
  0 0 1,0 0 1,
  0 0 1,0 0 1,
  0 0 1,0 0 1,
  0 0 1,0 0 1,
  0 0 1,0 0 1,
  0 0 1,0 0 1,
  0 0 1,0 0 1,
  0 0 1,0 0 1,
  0 0 1,0 0 1,
  0 0 1,0 0 1,
  0 0 1,0 0 1,
  0 0 1,0 0 1,
  0 0 1,0 0 1,
  0 0 1,0 0 1,
  0 0 1,0 0 1,
  0 0 1,0 0 1,
  0 0 1,0 0 1,
  0 0 1,0 0 1,
  0 0 1,0 0 1,
  0 0 1,0 0 1,
  0 0 1,0 0 1,
  0 0 1,0 0 1,
  0 0 1,0 0 1,
  0 0 1,0 0 1,
  0 0 1,0 0 1,
  0 0 1,0 0 1,
  0 0 1,0 0 1,
  0 0 1,0 0 1,
  0 0 1,0 0 1,
  0 0 1,0 0 1,
  0 0 1,0 0 1,
  0 0 1,0 0 1,
  0 0 1,0 0 1,
  0 0 1,0 0 1,
  0 0 1,0 0 1,
  0 0 1,0 0 1,
  0 0 1,0 0 1,
  0 0 1,0 0 1,
  0 0 1,0 0 1,
  0 0 1,0 0 1,
  0 0 1,0 0 1,
  0 0 1,0 0 1,
  0 0 1,0 0 1,
  0 0 1,0 0 1,
  0 0 1,0 0 1,
  0 0 1,0 0 1,
  0 0 1,0 0 1,
  0 0 1,0 0 1,
  0 0 1,0 0 1,
  0 0 1,0 0 1,
  0 0 1,0 0 1,
  0 0 1,0 0 1,
  0 0 1,0 0 1,
  0 0 1,0 0 1,
  0 0 1,0 0 1,
  0 0 1,0 0 1,
  0 0 1,0 0 1,
  0 0 1,0 0 1,
  0 0 1,0 0 1,
  0 0 1,0 0 1,
  0 0 1,0 0 1,
  0 0 1,0 0 1,
  0 0 1,0 0 1,
  0 0 1,0 0 1,
  0 0 1,0 0 1,
  0 0 1,0 0 1,
  0 0 1,0 0 1,
  0 0 1,0 0 1,
  0 0 1,0 0 1,
  0 0 1,0 0 1,
  0 0 1,0 0 1,
  0 0 1,0 0 1,
  0 0 1,0 0 1,
  0 0 1,0 0 1,
  0 0 1,0 0 1,
  0 0 1,0 0 1,
  0 0 1,0 0 1,
  0 0 1,0 0 1,
  0 0 1,0 0 1,
  0 0 1,0 0 1,
  0 0 1,0 0 1,
  0 0 1,0 0 1,
  0 0 1,0 0 1,
  0 0 1,0 0 1,
  0 0 1,0 0 1,
  0 0 1,0 0 1,
  0 0 1,0 0 1,
  0 0 1,0 0 1,
  0 0 1,0 0 1,
  0 0 1,0 0 1,
  0 0 1,0 0 1,
  0 0 1,0 0 1,
  0 0 1,0 0 1,
  0 0 1,0 0 1,
  0 0 1,0 0 1,
  0 0 1,0 0 1,
  0 0 1,0 0 1,
  0 0 1,0 0 1,
  0 0 1,0 0 1,
  0 0 1,0 0 1,
  0 0 1,0 0 1,
  0 0 1,0 0 1,
  0 0 1,0 0 1,
  0 0 1,0 0 1,
  0 0 1,0 0 1,
  0 0 1,0 0 1,
  0 0 1,0 0 1,
  0 0 1,0 0 1,
  0 0 1,0 0 1,
  0 0 1,0 0 1,
  0 0 1,0 0 1,
  0 0 1,0 0 1,
  0 0 1,0 0 1,
  0 0 1,0 0 1,
  0 0 1,0 0 1,
  0 0 1,0 0 1,
  0 0 1,0 0 1,
  0 0 1,0 0 1,
  0 0 1,0 0 1,
  0 0 1,0 0 1,
  0 0 1,0 0 1,
  0 0 1,0 0 1,
  0 0 1,0 0 1,
  0 0 1,0 0 1,
  0 0 1,0 0 1,
  0 0 1,0 0 1,
  0 0 1,0 0 1,
  0 0 1,0 0 1,
  0 0 1,0 0 1,
  0 0 1,0 0 1,
  0 0 1,0 0 1,
  0 0 1,0 0 1,
  0 0 1,0 0 1,
  0 0 1,0 0 1,
  0 0 1,0 0 1,
  0 0 1,0 0 1,
  0 0 1,0 0 1,
  0 0 1,0 0 1,
  0 0 1,0 0 1,
  0 0 1,0 0 1,
  0 0 1,0 0 1,
  0 0 1,0 0 1,
  0 0 1,0 0 1,
  0 0 1,0 0 1,
  0 0 1,0 0 1,
  0 0 1,0 0 1,
  0 0 1,0 0 1,
  0 0 1,0 0 1,
  0 0 1,0 0 1,
  0 0 1,0 0 1,
  0 0 1,0 0 1,
  0 0 1,0 0 1,
  0 0 1,0 0 1,
  0 0 1,0 0 1,
  0 0 1,0 0 1,
  0 0 1,0 0 1,
  0 0 1,0 0 1,
  0 0 1,0 0 1,
  0 0 1,0 0 1,
  0 0 1,0 0 1,
  0 0 1,0 0 1,
  0 0 1,0 0 1,
  0 0 1,0 0 1,
  0 0 1,0 0 1,
  0 0 1,0 0 1,
  0 0 1,0 0 1,
  0 0 1,0 0 1,
  0 0 1,0 0 1,
  0 0 1,0 0 1,
  0 0 1,0 0 1,
  0 0 1,0 0 1,
  0 0 1,0 0 1,
  0 0 1,0 0 1,
  0 0 1,0 0 1,
  0 0 1,0 0 1,
  0 0 1,0 0 1,
  0 0 1,0 0 1,
  0 0 1,0 0 1,
  0 0 1,0 0 1,
  0 0 1,0 0 1,
  0 0 1,0 0 1,
  0 0 1,0 0 1,
  0 0 1,0 0 1,
  0 0 1,0 0 1,
  0 0 1,0 0 1,
  0 0 1,0 0 1,
  0 0 1,0 0 1,
  0 0 1,0 0 1,
  0 0 1,0 0 1,
  0 0 1,0 0 1,
  0 0 1,0 0 1,
  0 0 1,0 0 1,
  0 0 1,0 0 1,
  0 0 1,0 0 1,
  0 0 1,0 0 1,
  0 0 1,0 0 1,
  0 0 1,0 0 1,
  0 0 1,0 0 1,
  0 0 1,0 0 1,
  0 0 1,0 0 1,
  0 0 1,0 0 1,
  0 0 1,0 0 1,
  0 0 1,0 0 1,
  0 0 1,0 0 1,
  0 0 1,0 0 1,
  0 0 1,0 0 1,
  0 0 1,0 0 1,
  0 0 1,0 0 1,
  0 0 1,0 0 1,
  0 0 1,0 0 1,
  0 0 1,0 0 1,
  0 0 1,0 0 1,
  0 0 1,0 0 1,
  0 0 1,0 0 1,
  0 0 1,0 0 1,
  0 0 1,0 0 1,
  0 0 1,0 0 1,
  0 0 1,0 0 1,
  0 0 1,0 0 1,
  0 0 1,0 0 1,
  0 0 1,0 0 1,
  0 0 1,0 0 1,
  0 0 1,0 0 1,
  0 0 1,0 0 1,
  0 0 1,0 0 1,
  0 0 1,0 0 1,
  0 0 1,0 0 1,
  0 0 1,0 0 1,
  0 0 1,0 0 1,
  0 0 1,0 0 1,
  0 0 1,0 0 1,
  0 0 1,0 0 1,
  0 0 1,0 0 1,
  0 0 1,0 0 1,
  0 0 1,0 0 1,
  0 0 1,0 0 1,
  0 0 1,0 0 1,
  0 0 1,0 0 1,
  0 0 1,0 0 1,
  0 0 1,0 0 1,
  0 0 1,0 0 1,
  0 0 1,0 0 1,
  0 0 1,0 0 1,
  0 0 1,0 0 1,
  0 0 1,0 0 1,
  0 0 1,0 0 1,
  0 0 1,0 0 1,
  0 0 1,0 0 1,
  0 0 1,0 0 1,
  0 0 1,0 0 1,
  0 0 1,0 0 1,
  0 0 1,0 0 1,
  0 0 1,0 0 1,
  0 0 1,0 0 1,
  0 0 1,0 0 1,
  0 0 1,0 0 1,
  0 0 1,0 0 1,
  0 0 1,0 0 1,
  0 0 1,0 0 1,
  0 0 1,0 0 1,
  0 0 1,0 0 1,
  0 0 1,0 0 1,
  0 0 1,0 0 1,
  0 0 1,0 0 1,
  0 0 1,0 0 1,
  0 0 1,0 0 1,
  0 0 1,0 0 1,
  0 0 1,0 0 1,
  0 0 1,0 0 1,
  0 0 1,0 0 1,
  0 0 1,0 0 1,
  0 0 1,0 0 1,
  0 0 1,0 0 1,
  0 0 1,0 0 1,
  0 0 1,0 0 1,
  0 0 1,0 0 1,
  0 0 1,0 0 1,
  0 0 1,0 0 1,
  0 0 1,0 0 1,
  0 0 1,0 0 1,
  0 0 1,0 0 1,
  0 0 1,0 0 1,
  0 0 1,0 0 1,
  0 0 1,0 0 1,
  0 0 1,0 0 1,
  0 0 1,0 0 1,
  0 0 1,0 0 1,
  0 0 1,0 0 1,
  0 0 1,0 0 1,
  0 0 1,0 0 1,
  0 0 1,0 0 1,
  0 0 1,0 0 1,
  0 0 1,0 0 1,
  0 0 1,0 0 1,
  0 0 1,0 0 1,
  0 0 1,0 0 1,
  0 0 1,0 0 1,
  0 0 1,0 0 1,
  0 0 1,0 0 1,
  0 0 1,0 0 1,
  0 0 1,0 0 1,
  0 0 1,0 0 1,
  0 0 1,0 0 1,
  0 0 1,0 0 1,
  0 0 1,0 0 1,
  0 0 1,0 0 1,
  0 0 1,0 0 1,
  0 0 1,0 0 1,
  0 0 1,0 0 1,
  0 0 1,0 0 1,
  0 0 1,0 0 1,
  0 0 1,0 0 1,
  0 0 1,0 0 1,
  0 0 1,0 0 1,
  0 0 1,0 0 1,
  0 0 1,0 0 1,
  0 0 1,0 0 1,
  0 0 1,0 0 1,
  0 0 1,0 0 1,
  0 0 1,0 0 1,
  0 0 1,0 0 1,
  0 0 1,0 0 1,
  0 0 1,0 0 1,
  0 0 1,0 0 1,
  0 0 1,0 0 1,
  0 0 1,0 0 1,
  0 0 1,0 0 1,
  0 0 1,0 0 1,
  0 0 1,0 0 1,
  0 0 1,0 0 1,
  0 0 1,0 0 1,
  0 0 1,0 0 1,
  0 0 1,0 0 1] }
}
}
] }
DEF TXFM_4 Transform {
  center 0 0 0
  rotation 0 0 1 0
  scale 1 1 1
  scaleOrientation 0 0 1 0
  translation 0 0 0
 children [
DEF SHAPE_4 Shape {
 appearance DEF APP_3 Appearance {
  material Material {
   ambientIntensity 1
   diffuseColor 0.07 0.30000001 0.12
   emissiveColor 0 0 0
   shininess 0.02
   specularColor 0.0099999998 0.029999999 0.0099999998
   transparency 0.25
} }
 geometry DEF FACE_4 IndexedFaceSet {
  coord DEF COORD_4 Coordinate { point [
  42.26437 -47.763465 0.31988189,42.26437 -47.232598 0.31988189,
  42.267796 -47.215378 0.31988189,42.27755 -47.200779 0.31988189,
  42.292149 -47.191024 0.31988189,42.30937 -47.187598 0.31988189,
  42.407165 -47.187598 0.31988189,42.424386 -47.191024 0.31988189,
  42.438985 -47.200779 0.31988189,42.44874 -47.215378 0.31988189,
  42.452165 -47.232598 0.31988189,42.452165 -47.763465 0.31988189,
  42.44874 -47.780685 0.31988189,42.438985 -47.795284 0.31988189,
  42.424386 -47.805039 0.31988189,42.407165 -47.808465 0.31988189,
  42.30937 -47.808465 0.31988189,42.292149 -47.805039 0.31988189,
  42.27755 -47.795284 0.31988189,42.267796 -47.780685 0.31988189,
  42.46122 -47.763465 0.31988189,42.46122 -47.232598 0.31988189,
  42.464646 -47.215378 0.31988189,42.474401 -47.200779 0.31988189,
  42.489 -47.191024 0.31988189,42.50622 -47.187598 0.31988189,
  42.604016 -47.187598 0.31988189,42.621237 -47.191024 0.31988189,
  42.635835 -47.200779 0.31988189,42.64559 -47.215378 0.31988189,
  42.649016 -47.232598 0.31988189,42.649016 -47.763465 0.31988189,
  42.64559 -47.780685 0.31988189,42.635835 -47.795284 0.31988189,
  42.621237 -47.805039 0.31988189,42.604016 -47.808465 0.31988189,
  42.50622 -47.808465 0.31988189,42.489 -47.805039 0.31988189,
  42.474401 -47.795284 0.31988189,42.464646 -47.780685 0.31988189,
  42.658071 -47.763465 0.31988189,42.658071 -47.232598 0.31988189,
  42.661496 -47.215378 0.31988189,42.671251 -47.200779 0.31988189,
  42.68585 -47.191024 0.31988189,42.703071 -47.187598 0.31988189,
  42.800866 -47.187598 0.31988189,42.818087 -47.191024 0.31988189,
  42.832686 -47.200779 0.31988189,42.842441 -47.215378 0.31988189,
  42.845866 -47.232598 0.31988189,42.845866 -47.763465 0.31988189,
  42.842441 -47.780685 0.31988189,42.832686 -47.795284 0.31988189,
  42.818087 -47.805039 0.31988189,42.800866 -47.808465 0.31988189,
  42.703071 -47.808465 0.31988189,42.68585 -47.805039 0.31988189,
  42.671251 -47.795284 0.31988189,42.661496 -47.780685 0.31988189,
  42.854921 -47.763465 0.31988189,42.854921 -47.232598 0.31988189,
  42.858347 -47.215378 0.31988189,42.868102 -47.200779 0.31988189,
  42.8827 -47.191024 0.31988189,42.899921 -47.187598 0.31988189,
  42.997717 -47.187598 0.31988189,43.014937 -47.191024 0.31988189,
  43.029536 -47.200779 0.31988189,43.039291 -47.215378 0.31988189,
  43.042717 -47.232598 0.31988189,43.042717 -47.763465 0.31988189,
  43.039291 -47.780685 0.31988189,43.029536 -47.795284 0.31988189,
  43.014937 -47.805039 0.31988189,42.997717 -47.808465 0.31988189,
  42.899921 -47.808465 0.31988189,42.8827 -47.805039 0.31988189,
  42.868102 -47.795284 0.31988189,42.858347 -47.780685 0.31988189,
  43.051772 -47.763465 0.31988189,43.051772 -47.232598 0.31988189,
  43.055197 -47.215378 0.31988189,43.064952 -47.200779 0.31988189,
  43.079551 -47.191024 0.31988189,43.096772 -47.187598 0.31988189,
  43.194567 -47.187598 0.31988189,43.211788 -47.191024 0.31988189,
  43.226387 -47.200779 0.31988189,43.236141 -47.215378 0.31988189,
  43.239567 -47.232598 0.31988189,43.239567 -47.763465 0.31988189,
  43.236141 -47.780685 0.31988189,43.226387 -47.795284 0.31988189,
  43.211788 -47.805039 0.31988189,43.194567 -47.808465 0.31988189,
  43.096772 -47.808465 0.31988189,43.079551 -47.805039 0.31988189,
  43.064952 -47.795284 0.31988189,43.055197 -47.780685 0.31988189,
  43.248622 -47.763465 0.31988189,43.248622 -47.232598 0.31988189,
  43.252048 -47.215378 0.31988189,43.261802 -47.200779 0.31988189,
  43.276401 -47.191024 0.31988189,43.293622 -47.187598 0.31988189,
  43.391417 -47.187598 0.31988189,43.408638 -47.191024 0.31988189,
  43.423237 -47.200779 0.31988189,43.432992 -47.215378 0.31988189,
  43.436417 -47.232598 0.31988189,43.436417 -47.763465 0.31988189,
  43.432992 -47.780685 0.31988189,43.423237 -47.795284 0.31988189,
  43.408638 -47.805039 0.31988189,43.391417 -47.808465 0.31988189,
  43.293622 -47.808465 0.31988189,43.276401 -47.805039 0.31988189,
  43.261802 -47.795284 0.31988189,43.252048 -47.780685 0.31988189,
  43.445472 -47.763465 0.31988189,43.445472 -47.232598 0.31988189,
  43.448898 -47.215378 0.31988189,43.458653 -47.200779 0.31988189,
  43.473252 -47.191024 0.31988189,43.490472 -47.187598 0.31988189,
  43.588268 -47.187598 0.31988189,43.605489 -47.191024 0.31988189,
  43.620087 -47.200779 0.31988189,43.629842 -47.215378 0.31988189,
  43.633268 -47.232598 0.31988189,43.633268 -47.763465 0.31988189,
  43.629842 -47.780685 0.31988189,43.620087 -47.795284 0.31988189,
  43.605489 -47.805039 0.31988189,43.588268 -47.808465 0.31988189,
  43.490472 -47.808465 0.31988189,43.473252 -47.805039 0.31988189,
  43.458653 -47.795284 0.31988189,43.448898 -47.780685 0.31988189,
  43.642323 -47.763465 0.31988189,43.642323 -47.232598 0.31988189,
  43.645748 -47.215378 0.31988189,43.655503 -47.200779 0.31988189,
  43.670102 -47.191024 0.31988189,43.687323 -47.187598 0.31988189,
  43.785118 -47.187598 0.31988189,43.802339 -47.191024 0.31988189,
  43.816938 -47.200779 0.31988189,43.826693 -47.215378 0.31988189,
  43.830118 -47.232598 0.31988189,43.830118 -47.763465 0.31988189,
  43.826693 -47.780685 0.31988189,43.816938 -47.795284 0.31988189,
  43.802339 -47.805039 0.31988189,43.785118 -47.808465 0.31988189,
  43.687323 -47.808465 0.31988189,43.670102 -47.805039 0.31988189,
  43.655503 -47.795284 0.31988189,43.645748 -47.780685 0.31988189,
  43.839173 -47.763465 0.31988189,43.839173 -47.232598 0.31988189,
  43.842599 -47.215378 0.31988189,43.852354 -47.200779 0.31988189,
  43.866952 -47.191024 0.31988189,43.884173 -47.187598 0.31988189,
  43.981969 -47.187598 0.31988189,43.999189 -47.191024 0.31988189,
  44.013788 -47.200779 0.31988189,44.023543 -47.215378 0.31988189,
  44.026969 -47.232598 0.31988189,44.026969 -47.763465 0.31988189,
  44.023543 -47.780685 0.31988189,44.013788 -47.795284 0.31988189,
  43.999189 -47.805039 0.31988189,43.981969 -47.808465 0.31988189,
  43.884173 -47.808465 0.31988189,43.866952 -47.805039 0.31988189,
  43.852354 -47.795284 0.31988189,43.842599 -47.780685 0.31988189,
  44.036024 -47.763465 0.31988189,44.036024 -47.232598 0.31988189,
  44.039449 -47.215378 0.31988189,44.049204 -47.200779 0.31988189,
  44.063803 -47.191024 0.31988189,44.081024 -47.187598 0.31988189,
  44.178819 -47.187598 0.31988189,44.19604 -47.191024 0.31988189,
  44.210639 -47.200779 0.31988189,44.220393 -47.215378 0.31988189,
  44.223819 -47.232598 0.31988189,44.223819 -47.763465 0.31988189,
  44.220393 -47.780685 0.31988189,44.210639 -47.795284 0.31988189,
  44.19604 -47.805039 0.31988189,44.178819 -47.808465 0.31988189,
  44.081024 -47.808465 0.31988189,44.063803 -47.805039 0.31988189,
  44.049204 -47.795284 0.31988189,44.039449 -47.780685 0.31988189,
  44.232874 -47.763465 0.31988189,44.232874 -47.232598 0.31988189,
  44.2363 -47.215378 0.31988189,44.246054 -47.200779 0.31988189,
  44.260653 -47.191024 0.31988189,44.277874 -47.187598 0.31988189,
  44.375669 -47.187598 0.31988189,44.39289 -47.191024 0.31988189,
  44.407489 -47.200779 0.31988189,44.417244 -47.215378 0.31988189,
  44.420669 -47.232598 0.31988189,44.420669 -47.763465 0.31988189,
  44.417244 -47.780685 0.31988189,44.407489 -47.795284 0.31988189,
  44.39289 -47.805039 0.31988189,44.375669 -47.808465 0.31988189,
  44.277874 -47.808465 0.31988189,44.260653 -47.805039 0.31988189,
  44.246054 -47.795284 0.31988189,44.2363 -47.780685 0.31988189,
  44.429724 -47.763465 0.31988189,44.429724 -47.232598 0.31988189,
  44.43315 -47.215378 0.31988189,44.442905 -47.200779 0.31988189,
  44.457504 -47.191024 0.31988189,44.474724 -47.187598 0.31988189,
  44.57252 -47.187598 0.31988189,44.589741 -47.191024 0.31988189,
  44.604339 -47.200779 0.31988189,44.614094 -47.215378 0.31988189,
  44.61752 -47.232598 0.31988189,44.61752 -47.763465 0.31988189,
  44.614094 -47.780685 0.31988189,44.604339 -47.795284 0.31988189,
  44.589741 -47.805039 0.31988189,44.57252 -47.808465 0.31988189,
  44.474724 -47.808465 0.31988189,44.457504 -47.805039 0.31988189,
  44.442905 -47.795284 0.31988189,44.43315 -47.780685 0.31988189,
  44.626575 -47.763465 0.31988189,44.626575 -47.232598 0.31988189,
  44.63 -47.215378 0.31988189,44.639755 -47.200779 0.31988189,
  44.654354 -47.191024 0.31988189,44.671575 -47.187598 0.31988189,
  44.76937 -47.187598 0.31988189,44.786591 -47.191024 0.31988189,
  44.80119 -47.200779 0.31988189,44.810944 -47.215378 0.31988189,
  44.81437 -47.232598 0.31988189,44.81437 -47.763465 0.31988189,
  44.810944 -47.780685 0.31988189,44.80119 -47.795284 0.31988189,
  44.786591 -47.805039 0.31988189,44.76937 -47.808465 0.31988189,
  44.671575 -47.808465 0.31988189,44.654354 -47.805039 0.31988189,
  44.639755 -47.795284 0.31988189,44.63 -47.780685 0.31988189,
  44.823425 -47.763465 0.31988189,44.823425 -47.232598 0.31988189,
  44.826851 -47.215378 0.31988189,44.836606 -47.200779 0.31988189,
  44.851204 -47.191024 0.31988189,44.868425 -47.187598 0.31988189,
  44.96622 -47.187598 0.31988189,44.983441 -47.191024 0.31988189,
  44.99804 -47.200779 0.31988189,45.007795 -47.215378 0.31988189,
  45.01122 -47.232598 0.31988189,45.01122 -47.763465 0.31988189,
  45.007795 -47.780685 0.31988189,44.99804 -47.795284 0.31988189,
  44.983441 -47.805039 0.31988189,44.96622 -47.808465 0.31988189,
  44.868425 -47.808465 0.31988189,44.851204 -47.805039 0.31988189,
  44.836606 -47.795284 0.31988189,44.826851 -47.780685 0.31988189,
  45.020276 -47.763465 0.31988189,45.020276 -47.232598 0.31988189,
  45.023701 -47.215378 0.31988189,45.033456 -47.200779 0.31988189,
  45.048055 -47.191024 0.31988189,45.065276 -47.187598 0.31988189,
  45.163071 -47.187598 0.31988189,45.180292 -47.191024 0.31988189,
  45.194891 -47.200779 0.31988189,45.204645 -47.215378 0.31988189,
  45.208071 -47.232598 0.31988189,45.208071 -47.763465 0.31988189,
  45.204645 -47.780685 0.31988189,45.194891 -47.795284 0.31988189,
  45.180292 -47.805039 0.31988189,45.163071 -47.808465 0.31988189,
  45.065276 -47.808465 0.31988189,45.048055 -47.805039 0.31988189,
  45.033456 -47.795284 0.31988189,45.023701 -47.780685 0.31988189,
  45.217126 -47.763465 0.31988189,45.217126 -47.232598 0.31988189,
  45.220552 -47.215378 0.31988189,45.230306 -47.200779 0.31988189,
  45.244905 -47.191024 0.31988189,45.262126 -47.187598 0.31988189,
  45.359921 -47.187598 0.31988189,45.377142 -47.191024 0.31988189,
  45.391741 -47.200779 0.31988189,45.401496 -47.215378 0.31988189,
  45.404921 -47.232598 0.31988189,45.404921 -47.763465 0.31988189,
  45.401496 -47.780685 0.31988189,45.391741 -47.795284 0.31988189,
  45.377142 -47.805039 0.31988189,45.359921 -47.808465 0.31988189,
  45.262126 -47.808465 0.31988189,45.244905 -47.805039 0.31988189,
  45.230306 -47.795284 0.31988189,45.220552 -47.780685 0.31988189,
  45.413976 -47.763465 0.31988189,45.413976 -47.232598 0.31988189,
  45.417402 -47.215378 0.31988189,45.427157 -47.200779 0.31988189,
  45.441756 -47.191024 0.31988189,45.458976 -47.187598 0.31988189,
  45.556772 -47.187598 0.31988189,45.573993 -47.191024 0.31988189,
  45.588591 -47.200779 0.31988189,45.598346 -47.215378 0.31988189,
  45.601772 -47.232598 0.31988189,45.601772 -47.763465 0.31988189,
  45.598346 -47.780685 0.31988189,45.588591 -47.795284 0.31988189,
  45.573993 -47.805039 0.31988189,45.556772 -47.808465 0.31988189,
  45.458976 -47.808465 0.31988189,45.441756 -47.805039 0.31988189,
  45.427157 -47.795284 0.31988189,45.417402 -47.780685 0.31988189,
  45.610827 -47.763465 0.31988189,45.610827 -47.232598 0.31988189,
  45.614252 -47.215378 0.31988189,45.624007 -47.200779 0.31988189,
  45.638606 -47.191024 0.31988189,45.655827 -47.187598 0.31988189,
  45.753622 -47.187598 0.31988189,45.770843 -47.191024 0.31988189,
  45.785442 -47.200779 0.31988189,45.795196 -47.215378 0.31988189,
  45.798622 -47.232598 0.31988189,45.798622 -47.763465 0.31988189,
  45.795196 -47.780685 0.31988189,45.785442 -47.795284 0.31988189,
  45.770843 -47.805039 0.31988189,45.753622 -47.808465 0.31988189,
  45.655827 -47.808465 0.31988189,45.638606 -47.805039 0.31988189,
  45.624007 -47.795284 0.31988189,45.614252 -47.780685 0.31988189,
  45.807677 -47.763465 0.31988189,45.807677 -47.232598 0.31988189,
  45.811103 -47.215378 0.31988189,45.820857 -47.200779 0.31988189,
  45.835456 -47.191024 0.31988189,45.852677 -47.187598 0.31988189,
  45.950472 -47.187598 0.31988189,45.967693 -47.191024 0.31988189,
  45.982292 -47.200779 0.31988189,45.992047 -47.215378 0.31988189,
  45.995472 -47.232598 0.31988189,45.995472 -47.763465 0.31988189,
  45.992047 -47.780685 0.31988189,45.982292 -47.795284 0.31988189,
  45.967693 -47.805039 0.31988189,45.950472 -47.808465 0.31988189,
  45.852677 -47.808465 0.31988189,45.835456 -47.805039 0.31988189,
  45.820857 -47.795284 0.31988189,45.811103 -47.780685 0.31988189,
  46.004528 -47.763465 0.31988189,46.004528 -47.232598 0.31988189,
  46.007953 -47.215378 0.31988189,46.017708 -47.200779 0.31988189,
  46.032307 -47.191024 0.31988189,46.049528 -47.187598 0.31988189,
  46.147323 -47.187598 0.31988189,46.164544 -47.191024 0.31988189,
  46.179143 -47.200779 0.31988189,46.188897 -47.215378 0.31988189,
  46.192323 -47.232598 0.31988189,46.192323 -47.763465 0.31988189,
  46.188897 -47.780685 0.31988189,46.179143 -47.795284 0.31988189,
  46.164544 -47.805039 0.31988189,46.147323 -47.808465 0.31988189,
  46.049528 -47.808465 0.31988189,46.032307 -47.805039 0.31988189,
  46.017708 -47.795284 0.31988189,46.007953 -47.780685 0.31988189,
  46.201378 -47.763465 0.31988189,46.201378 -47.232598 0.31988189,
  46.204804 -47.215378 0.31988189,46.214558 -47.200779 0.31988189,
  46.229157 -47.191024 0.31988189,46.246378 -47.187598 0.31988189,
  46.344173 -47.187598 0.31988189,46.361394 -47.191024 0.31988189,
  46.375993 -47.200779 0.31988189,46.385748 -47.215378 0.31988189,
  46.389173 -47.232598 0.31988189,46.389173 -47.763465 0.31988189,
  46.385748 -47.780685 0.31988189,46.375993 -47.795284 0.31988189,
  46.361394 -47.805039 0.31988189,46.344173 -47.808465 0.31988189,
  46.246378 -47.808465 0.31988189,46.229157 -47.805039 0.31988189,
  46.214558 -47.795284 0.31988189,46.204804 -47.780685 0.31988189,
  46.586024 -47.232598 0.31988189,46.586024 -47.763465 0.31988189,
  46.582598 -47.780685 0.31988189,46.572843 -47.795284 0.31988189,
  46.558244 -47.805039 0.31988189,46.541024 -47.808465 0.31988189,
  46.443228 -47.808465 0.31988189,46.426007 -47.805039 0.31988189,
  46.411409 -47.795284 0.31988189,46.401654 -47.780685 0.31988189,
  46.398228 -47.763465 0.31988189,46.398228 -47.232598 0.31988189,
  46.401654 -47.215378 0.31988189,46.411409 -47.200779 0.31988189,
  46.426007 -47.191024 0.31988189,46.443228 -47.187598 0.31988189,
  46.541024 -47.187598 0.31988189,46.558244 -47.191024 0.31988189,
  46.572843 -47.200779 0.31988189,46.582598 -47.215378 0.31988189,
  47.38248 -47.763465 0.31988189,47.38248 -47.232598 0.31988189,
  47.385906 -47.215378 0.31988189,47.395661 -47.200779 0.31988189,
  47.410259 -47.191024 0.31988189,47.42748 -47.187598 0.31988189,
  47.525276 -47.187598 0.31988189,47.542496 -47.191024 0.31988189,
  47.557095 -47.200779 0.31988189,47.56685 -47.215378 0.31988189,
  47.570276 -47.232598 0.31988189,47.570276 -47.763465 0.31988189,
  47.56685 -47.780685 0.31988189,47.557095 -47.795284 0.31988189,
  47.542496 -47.805039 0.31988189,47.525276 -47.808465 0.31988189,
  47.42748 -47.808465 0.31988189,47.410259 -47.805039 0.31988189,
  47.395661 -47.795284 0.31988189,47.385906 -47.780685 0.31988189,
  47.579331 -47.763465 0.31988189,47.579331 -47.232598 0.31988189,
  47.582756 -47.215378 0.31988189,47.592511 -47.200779 0.31988189,
  47.60711 -47.191024 0.31988189,47.624331 -47.187598 0.31988189,
  47.722126 -47.187598 0.31988189,47.739347 -47.191024 0.31988189,
  47.753946 -47.200779 0.31988189,47.7637 -47.215378 0.31988189,
  47.767126 -47.232598 0.31988189,47.767126 -47.763465 0.31988189,
  47.7637 -47.780685 0.31988189,47.753946 -47.795284 0.31988189,
  47.739347 -47.805039 0.31988189,47.722126 -47.808465 0.31988189,
  47.624331 -47.808465 0.31988189,47.60711 -47.805039 0.31988189,
  47.592511 -47.795284 0.31988189,47.582756 -47.780685 0.31988189,
  47.776181 -47.763465 0.31988189,47.776181 -47.232598 0.31988189,
  47.779607 -47.215378 0.31988189,47.789361 -47.200779 0.31988189,
  47.80396 -47.191024 0.31988189,47.821181 -47.187598 0.31988189,
  47.918976 -47.187598 0.31988189,47.936197 -47.191024 0.31988189,
  47.950796 -47.200779 0.31988189,47.960551 -47.215378 0.31988189,
  47.963976 -47.232598 0.31988189,47.963976 -47.763465 0.31988189,
  47.960551 -47.780685 0.31988189,47.950796 -47.795284 0.31988189,
  47.936197 -47.805039 0.31988189,47.918976 -47.808465 0.31988189,
  47.821181 -47.808465 0.31988189,47.80396 -47.805039 0.31988189,
  47.789361 -47.795284 0.31988189,47.779607 -47.780685 0.31988189,
  47.973031 -47.763465 0.31988189,47.973031 -47.232598 0.31988189,
  47.976457 -47.215378 0.31988189,47.986212 -47.200779 0.31988189,
  48.000811 -47.191024 0.31988189,48.018031 -47.187598 0.31988189,
  48.115827 -47.187598 0.31988189,48.133048 -47.191024 0.31988189,
  48.147646 -47.200779 0.31988189,48.157401 -47.215378 0.31988189,
  48.160827 -47.232598 0.31988189,48.160827 -47.763465 0.31988189,
  48.157401 -47.780685 0.31988189,48.147646 -47.795284 0.31988189,
  48.133048 -47.805039 0.31988189,48.115827 -47.808465 0.31988189,
  48.018031 -47.808465 0.31988189,48.000811 -47.805039 0.31988189,
  47.986212 -47.795284 0.31988189,47.976457 -47.780685 0.31988189,
  48.169882 -47.763465 0.31988189,48.169882 -47.232598 0.31988189,
  48.173307 -47.215378 0.31988189,48.183062 -47.200779 0.31988189,
  48.197661 -47.191024 0.31988189,48.214882 -47.187598 0.31988189,
  48.312677 -47.187598 0.31988189,48.329898 -47.191024 0.31988189,
  48.344497 -47.200779 0.31988189,48.354252 -47.215378 0.31988189,
  48.357677 -47.232598 0.31988189,48.357677 -47.763465 0.31988189,
  48.354252 -47.780685 0.31988189,48.344497 -47.795284 0.31988189,
  48.329898 -47.805039 0.31988189,48.312677 -47.808465 0.31988189,
  48.214882 -47.808465 0.31988189,48.197661 -47.805039 0.31988189,
  48.183062 -47.795284 0.31988189,48.173307 -47.780685 0.31988189,
  48.366732 -47.763465 0.31988189,48.366732 -47.232598 0.31988189,
  48.370158 -47.215378 0.31988189,48.379913 -47.200779 0.31988189,
  48.394511 -47.191024 0.31988189,48.411732 -47.187598 0.31988189,
  48.509528 -47.187598 0.31988189,48.526748 -47.191024 0.31988189,
  48.541347 -47.200779 0.31988189,48.551102 -47.215378 0.31988189,
  48.554528 -47.232598 0.31988189,48.554528 -47.763465 0.31988189,
  48.551102 -47.780685 0.31988189,48.541347 -47.795284 0.31988189,
  48.526748 -47.805039 0.31988189,48.509528 -47.808465 0.31988189,
  48.411732 -47.808465 0.31988189,48.394511 -47.805039 0.31988189,
  48.379913 -47.795284 0.31988189,48.370158 -47.780685 0.31988189,
  48.563583 -47.763465 0.31988189,48.563583 -47.232598 0.31988189,
  48.567008 -47.215378 0.31988189,48.576763 -47.200779 0.31988189,
  48.591362 -47.191024 0.31988189,48.608583 -47.187598 0.31988189,
  48.706378 -47.187598 0.31988189,48.723599 -47.191024 0.31988189,
  48.738198 -47.200779 0.31988189,48.747952 -47.215378 0.31988189,
  48.751378 -47.232598 0.31988189,48.751378 -47.763465 0.31988189,
  48.747952 -47.780685 0.31988189,48.738198 -47.795284 0.31988189,
  48.723599 -47.805039 0.31988189,48.706378 -47.808465 0.31988189,
  48.608583 -47.808465 0.31988189,48.591362 -47.805039 0.31988189,
  48.576763 -47.795284 0.31988189,48.567008 -47.780685 0.31988189,
  48.760433 -47.763465 0.31988189,48.760433 -47.232598 0.31988189,
  48.763859 -47.215378 0.31988189,48.773613 -47.200779 0.31988189,
  48.788212 -47.191024 0.31988189,48.805433 -47.187598 0.31988189,
  48.903228 -47.187598 0.31988189,48.920449 -47.191024 0.31988189,
  48.935048 -47.200779 0.31988189,48.944803 -47.215378 0.31988189,
  48.948228 -47.232598 0.31988189,48.948228 -47.763465 0.31988189,
  48.944803 -47.780685 0.31988189,48.935048 -47.795284 0.31988189,
  48.920449 -47.805039 0.31988189,48.903228 -47.808465 0.31988189,
  48.805433 -47.808465 0.31988189,48.788212 -47.805039 0.31988189,
  48.773613 -47.795284 0.31988189,48.763859 -47.780685 0.31988189,
  48.957283 -47.763465 0.31988189,48.957283 -47.232598 0.31988189,
  48.960709 -47.215378 0.31988189,48.970464 -47.200779 0.31988189,
  48.985063 -47.191024 0.31988189,49.002283 -47.187598 0.31988189,
  49.100079 -47.187598 0.31988189,49.1173 -47.191024 0.31988189,
  49.131898 -47.200779 0.31988189,49.141653 -47.215378 0.31988189,
  49.145079 -47.232598 0.31988189,49.145079 -47.763465 0.31988189,
  49.141653 -47.780685 0.31988189,49.131898 -47.795284 0.31988189,
  49.1173 -47.805039 0.31988189,49.100079 -47.808465 0.31988189,
  49.002283 -47.808465 0.31988189,48.985063 -47.805039 0.31988189,
  48.970464 -47.795284 0.31988189,48.960709 -47.780685 0.31988189,
  49.154134 -47.763465 0.31988189,49.154134 -47.232598 0.31988189,
  49.157559 -47.215378 0.31988189,49.167314 -47.200779 0.31988189,
  49.181913 -47.191024 0.31988189,49.199134 -47.187598 0.31988189,
  49.296929 -47.187598 0.31988189,49.31415 -47.191024 0.31988189,
  49.328749 -47.200779 0.31988189,49.338504 -47.215378 0.31988189,
  49.341929 -47.232598 0.31988189,49.341929 -47.763465 0.31988189,
  49.338504 -47.780685 0.31988189,49.328749 -47.795284 0.31988189,
  49.31415 -47.805039 0.31988189,49.296929 -47.808465 0.31988189,
  49.199134 -47.808465 0.31988189,49.181913 -47.805039 0.31988189,
  49.167314 -47.795284 0.31988189,49.157559 -47.780685 0.31988189,
  49.350984 -47.763465 0.31988189,49.350984 -47.232598 0.31988189,
  49.35441 -47.215378 0.31988189,49.364165 -47.200779 0.31988189,
  49.378763 -47.191024 0.31988189,49.395984 -47.187598 0.31988189,
  49.49378 -47.187598 0.31988189,49.511 -47.191024 0.31988189,
  49.525599 -47.200779 0.31988189,49.535354 -47.215378 0.31988189,
  49.53878 -47.232598 0.31988189,49.53878 -47.763465 0.31988189,
  49.535354 -47.780685 0.31988189,49.525599 -47.795284 0.31988189,
  49.511 -47.805039 0.31988189,49.49378 -47.808465 0.31988189,
  49.395984 -47.808465 0.31988189,49.378763 -47.805039 0.31988189,
  49.364165 -47.795284 0.31988189,49.35441 -47.780685 0.31988189,
  49.73563 -47.232598 0.31988189,49.73563 -47.763465 0.31988189,
  49.732204 -47.780685 0.31988189,49.72245 -47.795284 0.31988189,
  49.707851 -47.805039 0.31988189,49.69063 -47.808465 0.31988189,
  49.592835 -47.808465 0.31988189,49.575614 -47.805039 0.31988189,
  49.561015 -47.795284 0.31988189,49.55126 -47.780685 0.31988189,
  49.547835 -47.763465 0.31988189,49.547835 -47.232598 0.31988189,
  49.55126 -47.215378 0.31988189,49.561015 -47.200779 0.31988189,
  49.575614 -47.191024 0.31988189,49.592835 -47.187598 0.31988189,
  49.69063 -47.187598 0.31988189,49.707851 -47.191024 0.31988189,
  49.72245 -47.200779 0.31988189,49.732204 -47.215378 0.31988189,
  52.387777 -30.677165 0.31988189,52.395743 -30.545474 0.31988189,
  52.419524 -30.415704 0.31988189,52.458774 -30.289746 0.31988189,
  52.512921 -30.169438 0.31988189,52.581174 -30.056533 0.31988189,
  52.662539 -29.952679 0.31988189,52.755829 -29.859389 0.31988189,
  52.859683 -29.778024 0.31988189,52.972587 -29.709771 0.31988189,
  53.092896 -29.655625 0.31988189,53.218854 -29.616375 0.31988189,
  53.348624 -29.592594 0.31988189,53.480315 -29.584628 0.31988189,
  53.480315 -22.409449 0.31988189,38.519685 -22.409449 0.31988189,
  38.519685 -29.584628 0.31988189,38.651376 -29.592594 0.31988189,
  38.781146 -29.616375 0.31988189,38.907104 -29.655625 0.31988189,
  39.027413 -29.709771 0.31988189,39.140317 -29.778024 0.31988189,
  39.244171 -29.859389 0.31988189,39.337461 -29.952679 0.31988189,
  39.418826 -30.056533 0.31988189,39.487079 -30.169438 0.31988189,
  39.541226 -30.289746 0.31988189,39.580476 -30.415704 0.31988189,
  39.604257 -30.545474 0.31988189,39.612223 -30.677165 0.31988189,
  39.604257 -30.808856 0.31988189,39.580476 -30.938627 0.31988189,
  39.541226 -31.064584 0.31988189,39.487079 -31.184893 0.31988189,
  39.418826 -31.297798 0.31988189,39.337461 -31.401652 0.31988189,
  39.244171 -31.494942 0.31988189,39.140317 -31.576306 0.31988189,
  39.027413 -31.644559 0.31988189,38.907104 -31.698706 0.31988189,
  38.781146 -31.737956 0.31988189,38.651376 -31.761737 0.31988189,
  38.519685 -31.769703 0.31988189,38.519685 -46.425197 0.31988189,
  41.905512 -46.425197 0.31988189,41.963257 -46.438474 0.31988189,
  42.014721 -46.467839 0.31988189,42.055531 -46.510796 0.31988189,
  42.082219 -46.563697 0.31988189,42.09252 -46.622047 0.31988189,
  42.09252 -47.763465 0.31988189,42.09252 -48 0.31988189,
  46.797244 -48 0.31988189,46.797244 -46.858268 0.31988189,
  46.805293 -46.79713 0.31988189,46.828892 -46.740157 0.31988189,
  46.866431 -46.691235 0.31988189,46.915354 -46.653695 0.31988189,
  46.972326 -46.630096 0.31988189,47.033465 -46.622047 0.31988189,
  47.094603 -46.630096 0.31988189,47.151575 -46.653695 0.31988189,
  47.200498 -46.691235 0.31988189,47.238037 -46.740157 0.31988189,
  47.261636 -46.79713 0.31988189,47.269685 -46.858268 0.31988189,
  47.269685 -47.763465 0.31988189,47.269685 -48 0.31988189,
  49.90748 -48 0.31988189,49.90748 -46.622047 0.31988189,
  49.917356 -46.563483 0.31988189,49.943904 -46.510355 0.31988189,
  49.984809 -46.467296 0.31988189,50.036507 -46.43806 0.31988189,
  50.094488 -46.425197 0.31988189,53.480315 -46.425197 0.31988189,
  53.480315 -31.769703 0.31988189,53.348624 -31.761737 0.31988189,
  53.218854 -31.737956 0.31988189,53.092896 -31.698706 0.31988189,
  52.972587 -31.644559 0.31988189,52.859683 -31.576306 0.31988189,
  52.755829 -31.494942 0.31988189,52.662539 -31.401652 0.31988189,
  52.581174 -31.297798 0.31988189,52.512921 -31.184893 0.31988189,
  52.458774 -31.064584 0.31988189,52.419524 -30.938627 0.31988189,
  52.395743 -30.808856 0.31988189,39.198758 -30.676777 0.31988189,
  39.190428 -30.57093 0.31988189,39.165551 -30.467311 0.31988189,
  39.12477 -30.368859 0.31988189,39.069091 -30.277998 0.31988189,
  38.999884 -30.196967 0.31988189,38.918852 -30.127759 0.31988189,
  38.827992 -30.07208 0.31988189,38.7299 -30.031449 0.31988189,
  38.519685 -29.998154 0.31988189,38.519685 -31.356269 0.31988189,
  38.625921 -31.347908 0.31988189,38.729539 -31.323031 0.31988189,
  38.827992 -31.28225 0.31988189,38.918852 -31.226572 0.31988189,
  38.999884 -31.157364 0.31988189,39.069091 -31.076332 0.31988189,
  39.12477 -30.985472 0.31988189,39.165402 -30.88738 0.31988189,
  53.480315 -29.998062 0.31988189,53.374079 -30.006423 0.31988189,
  53.270461 -30.031299 0.31988189,53.172008 -30.07208 0.31988189,
  53.081148 -30.127759 0.31988189,53.000116 -30.196967 0.31988189,
  52.930909 -30.277998 0.31988189,52.87523 -30.368859 0.31988189,
  52.834598 -30.46695 0.31988189,52.801242 -30.677554 0.31988189,
  52.809572 -30.783401 0.31988189,52.834449 -30.887019 0.31988189,
  52.87523 -30.985472 0.31988189,52.930909 -31.076332 0.31988189,
  53.000116 -31.157364 0.31988189,53.081148 -31.226572 0.31988189,
  53.172008 -31.28225 0.31988189,53.2701 -31.322882 0.31988189,
  53.480315 -31.356176 0.31988189] }
 coordIndex [
  694,695,697,-1,694,697,698,-1,694,698,699,-1,694,699,700,-1,694,700,701,-1,694,701,702,-1,694,702,703,-1,694,703,704,-1,
  694,704,705,-1,694,705,706,-1,694,706,707,-1,694,707,708,-1,694,708,709,-1,694,709,724,-1,694,724,725,-1,694,725,726,-1,
  694,726,727,-1,694,727,728,-1,694,728,729,-1,694,729,2,-1,694,2,3,-1,694,3,4,-1,694,4,5,-1,694,5,6,-1,
  694,6,7,-1,694,7,8,-1,694,8,9,-1,694,9,10,-1,694,10,22,-1,694,22,23,-1,694,23,24,-1,694,24,25,-1,
  694,25,26,-1,694,26,27,-1,694,27,28,-1,694,28,29,-1,694,29,30,-1,694,30,42,-1,694,42,43,-1,694,43,44,-1,
  694,44,45,-1,694,45,46,-1,694,46,47,-1,694,47,48,-1,694,48,49,-1,694,49,50,-1,694,50,62,-1,694,62,63,-1,
  694,63,64,-1,694,64,65,-1,694,65,66,-1,694,66,67,-1,694,67,68,-1,694,68,69,-1,694,69,70,-1,694,70,82,-1,
  694,82,83,-1,694,83,84,-1,694,84,85,-1,694,85,86,-1,694,86,87,-1,694,87,88,-1,694,88,89,-1,694,89,90,-1,
  694,90,102,-1,694,102,103,-1,694,103,104,-1,694,104,105,-1,694,105,106,-1,694,106,107,-1,694,107,108,-1,694,108,109,-1,
  694,109,110,-1,694,110,122,-1,694,122,123,-1,694,123,124,-1,694,124,125,-1,694,125,126,-1,694,126,127,-1,694,127,128,-1,
  694,128,129,-1,694,129,130,-1,694,130,142,-1,694,142,143,-1,694,143,144,-1,694,144,145,-1,694,145,146,-1,694,146,147,-1,
  694,147,148,-1,694,148,149,-1,694,149,150,-1,694,150,162,-1,694,162,163,-1,694,163,164,-1,694,164,165,-1,694,165,166,-1,
  694,166,167,-1,694,167,168,-1,694,168,169,-1,694,169,170,-1,694,170,182,-1,694,182,183,-1,694,183,184,-1,694,184,185,-1,
  694,185,186,-1,694,186,187,-1,694,187,188,-1,694,188,189,-1,694,189,190,-1,694,190,202,-1,694,202,203,-1,694,203,204,-1,
  694,204,205,-1,694,205,206,-1,694,206,207,-1,694,207,208,-1,694,208,209,-1,694,209,210,-1,694,210,222,-1,694,222,223,-1,
  694,223,224,-1,694,224,225,-1,694,225,226,-1,694,226,227,-1,694,227,228,-1,694,228,229,-1,694,229,230,-1,694,230,242,-1,
  694,242,243,-1,694,243,244,-1,694,244,245,-1,694,245,246,-1,694,246,247,-1,694,247,248,-1,694,248,249,-1,694,249,250,-1,
  694,250,262,-1,694,262,263,-1,694,263,264,-1,694,264,265,-1,694,265,266,-1,694,266,267,-1,694,267,268,-1,694,268,269,-1,
  694,269,270,-1,694,270,282,-1,694,282,283,-1,694,283,284,-1,694,284,285,-1,694,285,286,-1,694,286,287,-1,694,287,288,-1,
  694,288,289,-1,694,289,290,-1,694,290,302,-1,694,302,303,-1,694,303,304,-1,694,304,305,-1,694,305,306,-1,694,306,307,-1,
  694,307,308,-1,694,308,309,-1,694,309,310,-1,694,310,322,-1,694,322,323,-1,694,323,324,-1,694,324,325,-1,694,325,326,-1,
  694,326,327,-1,694,327,328,-1,694,328,329,-1,694,329,330,-1,694,330,342,-1,694,342,343,-1,694,343,344,-1,694,344,345,-1,
  694,345,346,-1,694,346,347,-1,694,347,348,-1,694,348,349,-1,694,349,350,-1,694,350,362,-1,694,362,363,-1,694,363,364,-1,
  694,364,365,-1,694,365,366,-1,694,366,367,-1,694,367,368,-1,694,368,369,-1,694,369,370,-1,694,370,382,-1,694,382,383,-1,
  694,383,384,-1,694,384,385,-1,694,385,386,-1,694,386,387,-1,694,387,388,-1,694,388,389,-1,694,389,390,-1,694,390,402,-1,
  694,402,403,-1,694,403,404,-1,694,404,405,-1,694,405,406,-1,694,406,407,-1,694,407,408,-1,694,408,409,-1,694,409,410,-1,
  694,410,432,-1,694,432,433,-1,694,433,434,-1,694,434,435,-1,694,435,436,-1,694,436,437,-1,694,437,438,-1,694,438,439,-1,
  694,439,420,-1,694,420,734,-1,694,734,735,-1,694,735,736,-1,694,736,737,-1,694,737,738,-1,694,738,739,-1,694,739,740,-1,
  694,740,741,-1,694,741,742,-1,694,742,743,-1,694,743,744,-1,694,744,745,-1,694,745,442,-1,694,442,443,-1,694,443,444,-1,
  694,444,445,-1,694,445,446,-1,694,446,447,-1,694,447,448,-1,694,448,449,-1,694,449,450,-1,694,450,462,-1,694,462,463,-1,
  694,463,464,-1,694,464,465,-1,694,465,466,-1,694,466,467,-1,694,467,468,-1,694,468,469,-1,694,469,470,-1,694,470,482,-1,
  694,482,483,-1,694,483,484,-1,694,484,485,-1,694,485,486,-1,694,486,487,-1,694,487,488,-1,694,488,489,-1,694,489,490,-1,
  694,490,502,-1,694,502,503,-1,694,503,504,-1,694,504,505,-1,694,505,506,-1,694,506,507,-1,694,507,508,-1,694,508,509,-1,
  694,509,510,-1,694,510,522,-1,694,522,523,-1,694,523,524,-1,694,524,525,-1,694,525,526,-1,694,526,527,-1,694,527,528,-1,
  694,528,529,-1,694,529,530,-1,694,530,542,-1,694,542,543,-1,694,543,544,-1,694,544,545,-1,694,545,546,-1,694,546,547,-1,
  694,547,548,-1,694,548,549,-1,694,549,550,-1,694,550,561,-1,694,561,562,-1,694,562,563,-1,694,563,564,-1,694,564,565,-1,
  694,565,566,-1,694,566,567,-1,694,567,568,-1,694,568,569,-1,694,569,570,-1,694,570,581,-1,694,581,582,-1,694,582,583,-1,
  694,583,584,-1,694,584,585,-1,694,585,586,-1,694,586,587,-1,694,587,588,-1,694,588,589,-1,694,589,590,-1,694,590,601,-1,
  694,601,602,-1,694,602,603,-1,694,603,604,-1,694,604,605,-1,694,605,606,-1,694,606,607,-1,694,607,608,-1,694,608,609,-1,
  694,609,610,-1,694,610,621,-1,694,621,622,-1,694,622,623,-1,694,623,624,-1,694,624,625,-1,694,625,626,-1,694,626,627,-1,
  694,627,628,-1,694,628,629,-1,694,629,630,-1,694,630,641,-1,694,641,642,-1,694,642,643,-1,694,643,644,-1,694,644,645,-1,
  694,645,646,-1,694,646,647,-1,694,647,648,-1,694,648,649,-1,694,649,650,-1,694,650,671,-1,694,671,672,-1,694,672,673,-1,
  694,673,674,-1,694,674,675,-1,694,675,676,-1,694,676,677,-1,694,677,678,-1,694,678,679,-1,694,679,660,-1,694,660,749,-1,
  694,749,750,-1,694,750,751,-1,694,751,752,-1,694,752,753,-1,694,753,754,-1,694,754,681,-1,694,681,682,-1,694,682,683,-1,
  694,683,684,-1,694,684,685,-1,694,685,686,-1,694,686,687,-1,694,687,688,-1,694,688,689,-1,694,689,690,-1,694,690,691,-1,
  694,691,692,-1,694,692,693,-1,766,767,755,-1,755,767,768,-1,755,768,754,-1,754,768,680,-1,754,680,681,-1,748,749,660,-1,
  748,660,661,-1,748,661,662,-1,748,662,663,-1,748,663,664,-1,748,664,665,-1,748,665,666,-1,748,666,667,-1,748,667,653,-1,
  748,653,654,-1,748,654,655,-1,748,655,656,-1,748,656,657,-1,748,657,633,-1,748,633,634,-1,748,634,635,-1,748,635,636,-1,
  748,636,637,-1,748,637,613,-1,748,613,614,-1,748,614,615,-1,748,615,616,-1,748,616,617,-1,748,617,593,-1,748,593,594,-1,
  748,594,595,-1,748,595,596,-1,748,596,574,-1,748,574,575,-1,748,575,576,-1,748,576,554,-1,748,554,555,-1,748,555,556,-1,
  748,556,534,-1,748,534,535,-1,748,535,536,-1,748,536,514,-1,748,514,515,-1,748,515,516,-1,748,516,494,-1,748,494,495,-1,
  748,495,496,-1,748,496,474,-1,748,474,475,-1,748,475,476,-1,748,476,454,-1,748,454,455,-1,748,455,456,-1,748,456,747,-1,
  668,669,651,-1,651,669,670,-1,651,670,650,-1,650,670,671,-1,658,659,631,-1,631,659,640,-1,631,640,630,-1,630,640,641,-1,
  638,639,611,-1,611,639,620,-1,611,620,610,-1,610,620,621,-1,618,619,591,-1,591,619,600,-1,591,600,590,-1,590,600,601,-1,
  598,599,571,-1,571,599,580,-1,571,580,570,-1,570,580,581,-1,578,579,551,-1,551,579,560,-1,551,560,550,-1,550,560,561,-1,
  558,559,531,-1,531,559,540,-1,531,540,530,-1,530,540,541,-1,530,541,542,-1,538,539,511,-1,511,539,520,-1,511,520,510,-1,
  510,520,521,-1,510,521,522,-1,518,519,491,-1,491,519,500,-1,491,500,490,-1,490,500,501,-1,490,501,502,-1,498,499,471,-1,
  471,499,480,-1,471,480,470,-1,470,480,481,-1,470,481,482,-1,478,479,451,-1,451,479,460,-1,451,460,450,-1,450,460,461,-1,
  450,461,462,-1,458,459,746,-1,746,459,440,-1,746,440,745,-1,745,440,441,-1,745,441,442,-1,732,733,420,-1,732,420,421,-1,
  732,421,422,-1,732,422,423,-1,732,423,424,-1,732,424,425,-1,732,425,426,-1,732,426,427,-1,732,427,413,-1,732,413,414,-1,
  732,414,415,-1,732,415,416,-1,732,416,417,-1,732,417,393,-1,732,393,394,-1,732,394,395,-1,732,395,396,-1,732,396,397,-1,
  732,397,373,-1,732,373,374,-1,732,374,375,-1,732,375,376,-1,732,376,377,-1,732,377,353,-1,732,353,354,-1,732,354,355,-1,
  732,355,356,-1,732,356,334,-1,732,334,335,-1,732,335,336,-1,732,336,314,-1,732,314,315,-1,732,315,316,-1,732,316,294,-1,
  732,294,295,-1,732,295,296,-1,732,296,274,-1,732,274,275,-1,732,275,276,-1,732,276,254,-1,732,254,255,-1,732,255,256,-1,
  732,256,234,-1,732,234,235,-1,732,235,236,-1,732,236,214,-1,732,214,215,-1,732,215,216,-1,732,216,194,-1,732,194,195,-1,
  732,195,196,-1,732,196,174,-1,732,174,175,-1,732,175,176,-1,732,176,154,-1,732,154,155,-1,732,155,156,-1,732,156,134,-1,
  732,134,135,-1,732,135,136,-1,732,136,114,-1,732,114,115,-1,732,115,116,-1,732,116,94,-1,732,94,95,-1,732,95,96,-1,
  732,96,74,-1,732,74,75,-1,732,75,76,-1,732,76,54,-1,732,54,55,-1,732,55,56,-1,732,56,34,-1,732,34,35,-1,
  732,35,36,-1,732,36,14,-1,732,14,15,-1,732,15,16,-1,732,16,731,-1,428,429,411,-1,411,429,430,-1,411,430,410,-1,
  410,430,431,-1,410,431,432,-1,418,419,391,-1,391,419,400,-1,391,400,390,-1,390,400,401,-1,390,401,402,-1,398,399,371,-1,
  371,399,380,-1,371,380,370,-1,370,380,381,-1,370,381,382,-1,378,379,351,-1,351,379,360,-1,351,360,350,-1,350,360,361,-1,
  350,361,362,-1,358,359,331,-1,331,359,340,-1,331,340,330,-1,330,340,341,-1,330,341,342,-1,338,339,311,-1,311,339,320,-1,
  311,320,310,-1,310,320,321,-1,310,321,322,-1,318,319,291,-1,291,319,300,-1,291,300,290,-1,290,300,301,-1,290,301,302,-1,
  298,299,271,-1,271,299,280,-1,271,280,270,-1,270,280,281,-1,270,281,282,-1,278,279,251,-1,251,279,260,-1,251,260,250,-1,
  250,260,261,-1,250,261,262,-1,258,259,231,-1,231,259,240,-1,231,240,230,-1,230,240,241,-1,230,241,242,-1,238,239,211,-1,
  211,239,220,-1,211,220,210,-1,210,220,221,-1,210,221,222,-1,218,219,191,-1,191,219,200,-1,191,200,190,-1,190,200,201,-1,
  190,201,202,-1,198,199,171,-1,171,199,180,-1,171,180,170,-1,170,180,181,-1,170,181,182,-1,178,179,151,-1,151,179,160,-1,
  151,160,150,-1,150,160,161,-1,150,161,162,-1,158,159,131,-1,131,159,140,-1,131,140,130,-1,130,140,141,-1,130,141,142,-1,
  138,139,111,-1,111,139,120,-1,111,120,110,-1,110,120,121,-1,110,121,122,-1,118,119,91,-1,91,119,100,-1,91,100,90,-1,
  90,100,101,-1,90,101,102,-1,98,99,71,-1,71,99,80,-1,71,80,70,-1,70,80,81,-1,70,81,82,-1,78,79,51,-1,
  51,79,60,-1,51,60,50,-1,50,60,61,-1,50,61,62,-1,58,59,31,-1,31,59,40,-1,31,40,30,-1,30,40,41,-1,
  30,41,42,-1,38,39,11,-1,11,39,20,-1,11,20,10,-1,10,20,21,-1,10,21,22,-1,18,19,730,-1,730,19,0,-1,
  730,0,729,-1,729,0,1,-1,729,1,2,-1,755,756,757,-1,755,757,758,-1,755,758,759,-1,755,759,760,-1,755,760,761,-1,
  755,761,762,-1,755,762,763,-1,755,763,764,-1,755,764,765,-1,755,765,766,-1,652,653,667,-1,652,667,668,-1,652,668,651,-1,
  632,633,657,-1,632,657,658,-1,632,658,631,-1,612,613,637,-1,612,637,638,-1,612,638,611,-1,592,593,617,-1,592,617,618,-1,
  592,618,591,-1,574,596,573,-1,573,596,597,-1,573,597,572,-1,572,597,598,-1,572,598,571,-1,554,576,553,-1,553,576,577,-1,
  553,577,552,-1,552,577,578,-1,552,578,551,-1,534,556,533,-1,533,556,557,-1,533,557,532,-1,532,557,558,-1,532,558,531,-1,
  514,536,513,-1,513,536,537,-1,513,537,512,-1,512,537,538,-1,512,538,511,-1,494,516,493,-1,493,516,517,-1,493,517,492,-1,
  492,517,518,-1,492,518,491,-1,474,496,473,-1,473,496,497,-1,473,497,472,-1,472,497,498,-1,472,498,471,-1,454,476,453,-1,
  453,476,477,-1,453,477,452,-1,452,477,478,-1,452,478,451,-1,457,458,746,-1,457,746,747,-1,457,747,456,-1,412,413,427,-1,
  412,427,428,-1,412,428,411,-1,392,393,417,-1,392,417,418,-1,392,418,391,-1,372,373,397,-1,372,397,398,-1,372,398,371,-1,
  352,353,377,-1,352,377,378,-1,352,378,351,-1,334,356,333,-1,333,356,357,-1,333,357,332,-1,332,357,358,-1,332,358,331,-1,
  314,336,313,-1,313,336,337,-1,313,337,312,-1,312,337,338,-1,312,338,311,-1,294,316,293,-1,293,316,317,-1,293,317,292,-1,
  292,317,318,-1,292,318,291,-1,274,296,273,-1,273,296,297,-1,273,297,272,-1,272,297,298,-1,272,298,271,-1,254,276,253,-1,
  253,276,277,-1,253,277,252,-1,252,277,278,-1,252,278,251,-1,234,256,233,-1,233,256,257,-1,233,257,232,-1,232,257,258,-1,
  232,258,231,-1,214,236,213,-1,213,236,237,-1,213,237,212,-1,212,237,238,-1,212,238,211,-1,194,216,193,-1,193,216,217,-1,
  193,217,192,-1,192,217,218,-1,192,218,191,-1,174,196,173,-1,173,196,197,-1,173,197,172,-1,172,197,198,-1,172,198,171,-1,
  154,176,153,-1,153,176,177,-1,153,177,152,-1,152,177,178,-1,152,178,151,-1,134,156,133,-1,133,156,157,-1,133,157,132,-1,
  132,157,158,-1,132,158,131,-1,114,136,113,-1,113,136,137,-1,113,137,112,-1,112,137,138,-1,112,138,111,-1,94,116,93,-1,
  93,116,117,-1,93,117,92,-1,92,117,118,-1,92,118,91,-1,74,96,73,-1,73,96,97,-1,73,97,72,-1,72,97,98,-1,
  72,98,71,-1,54,76,53,-1,53,76,77,-1,53,77,52,-1,52,77,78,-1,52,78,51,-1,34,56,33,-1,33,56,57,-1,
  33,57,32,-1,32,57,58,-1,32,58,31,-1,14,36,13,-1,13,36,37,-1,13,37,12,-1,12,37,38,-1,12,38,11,-1,
  17,18,730,-1,17,730,731,-1,17,731,16,-1,724,709,710,-1,724,710,711,-1,724,711,712,-1,724,712,713,-1,724,713,714,-1,
  724,714,715,-1,724,715,716,-1,724,716,717,-1,724,717,718,-1,724,718,719,-1,724,719,720,-1,724,720,721,-1,724,721,722,-1,
  724,722,723,-1,780,781,777,-1,777,781,782,-1,777,782,776,-1,776,782,783,-1,776,783,775,-1,775,783,784,-1,775,784,774,-1,
  774,784,785,-1,774,785,773,-1,773,785,786,-1,773,786,772,-1,772,786,787,-1,772,787,771,-1,771,787,769,-1,771,769,770,-1,
  778,779,780,-1,778,780,777,-1,798,799,796,-1,796,799,800,-1,796,800,795,-1,795,800,801,-1,795,801,794,-1,794,801,802,-1,
  794,802,793,-1,793,802,803,-1,793,803,792,-1,792,803,804,-1,792,804,791,-1,791,804,805,-1,791,805,790,-1,790,805,806,-1,
  790,806,789,-1,789,806,788,-1,798,796,797,-1,697,695,696,-1,734,420,733,-1]
  normalPerVertex TRUE
  normal DEF NORM_4 Normal { vector [
  0 0 1,0 0 1,
  0 0 1,0 0 1,
  0 0 1,0 0 1,
  0 0 1,0 0 1,
  0 0 1,0 0 1,
  0 0 1,0 0 1,
  0 0 1,0 0 1,
  0 0 1,0 0 1,
  0 0 1,0 0 1,
  0 0 1,0 0 1,
  0 0 1,0 0 1,
  0 0 1,0 0 1,
  0 0 1,0 0 1,
  0 0 1,0 0 1,
  0 0 1,0 0 1,
  0 0 1,0 0 1,
  0 0 1,0 0 1,
  0 0 1,0 0 1,
  0 0 1,0 0 1,
  0 0 1,0 0 1,
  0 0 1,0 0 1,
  0 0 1,0 0 1,
  0 0 1,0 0 1,
  0 0 1,0 0 1,
  0 0 1,0 0 1,
  0 0 1,0 0 1,
  0 0 1,0 0 1,
  0 0 1,0 0 1,
  0 0 1,0 0 1,
  0 0 1,0 0 1,
  0 0 1,0 0 1,
  0 0 1,0 0 1,
  0 0 1,0 0 1,
  0 0 1,0 0 1,
  0 0 1,0 0 1,
  0 0 1,0 0 1,
  0 0 1,0 0 1,
  0 0 1,0 0 1,
  0 0 1,0 0 1,
  0 0 1,0 0 1,
  0 0 1,0 0 1,
  0 0 1,0 0 1,
  0 0 1,0 0 1,
  0 0 1,0 0 1,
  0 0 1,0 0 1,
  0 0 1,0 0 1,
  0 0 1,0 0 1,
  0 0 1,0 0 1,
  0 0 1,0 0 1,
  0 0 1,0 0 1,
  0 0 1,0 0 1,
  0 0 1,0 0 1,
  0 0 1,0 0 1,
  0 0 1,0 0 1,
  0 0 1,0 0 1,
  0 0 1,0 0 1,
  0 0 1,0 0 1,
  0 0 1,0 0 1,
  0 0 1,0 0 1,
  0 0 1,0 0 1,
  0 0 1,0 0 1,
  0 0 1,0 0 1,
  0 0 1,0 0 1,
  0 0 1,0 0 1,
  0 0 1,0 0 1,
  0 0 1,0 0 1,
  0 0 1,0 0 1,
  0 0 1,0 0 1,
  0 0 1,0 0 1,
  0 0 1,0 0 1,
  0 0 1,0 0 1,
  0 0 1,0 0 1,
  0 0 1,0 0 1,
  0 0 1,0 0 1,
  0 0 1,0 0 1,
  0 0 1,0 0 1,
  0 0 1,0 0 1,
  0 0 1,0 0 1,
  0 0 1,0 0 1,
  0 0 1,0 0 1,
  0 0 1,0 0 1,
  0 0 1,0 0 1,
  0 0 1,0 0 1,
  0 0 1,0 0 1,
  0 0 1,0 0 1,
  0 0 1,0 0 1,
  0 0 1,0 0 1,
  0 0 1,0 0 1,
  0 0 1,0 0 1,
  0 0 1,0 0 1,
  0 0 1,0 0 1,
  0 0 1,0 0 1,
  0 0 1,0 0 1,
  0 0 1,0 0 1,
  0 0 1,0 0 1,
  0 0 1,0 0 1,
  0 0 1,0 0 1,
  0 0 1,0 0 1,
  0 0 1,0 0 1,
  0 0 1,0 0 1,
  0 0 1,0 0 1,
  0 0 1,0 0 1,
  0 0 1,0 0 1,
  0 0 1,0 0 1,
  0 0 1,0 0 1,
  0 0 1,0 0 1,
  0 0 1,0 0 1,
  0 0 1,0 0 1,
  0 0 1,0 0 1,
  0 0 1,0 0 1,
  0 0 1,0 0 1,
  0 0 1,0 0 1,
  0 0 1,0 0 1,
  0 0 1,0 0 1,
  0 0 1,0 0 1,
  0 0 1,0 0 1,
  0 0 1,0 0 1,
  0 0 1,0 0 1,
  0 0 1,0 0 1,
  0 0 1,0 0 1,
  0 0 1,0 0 1,
  0 0 1,0 0 1,
  0 0 1,0 0 1,
  0 0 1,0 0 1,
  0 0 1,0 0 1,
  0 0 1,0 0 1,
  0 0 1,0 0 1,
  0 0 1,0 0 1,
  0 0 1,0 0 1,
  0 0 1,0 0 1,
  0 0 1,0 0 1,
  0 0 1,0 0 1,
  0 0 1,0 0 1,
  0 0 1,0 0 1,
  0 0 1,0 0 1,
  0 0 1,0 0 1,
  0 0 1,0 0 1,
  0 0 1,0 0 1,
  0 0 1,0 0 1,
  0 0 1,0 0 1,
  0 0 1,0 0 1,
  0 0 1,0 0 1,
  0 0 1,0 0 1,
  0 0 1,0 0 1,
  0 0 1,0 0 1,
  0 0 1,0 0 1,
  0 0 1,0 0 1,
  0 0 1,0 0 1,
  0 0 1,0 0 1,
  0 0 1,0 0 1,
  0 0 1,0 0 1,
  0 0 1,0 0 1,
  0 0 1,0 0 1,
  0 0 1,0 0 1,
  0 0 1,0 0 1,
  0 0 1,0 0 1,
  0 0 1,0 0 1,
  0 0 1,0 0 1,
  0 0 1,0 0 1,
  0 0 1,0 0 1,
  0 0 1,0 0 1,
  0 0 1,0 0 1,
  0 0 1,0 0 1,
  0 0 1,0 0 1,
  0 0 1,0 0 1,
  0 0 1,0 0 1,
  0 0 1,0 0 1,
  0 0 1,0 0 1,
  0 0 1,0 0 1,
  0 0 1,0 0 1,
  0 0 1,0 0 1,
  0 0 1,0 0 1,
  0 0 1,0 0 1,
  0 0 1,0 0 1,
  0 0 1,0 0 1,
  0 0 1,0 0 1,
  0 0 1,0 0 1,
  0 0 1,0 0 1,
  0 0 1,0 0 1,
  0 0 1,0 0 1,
  0 0 1,0 0 1,
  0 0 1,0 0 1,
  0 0 1,0 0 1,
  0 0 1,0 0 1,
  0 0 1,0 0 1,
  0 0 1,0 0 1,
  0 0 1,0 0 1,
  0 0 1,0 0 1,
  0 0 1,0 0 1,
  0 0 1,0 0 1,
  0 0 1,0 0 1,
  0 0 1,0 0 1,
  0 0 1,0 0 1,
  0 0 1,0 0 1,
  0 0 1,0 0 1,
  0 0 1,0 0 1,
  0 0 1,0 0 1,
  0 0 1,0 0 1,
  0 0 1,0 0 1,
  0 0 1,0 0 1,
  0 0 1,0 0 1,
  0 0 1,0 0 1,
  0 0 1,0 0 1,
  0 0 1,0 0 1,
  0 0 1,0 0 1,
  0 0 1,0 0 1,
  0 0 1,0 0 1,
  0 0 1,0 0 1,
  0 0 1,0 0 1,
  0 0 1,0 0 1,
  0 0 1,0 0 1,
  0 0 1,0 0 1,
  0 0 1,0 0 1,
  0 0 1,0 0 1,
  0 0 1,0 0 1,
  0 0 1,0 0 1,
  0 0 1,0 0 1,
  0 0 1,0 0 1,
  0 0 1,0 0 1,
  0 0 1,0 0 1,
  0 0 1,0 0 1,
  0 0 1,0 0 1,
  0 0 1,0 0 1,
  0 0 1,0 0 1,
  0 0 1,0 0 1,
  0 0 1,0 0 1,
  0 0 1,0 0 1,
  0 0 1,0 0 1,
  0 0 1,0 0 1,
  0 0 1,0 0 1,
  0 0 1,0 0 1,
  0 0 1,0 0 1,
  0 0 1,0 0 1,
  0 0 1,0 0 1,
  0 0 1,0 0 1,
  0 0 1,0 0 1,
  0 0 1,0 0 1,
  0 0 1,0 0 1,
  0 0 1,0 0 1,
  0 0 1,0 0 1,
  0 0 1,0 0 1,
  0 0 1,0 0 1,
  0 0 1,0 0 1,
  0 0 1,0 0 1,
  0 0 1,0 0 1,
  0 0 1,0 0 1,
  0 0 1,0 0 1,
  0 0 1,0 0 1,
  0 0 1,0 0 1,
  0 0 1,0 0 1,
  0 0 1,0 0 1,
  0 0 1,0 0 1,
  0 0 1,0 0 1,
  0 0 1,0 0 1,
  0 0 1,0 0 1,
  0 0 1,0 0 1,
  0 0 1,0 0 1,
  0 0 1,0 0 1,
  0 0 1,0 0 1,
  0 0 1,0 0 1,
  0 0 1,0 0 1,
  0 0 1,0 0 1,
  0 0 1,0 0 1,
  0 0 1,0 0 1,
  0 0 1,0 0 1,
  0 0 1,0 0 1,
  0 0 1,0 0 1,
  0 0 1,0 0 1,
  0 0 1,0 0 1,
  0 0 1,0 0 1,
  0 0 1,0 0 1,
  0 0 1,0 0 1,
  0 0 1,0 0 1,
  0 0 1,0 0 1,
  0 0 1,0 0 1,
  0 0 1,0 0 1,
  0 0 1,0 0 1,
  0 0 1,0 0 1,
  0 0 1,0 0 1,
  0 0 1,0 0 1,
  0 0 1,0 0 1,
  0 0 1,0 0 1,
  0 0 1,0 0 1,
  0 0 1,0 0 1,
  0 0 1,0 0 1,
  0 0 1,0 0 1,
  0 0 1,0 0 1,
  0 0 1,0 0 1,
  0 0 1,0 0 1,
  0 0 1,0 0 1,
  0 0 1,0 0 1,
  0 0 1,0 0 1,
  0 0 1,0 0 1,
  0 0 1,0 0 1,
  0 0 1,0 0 1,
  0 0 1,0 0 1,
  0 0 1,0 0 1,
  0 0 1,0 0 1,
  0 0 1,0 0 1,
  0 0 1,0 0 1,
  0 0 1,0 0 1,
  0 0 1,0 0 1,
  0 0 1,0 0 1,
  0 0 1,0 0 1,
  0 0 1,0 0 1,
  0 0 1,0 0 1,
  0 0 1,0 0 1,
  0 0 1,0 0 1,
  0 0 1,0 0 1,
  0 0 1,0 0 1,
  0 0 1,0 0 1,
  0 0 1,0 0 1,
  0 0 1,0 0 1,
  0 0 1,0 0 1,
  0 0 1,0 0 1,
  0 0 1,0 0 1,
  0 0 1,0 0 1,
  0 0 1,0 0 1,
  0 0 1,0 0 1,
  0 0 1,0 0 1,
  0 0 1,0 0 1,
  0 0 1,0 0 1,
  0 0 1,0 0 1,
  0 0 1,0 0 1,
  0 0 1,0 0 1,
  0 0 1,0 0 1,
  0 0 1,0 0 1,
  0 0 1,0 0 1,
  0 0 1,0 0 1,
  0 0 1,0 0 1,
  0 0 1,0 0 1,
  0 0 1,0 0 1,
  0 0 1,0 0 1,
  0 0 1,0 0 1,
  0 0 1,0 0 1,
  0 0 1,0 0 1,
  0 0 1,0 0 1,
  0 0 1,0 0 1,
  0 0 1,0 0 1,
  0 0 1,0 0 1,
  0 0 1,0 0 1,
  0 0 1,0 0 1,
  0 0 1,0 0 1,
  0 0 1,0 0 1,
  0 0 1,0 0 1,
  0 0 1,0 0 1,
  0 0 1,0 0 1,
  0 0 1,0 0 1,
  0 0 1,0 0 1,
  0 0 1,0 0 1,
  0 0 1,0 0 1,
  0 0 1,0 0 1,
  0 0 1,0 0 1,
  0 0 1,0 0 1,
  0 0 1,0 0 1,
  0 0 1,0 0 1,
  0 0 1,0 0 1,
  0 0 1,0 0 1,
  0 0 1,0 0 1,
  0 0 1,0 0 1,
  0 0 1,0 0 1,
  0 0 1,0 0 1,
  0 0 1,0 0 1,
  0 0 1,0 0 1,
  0 0 1,0 0 1,
  0 0 1,0 0 1,
  0 0 1,0 0 1,
  0 0 1,0 0 1,
  0 0 1,0 0 1,
  0 0 1,0 0 1,
  0 0 1,0 0 1,
  0 0 1,0 0 1,
  0 0 1,0 0 1,
  0 0 1,0 0 1,
  0 0 1,0 0 1,
  0 0 1,0 0 1,
  0 0 1,0 0 1,
  0 0 1,0 0 1,
  0 0 1,0 0 1,
  0 0 1,0 0 1,
  0 0 1,0 0 1,
  0 0 1,0 0 1,
  0 0 1,0 0 1,
  0 0 1,0 0 1,
  0 0 1,0 0 1,
  0 0 1,0 0 1,
  0 0 1,0 0 1,
  0 0 1,0 0 1,
  0 0 1,0 0 1,
  0 0 1,0 0 1,
  0 0 1,0 0 1,
  0 0 1,0 0 1,
  0 0 1,0 0 1,
  0 0 1,0 0 1,
  0 0 1,0 0 1,
  0 0 1,0 0 1,
  0 0 1,0 0 1,
  0 0 1,0 0 1,
  0 0 1,0 0 1,
  0 0 1,0 0 1,
  0 0 1,0 0 1,
  0 0 1,0 0 1,
  0 0 1,0 0 1,
  0 0 1] }
}
}
] }
DEF TXFM_5 Transform {
  center 0 0 0
  rotation 0 0 1 0
  scale 1 1 1
  scaleOrientation 0 0 1 0
  translation 0 0 0
 children [
DEF SHAPE_5 Shape {
 appearance USE APP_2
 geometry DEF FACE_5 IndexedFaceSet {
  coord DEF COORD_5 Coordinate { point [
  43.903543 -47.035748 -0.31496063,43.902021 -47.028094 -0.31496063,
  43.897685 -47.021606 -0.31496063,43.891197 -47.01727 -0.31496063,
  43.883543 -47.015748 -0.31496063,43.785748 -47.015748 -0.31496063,
  43.778094 -47.01727 -0.31496063,43.771606 -47.021606 -0.31496063,
  43.76727 -47.028094 -0.31496063,43.765748 -47.035748 -0.31496063,
  43.765748 -47.763465 -0.31496063,43.76727 -47.771118 -0.31496063,
  43.771606 -47.777607 -0.31496063,43.778094 -47.781942 -0.31496063,
  43.785748 -47.783465 -0.31496063,43.883543 -47.783465 -0.31496063,
  43.891197 -47.781942 -0.31496063,43.897685 -47.777607 -0.31496063,
  43.902021 -47.771118 -0.31496063,43.903543 -47.763465 -0.31496063,
  45.478346 -47.035748 -0.31496063,45.476824 -47.028094 -0.31496063,
  45.472489 -47.021606 -0.31496063,45.466 -47.01727 -0.31496063,
  45.458346 -47.015748 -0.31496063,45.360551 -47.015748 -0.31496063,
  45.352898 -47.01727 -0.31496063,45.346409 -47.021606 -0.31496063,
  45.342074 -47.028094 -0.31496063,45.340551 -47.035748 -0.31496063,
  45.340551 -47.763465 -0.31496063,45.342074 -47.771118 -0.31496063,
  45.346409 -47.777607 -0.31496063,45.352898 -47.781942 -0.31496063,
  45.360551 -47.783465 -0.31496063,45.458346 -47.783465 -0.31496063,
  45.466 -47.781942 -0.31496063,45.472489 -47.777607 -0.31496063,
  45.476824 -47.771118 -0.31496063,45.478346 -47.763465 -0.31496063,
  45.281496 -47.035748 -0.31496063,45.279974 -47.028094 -0.31496063,
  45.275638 -47.021606 -0.31496063,45.26915 -47.01727 -0.31496063,
  45.261496 -47.015748 -0.31496063,45.163701 -47.015748 -0.31496063,
  45.156047 -47.01727 -0.31496063,45.149559 -47.021606 -0.31496063,
  45.145223 -47.028094 -0.31496063,45.143701 -47.035748 -0.31496063,
  45.143701 -47.763465 -0.31496063,45.145223 -47.771118 -0.31496063,
  45.149559 -47.777607 -0.31496063,45.156047 -47.781942 -0.31496063,
  45.163701 -47.783465 -0.31496063,45.261496 -47.783465 -0.31496063,
  45.26915 -47.781942 -0.31496063,45.275638 -47.777607 -0.31496063,
  45.279974 -47.771118 -0.31496063,45.281496 -47.763465 -0.31496063,
  45.084646 -47.035748 -0.31496063,45.083123 -47.028094 -0.31496063,
  45.078788 -47.021606 -0.31496063,45.072299 -47.01727 -0.31496063,
  45.064646 -47.015748 -0.31496063,44.96685 -47.015748 -0.31496063,
  44.959197 -47.01727 -0.31496063,44.952708 -47.021606 -0.31496063,
  44.948373 -47.028094 -0.31496063,44.94685 -47.035748 -0.31496063,
  44.94685 -47.763465 -0.31496063,44.948373 -47.771118 -0.31496063,
  44.952708 -47.777607 -0.31496063,44.959197 -47.781942 -0.31496063,
  44.96685 -47.783465 -0.31496063,45.064646 -47.783465 -0.31496063,
  45.072299 -47.781942 -0.31496063,45.078788 -47.777607 -0.31496063,
  45.083123 -47.771118 -0.31496063,45.084646 -47.763465 -0.31496063,
  44.887795 -47.035748 -0.31496063,44.886273 -47.028094 -0.31496063,
  44.881937 -47.021606 -0.31496063,44.875449 -47.01727 -0.31496063,
  44.867795 -47.015748 -0.31496063,44.77 -47.015748 -0.31496063,
  44.762346 -47.01727 -0.31496063,44.755858 -47.021606 -0.31496063,
  44.751522 -47.028094 -0.31496063,44.75 -47.035748 -0.31496063,
  44.75 -47.763465 -0.31496063,44.751522 -47.771118 -0.31496063,
  44.755858 -47.777607 -0.31496063,44.762346 -47.781942 -0.31496063,
  44.77 -47.783465 -0.31496063,44.867795 -47.783465 -0.31496063,
  44.875449 -47.781942 -0.31496063,44.881937 -47.777607 -0.31496063,
  44.886273 -47.771118 -0.31496063,44.887795 -47.763465 -0.31496063,
  44.690945 -47.035748 -0.31496063,44.689422 -47.028094 -0.31496063,
  44.685087 -47.021606 -0.31496063,44.678598 -47.01727 -0.31496063,
  44.670945 -47.015748 -0.31496063,44.57315 -47.015748 -0.31496063,
  44.565496 -47.01727 -0.31496063,44.559007 -47.021606 -0.31496063,
  44.554672 -47.028094 -0.31496063,44.55315 -47.035748 -0.31496063,
  44.55315 -47.763465 -0.31496063,44.554672 -47.771118 -0.31496063,
  44.559007 -47.777607 -0.31496063,44.565496 -47.781942 -0.31496063,
  44.57315 -47.783465 -0.31496063,44.670945 -47.783465 -0.31496063,
  44.678598 -47.781942 -0.31496063,44.685087 -47.777607 -0.31496063,
  44.689422 -47.771118 -0.31496063,44.690945 -47.763465 -0.31496063,
  44.494094 -47.035748 -0.31496063,44.492572 -47.028094 -0.31496063,
  44.488237 -47.021606 -0.31496063,44.481748 -47.01727 -0.31496063,
  44.474094 -47.015748 -0.31496063,44.376299 -47.015748 -0.31496063,
  44.368646 -47.01727 -0.31496063,44.362157 -47.021606 -0.31496063,
  44.357822 -47.028094 -0.31496063,44.356299 -47.035748 -0.31496063,
  44.356299 -47.763465 -0.31496063,44.357822 -47.771118 -0.31496063,
  44.362157 -47.777607 -0.31496063,44.368646 -47.781942 -0.31496063,
  44.376299 -47.783465 -0.31496063,44.474094 -47.783465 -0.31496063,
  44.481748 -47.781942 -0.31496063,44.488237 -47.777607 -0.31496063,
  44.492572 -47.771118 -0.31496063,44.494094 -47.763465 -0.31496063,
  44.297244 -47.035748 -0.31496063,44.295722 -47.028094 -0.31496063,
  44.291386 -47.021606 -0.31496063,44.284898 -47.01727 -0.31496063,
  44.277244 -47.015748 -0.31496063,44.179449 -47.015748 -0.31496063,
  44.171795 -47.01727 -0.31496063,44.165307 -47.021606 -0.31496063,
  44.160971 -47.028094 -0.31496063,44.159449 -47.035748 -0.31496063,
  44.159449 -47.763465 -0.31496063,44.160971 -47.771118 -0.31496063,
  44.165307 -47.777607 -0.31496063,44.171795 -47.781942 -0.31496063,
  44.179449 -47.783465 -0.31496063,44.277244 -47.783465 -0.31496063,
  44.284898 -47.781942 -0.31496063,44.291386 -47.777607 -0.31496063,
  44.295722 -47.771118 -0.31496063,44.297244 -47.763465 -0.31496063,
  44.100394 -47.035748 -0.31496063,44.098871 -47.028094 -0.31496063,
  44.094536 -47.021606 -0.31496063,44.088047 -47.01727 -0.31496063,
  44.080394 -47.015748 -0.31496063,43.982598 -47.015748 -0.31496063,
  43.974945 -47.01727 -0.31496063,43.968456 -47.021606 -0.31496063,
  43.964121 -47.028094 -0.31496063,43.962598 -47.035748 -0.31496063,
  43.962598 -47.763465 -0.31496063,43.964121 -47.771118 -0.31496063,
  43.968456 -47.777607 -0.31496063,43.974945 -47.781942 -0.31496063,
  43.982598 -47.783465 -0.31496063,44.080394 -47.783465 -0.31496063,
  44.088047 -47.781942 -0.31496063,44.094536 -47.777607 -0.31496063,
  44.098871 -47.771118 -0.31496063,44.100394 -47.763465 -0.31496063,
  49.415354 -47.035748 -0.31496063,49.413832 -47.028094 -0.31496063,
  49.409496 -47.021606 -0.31496063,49.403008 -47.01727 -0.31496063,
  49.395354 -47.015748 -0.31496063,49.297559 -47.015748 -0.31496063,
  49.289906 -47.01727 -0.31496063,49.283417 -47.021606 -0.31496063,
  49.279081 -47.028094 -0.31496063,49.277559 -47.035748 -0.31496063,
  49.277559 -47.763465 -0.31496063,49.279081 -47.771118 -0.31496063,
  49.283417 -47.777607 -0.31496063,49.289906 -47.781942 -0.31496063,
  49.297559 -47.783465 -0.31496063,49.395354 -47.783465 -0.31496063,
  49.403008 -47.781942 -0.31496063,49.409496 -47.777607 -0.31496063,
  49.413832 -47.771118 -0.31496063,49.415354 -47.763465 -0.31496063,
  43.706693 -47.035748 -0.31496063,43.70517 -47.028094 -0.31496063,
  43.700835 -47.021606 -0.31496063,43.694346 -47.01727 -0.31496063,
  43.686693 -47.015748 -0.31496063,43.588898 -47.015748 -0.31496063,
  43.581244 -47.01727 -0.31496063,43.574756 -47.021606 -0.31496063,
  43.57042 -47.028094 -0.31496063,43.568898 -47.035748 -0.31496063,
  43.568898 -47.763465 -0.31496063,43.57042 -47.771118 -0.31496063,
  43.574756 -47.777607 -0.31496063,43.581244 -47.781942 -0.31496063,
  43.588898 -47.783465 -0.31496063,43.686693 -47.783465 -0.31496063,
  43.694346 -47.781942 -0.31496063,43.700835 -47.777607 -0.31496063,
  43.70517 -47.771118 -0.31496063,43.706693 -47.763465 -0.31496063,
  43.509843 -47.035748 -0.31496063,43.50832 -47.028094 -0.31496063,
  43.503985 -47.021606 -0.31496063,43.497496 -47.01727 -0.31496063,
  43.489843 -47.015748 -0.31496063,43.392047 -47.015748 -0.31496063,
  43.384394 -47.01727 -0.31496063,43.377905 -47.021606 -0.31496063,
  43.37357 -47.028094 -0.31496063,43.372047 -47.035748 -0.31496063,
  43.372047 -47.763465 -0.31496063,43.37357 -47.771118 -0.31496063,
  43.377905 -47.777607 -0.31496063,43.384394 -47.781942 -0.31496063,
  43.392047 -47.783465 -0.31496063,43.489843 -47.783465 -0.31496063,
  43.497496 -47.781942 -0.31496063,43.503985 -47.777607 -0.31496063,
  43.50832 -47.771118 -0.31496063,43.509843 -47.763465 -0.31496063,
  43.312992 -47.035748 -0.31496063,43.31147 -47.028094 -0.31496063,
  43.307134 -47.021606 -0.31496063,43.300646 -47.01727 -0.31496063,
  43.292992 -47.015748 -0.31496063,43.195197 -47.015748 -0.31496063,
  43.187543 -47.01727 -0.31496063,43.181055 -47.021606 -0.31496063,
  43.176719 -47.028094 -0.31496063,43.175197 -47.035748 -0.31496063,
  43.175197 -47.763465 -0.31496063,43.176719 -47.771118 -0.31496063,
  43.181055 -47.777607 -0.31496063,43.187543 -47.781942 -0.31496063,
  43.195197 -47.783465 -0.31496063,43.292992 -47.783465 -0.31496063,
  43.300646 -47.781942 -0.31496063,43.307134 -47.777607 -0.31496063,
  43.31147 -47.771118 -0.31496063,43.312992 -47.763465 -0.31496063,
  43.116142 -47.035748 -0.31496063,43.114619 -47.028094 -0.31496063,
  43.110284 -47.021606 -0.31496063,43.103795 -47.01727 -0.31496063,
  43.096142 -47.015748 -0.31496063,42.998346 -47.015748 -0.31496063,
  42.990693 -47.01727 -0.31496063,42.984204 -47.021606 -0.31496063,
  42.979869 -47.028094 -0.31496063,42.978346 -47.035748 -0.31496063,
  42.978346 -47.763465 -0.31496063,42.979869 -47.771118 -0.31496063,
  42.984204 -47.777607 -0.31496063,42.990693 -47.781942 -0.31496063,
  42.998346 -47.783465 -0.31496063,43.096142 -47.783465 -0.31496063,
  43.103795 -47.781942 -0.31496063,43.110284 -47.777607 -0.31496063,
  43.114619 -47.771118 -0.31496063,43.116142 -47.763465 -0.31496063,
  42.919291 -47.035748 -0.31496063,42.917769 -47.028094 -0.31496063,
  42.913433 -47.021606 -0.31496063,42.906945 -47.01727 -0.31496063,
  42.899291 -47.015748 -0.31496063,42.801496 -47.015748 -0.31496063,
  42.793843 -47.01727 -0.31496063,42.787354 -47.021606 -0.31496063,
  42.783019 -47.028094 -0.31496063,42.781496 -47.035748 -0.31496063,
  42.781496 -47.763465 -0.31496063,42.783019 -47.771118 -0.31496063,
  42.787354 -47.777607 -0.31496063,42.793843 -47.781942 -0.31496063,
  42.801496 -47.783465 -0.31496063,42.899291 -47.783465 -0.31496063,
  42.906945 -47.781942 -0.31496063,42.913433 -47.777607 -0.31496063,
  42.917769 -47.771118 -0.31496063,42.919291 -47.763465 -0.31496063,
  42.722441 -47.035748 -0.31496063,42.720919 -47.028094 -0.31496063,
  42.716583 -47.021606 -0.31496063,42.710094 -47.01727 -0.31496063,
  42.702441 -47.015748 -0.31496063,42.604646 -47.015748 -0.31496063,
  42.596992 -47.01727 -0.31496063,42.590504 -47.021606 -0.31496063,
  42.586168 -47.028094 -0.31496063,42.584646 -47.035748 -0.31496063,
  42.584646 -47.763465 -0.31496063,42.586168 -47.771118 -0.31496063,
  42.590504 -47.777607 -0.31496063,42.596992 -47.781942 -0.31496063,
  42.604646 -47.783465 -0.31496063,42.702441 -47.783465 -0.31496063,
  42.710094 -47.781942 -0.31496063,42.716583 -47.777607 -0.31496063,
  42.720919 -47.771118 -0.31496063,42.722441 -47.763465 -0.31496063,
  42.525591 -47.035748 -0.31496063,42.524068 -47.028094 -0.31496063,
  42.519733 -47.021606 -0.31496063,42.513244 -47.01727 -0.31496063,
  42.505591 -47.015748 -0.31496063,42.407795 -47.015748 -0.31496063,
  42.400142 -47.01727 -0.31496063,42.393653 -47.021606 -0.31496063,
  42.389318 -47.028094 -0.31496063,42.387795 -47.035748 -0.31496063,
  42.387795 -47.763465 -0.31496063,42.389318 -47.771118 -0.31496063,
  42.393653 -47.777607 -0.31496063,42.400142 -47.781942 -0.31496063,
  42.407795 -47.783465 -0.31496063,42.505591 -47.783465 -0.31496063,
  42.513244 -47.781942 -0.31496063,42.519733 -47.777607 -0.31496063,
  42.524068 -47.771118 -0.31496063,42.525591 -47.763465 -0.31496063,
  45.872047 -47.035748 -0.31496063,45.870525 -47.028094 -0.31496063,
  45.866189 -47.021606 -0.31496063,45.859701 -47.01727 -0.31496063,
  45.852047 -47.015748 -0.31496063,45.754252 -47.015748 -0.31496063,
  45.746598 -47.01727 -0.31496063,45.74011 -47.021606 -0.31496063,
  45.735774 -47.028094 -0.31496063,45.734252 -47.035748 -0.31496063,
  45.734252 -47.763465 -0.31496063,45.735774 -47.771118 -0.31496063,
  45.74011 -47.777607 -0.31496063,45.746598 -47.781942 -0.31496063,
  45.754252 -47.783465 -0.31496063,45.852047 -47.783465 -0.31496063,
  45.859701 -47.781942 -0.31496063,45.866189 -47.777607 -0.31496063,
  45.870525 -47.771118 -0.31496063,45.872047 -47.763465 -0.31496063,
  45.675197 -47.035748 -0.31496063,45.673674 -47.028094 -0.31496063,
  45.669339 -47.021606 -0.31496063,45.66285 -47.01727 -0.31496063,
  45.655197 -47.015748 -0.31496063,45.557402 -47.015748 -0.31496063,
  45.549748 -47.01727 -0.31496063,45.543259 -47.021606 -0.31496063,
  45.538924 -47.028094 -0.31496063,45.537402 -47.035748 -0.31496063,
  45.537402 -47.763465 -0.31496063,45.538924 -47.771118 -0.31496063,
  45.543259 -47.777607 -0.31496063,45.549748 -47.781942 -0.31496063,
  45.557402 -47.783465 -0.31496063,45.655197 -47.783465 -0.31496063,
  45.66285 -47.781942 -0.31496063,45.669339 -47.777607 -0.31496063,
  45.673674 -47.771118 -0.31496063,45.675197 -47.763465 -0.31496063,
  53.024646 -31.503937 -0.31496063,53.029363 -31.480223 -0.31496063,
  53.042796 -31.460119 -0.31496063,53.0629 -31.446686 -0.31496063,
  53.086614 -31.441969 -0.31496063,53.110328 -31.446686 -0.31496063,
  53.130433 -31.460119 -0.31496063,53.143866 -31.480223 -0.31496063,
  53.148583 -31.503937 -0.31496063,53.143866 -31.527651 -0.31496063,
  53.130433 -31.547755 -0.31496063,53.110328 -31.561188 -0.31496063,
  53.086614 -31.565906 -0.31496063,53.0629 -31.561188 -0.31496063,
  53.042796 -31.547755 -0.31496063,53.029363 -31.527651 -0.31496063,
  49.612205 -47.035748 -0.31496063,49.610682 -47.028094 -0.31496063,
  49.606347 -47.021606 -0.31496063,49.599858 -47.01727 -0.31496063,
  49.592205 -47.015748 -0.31496063,49.494409 -47.015748 -0.31496063,
  49.486756 -47.01727 -0.31496063,49.480267 -47.021606 -0.31496063,
  49.475932 -47.028094 -0.31496063,49.474409 -47.035748 -0.31496063,
  49.474409 -47.763465 -0.31496063,49.475932 -47.771118 -0.31496063,
  49.480267 -47.777607 -0.31496063,49.486756 -47.781942 -0.31496063,
  49.494409 -47.783465 -0.31496063,49.592205 -47.783465 -0.31496063,
  49.599858 -47.781942 -0.31496063,49.606347 -47.777607 -0.31496063,
  49.610682 -47.771118 -0.31496063,49.612205 -47.763465 -0.31496063,
  49.218504 -47.035748 -0.31496063,49.216981 -47.028094 -0.31496063,
  49.212646 -47.021606 -0.31496063,49.206157 -47.01727 -0.31496063,
  49.198504 -47.015748 -0.31496063,49.100709 -47.015748 -0.31496063,
  49.093055 -47.01727 -0.31496063,49.086567 -47.021606 -0.31496063,
  49.082231 -47.028094 -0.31496063,49.080709 -47.035748 -0.31496063,
  49.080709 -47.763465 -0.31496063,49.082231 -47.771118 -0.31496063,
  49.086567 -47.777607 -0.31496063,49.093055 -47.781942 -0.31496063,
  49.100709 -47.783465 -0.31496063,49.198504 -47.783465 -0.31496063,
  49.206157 -47.781942 -0.31496063,49.212646 -47.777607 -0.31496063,
  49.216981 -47.771118 -0.31496063,49.218504 -47.763465 -0.31496063,
  49.021654 -47.035748 -0.31496063,49.020131 -47.028094 -0.31496063,
  49.015796 -47.021606 -0.31496063,49.009307 -47.01727 -0.31496063,
  49.001654 -47.015748 -0.31496063,48.903858 -47.015748 -0.31496063,
  48.896205 -47.01727 -0.31496063,48.889716 -47.021606 -0.31496063,
  48.885381 -47.028094 -0.31496063,48.883858 -47.035748 -0.31496063,
  48.883858 -47.763465 -0.31496063,48.885381 -47.771118 -0.31496063,
  48.889716 -47.777607 -0.31496063,48.896205 -47.781942 -0.31496063,
  48.903858 -47.783465 -0.31496063,49.001654 -47.783465 -0.31496063,
  49.009307 -47.781942 -0.31496063,49.015796 -47.777607 -0.31496063,
  49.020131 -47.771118 -0.31496063,49.021654 -47.763465 -0.31496063,
  48.824803 -47.035748 -0.31496063,48.823281 -47.028094 -0.31496063,
  48.818945 -47.021606 -0.31496063,48.812457 -47.01727 -0.31496063,
  48.804803 -47.015748 -0.31496063,48.707008 -47.015748 -0.31496063,
  48.699354 -47.01727 -0.31496063,48.692866 -47.021606 -0.31496063,
  48.68853 -47.028094 -0.31496063,48.687008 -47.035748 -0.31496063,
  48.687008 -47.763465 -0.31496063,48.68853 -47.771118 -0.31496063,
  48.692866 -47.777607 -0.31496063,48.699354 -47.781942 -0.31496063,
  48.707008 -47.783465 -0.31496063,48.804803 -47.783465 -0.31496063,
  48.812457 -47.781942 -0.31496063,48.818945 -47.777607 -0.31496063,
  48.823281 -47.771118 -0.31496063,48.824803 -47.763465 -0.31496063,
  48.627953 -47.035748 -0.31496063,48.62643 -47.028094 -0.31496063,
  48.622095 -47.021606 -0.31496063,48.615606 -47.01727 -0.31496063,
  48.607953 -47.015748 -0.31496063,48.510157 -47.015748 -0.31496063,
  48.502504 -47.01727 -0.31496063,48.496015 -47.021606 -0.31496063,
  48.49168 -47.028094 -0.31496063,48.490157 -47.035748 -0.31496063,
  48.490157 -47.763465 -0.31496063,48.49168 -47.771118 -0.31496063,
  48.496015 -47.777607 -0.31496063,48.502504 -47.781942 -0.31496063,
  48.510157 -47.783465 -0.31496063,48.607953 -47.783465 -0.31496063,
  48.615606 -47.781942 -0.31496063,48.622095 -47.777607 -0.31496063,
  48.62643 -47.771118 -0.31496063,48.627953 -47.763465 -0.31496063,
  48.431102 -47.035748 -0.31496063,48.42958 -47.028094 -0.31496063,
  48.425244 -47.021606 -0.31496063,48.418756 -47.01727 -0.31496063,
  48.411102 -47.015748 -0.31496063,48.313307 -47.015748 -0.31496063,
  48.305654 -47.01727 -0.31496063,48.299165 -47.021606 -0.31496063,
  48.29483 -47.028094 -0.31496063,48.293307 -47.035748 -0.31496063,
  48.293307 -47.763465 -0.31496063,48.29483 -47.771118 -0.31496063,
  48.299165 -47.777607 -0.31496063,48.305654 -47.781942 -0.31496063,
  48.313307 -47.783465 -0.31496063,48.411102 -47.783465 -0.31496063,
  48.418756 -47.781942 -0.31496063,48.425244 -47.777607 -0.31496063,
  48.42958 -47.771118 -0.31496063,48.431102 -47.763465 -0.31496063,
  48.234252 -47.035748 -0.31496063,48.23273 -47.028094 -0.31496063,
  48.228394 -47.021606 -0.31496063,48.221906 -47.01727 -0.31496063,
  48.214252 -47.015748 -0.31496063,48.116457 -47.015748 -0.31496063,
  48.108803 -47.01727 -0.31496063,48.102315 -47.021606 -0.31496063,
  48.097979 -47.028094 -0.31496063,48.096457 -47.035748 -0.31496063,
  48.096457 -47.763465 -0.31496063,48.097979 -47.771118 -0.31496063,
  48.102315 -47.777607 -0.31496063,48.108803 -47.781942 -0.31496063,
  48.116457 -47.783465 -0.31496063,48.214252 -47.783465 -0.31496063,
  48.221906 -47.781942 -0.31496063,48.228394 -47.777607 -0.31496063,
  48.23273 -47.771118 -0.31496063,48.234252 -47.763465 -0.31496063,
  48.037402 -47.035748 -0.31496063,48.035879 -47.028094 -0.31496063,
  48.031544 -47.021606 -0.31496063,48.025055 -47.01727 -0.31496063,
  48.017402 -47.015748 -0.31496063,47.919606 -47.015748 -0.31496063,
  47.911953 -47.01727 -0.31496063,47.905464 -47.021606 -0.31496063,
  47.901129 -47.028094 -0.31496063,47.899606 -47.035748 -0.31496063,
  47.899606 -47.763465 -0.31496063,47.901129 -47.771118 -0.31496063,
  47.905464 -47.777607 -0.31496063,47.911953 -47.781942 -0.31496063,
  47.919606 -47.783465 -0.31496063,48.017402 -47.783465 -0.31496063,
  48.025055 -47.781942 -0.31496063,48.031544 -47.777607 -0.31496063,
  48.035879 -47.771118 -0.31496063,48.037402 -47.763465 -0.31496063,
  47.840551 -47.035748 -0.31496063,47.839029 -47.028094 -0.31496063,
  47.834693 -47.021606 -0.31496063,47.828205 -47.01727 -0.31496063,
  47.820551 -47.015748 -0.31496063,47.722756 -47.015748 -0.31496063,
  47.715102 -47.01727 -0.31496063,47.708614 -47.021606 -0.31496063,
  47.704278 -47.028094 -0.31496063,47.702756 -47.035748 -0.31496063,
  47.702756 -47.763465 -0.31496063,47.704278 -47.771118 -0.31496063,
  47.708614 -47.777607 -0.31496063,47.715102 -47.781942 -0.31496063,
  47.722756 -47.783465 -0.31496063,47.820551 -47.783465 -0.31496063,
  47.828205 -47.781942 -0.31496063,47.834693 -47.777607 -0.31496063,
  47.839029 -47.771118 -0.31496063,47.840551 -47.763465 -0.31496063,
  47.643701 -47.035748 -0.31496063,47.642178 -47.028094 -0.31496063,
  47.637843 -47.021606 -0.31496063,47.631354 -47.01727 -0.31496063,
  47.623701 -47.015748 -0.31496063,47.525906 -47.015748 -0.31496063,
  47.518252 -47.01727 -0.31496063,47.511763 -47.021606 -0.31496063,
  47.507428 -47.028094 -0.31496063,47.505906 -47.035748 -0.31496063,
  47.505906 -47.763465 -0.31496063,47.507428 -47.771118 -0.31496063,
  47.511763 -47.777607 -0.31496063,47.518252 -47.781942 -0.31496063,
  47.525906 -47.783465 -0.31496063,47.623701 -47.783465 -0.31496063,
  47.631354 -47.781942 -0.31496063,47.637843 -47.777607 -0.31496063,
  47.642178 -47.771118 -0.31496063,47.643701 -47.763465 -0.31496063,
  46.659449 -47.035748 -0.31496063,46.657926 -47.028094 -0.31496063,
  46.653591 -47.021606 -0.31496063,46.647102 -47.01727 -0.31496063,
  46.639449 -47.015748 -0.31496063,46.541654 -47.015748 -0.31496063,
  46.534 -47.01727 -0.31496063,46.527511 -47.021606 -0.31496063,
  46.523176 -47.028094 -0.31496063,46.521654 -47.035748 -0.31496063,
  46.521654 -47.763465 -0.31496063,46.523176 -47.771118 -0.31496063,
  46.527511 -47.777607 -0.31496063,46.534 -47.781942 -0.31496063,
  46.541654 -47.783465 -0.31496063,46.639449 -47.783465 -0.31496063,
  46.647102 -47.781942 -0.31496063,46.653591 -47.777607 -0.31496063,
  46.657926 -47.771118 -0.31496063,46.659449 -47.763465 -0.31496063,
  46.462598 -47.035748 -0.31496063,46.461076 -47.028094 -0.31496063,
  46.456741 -47.021606 -0.31496063,46.450252 -47.01727 -0.31496063,
  46.442598 -47.015748 -0.31496063,46.344803 -47.015748 -0.31496063,
  46.33715 -47.01727 -0.31496063,46.330661 -47.021606 -0.31496063,
  46.326326 -47.028094 -0.31496063,46.324803 -47.035748 -0.31496063,
  46.324803 -47.763465 -0.31496063,46.326326 -47.771118 -0.31496063,
  46.330661 -47.777607 -0.31496063,46.33715 -47.781942 -0.31496063,
  46.344803 -47.783465 -0.31496063,46.442598 -47.783465 -0.31496063,
  46.450252 -47.781942 -0.31496063,46.456741 -47.777607 -0.31496063,
  46.461076 -47.771118 -0.31496063,46.462598 -47.763465 -0.31496063,
  46.265748 -47.035748 -0.31496063,46.264226 -47.028094 -0.31496063,
  46.25989 -47.021606 -0.31496063,46.253402 -47.01727 -0.31496063,
  46.245748 -47.015748 -0.31496063,46.147953 -47.015748 -0.31496063,
  46.140299 -47.01727 -0.31496063,46.133811 -47.021606 -0.31496063,
  46.129475 -47.028094 -0.31496063,46.127953 -47.035748 -0.31496063,
  46.127953 -47.763465 -0.31496063,46.129475 -47.771118 -0.31496063,
  46.133811 -47.777607 -0.31496063,46.140299 -47.781942 -0.31496063,
  46.147953 -47.783465 -0.31496063,46.245748 -47.783465 -0.31496063,
  46.253402 -47.781942 -0.31496063,46.25989 -47.777607 -0.31496063,
  46.264226 -47.771118 -0.31496063,46.265748 -47.763465 -0.31496063,
  46.068898 -47.035748 -0.31496063,46.067375 -47.028094 -0.31496063,
  46.06304 -47.021606 -0.31496063,46.056551 -47.01727 -0.31496063,
  46.048898 -47.015748 -0.31496063,45.951102 -47.015748 -0.31496063,
  45.943449 -47.01727 -0.31496063,45.93696 -47.021606 -0.31496063,
  45.932625 -47.028094 -0.31496063,45.931102 -47.035748 -0.31496063,
  45.931102 -47.763465 -0.31496063,45.932625 -47.771118 -0.31496063,
  45.93696 -47.777607 -0.31496063,45.943449 -47.781942 -0.31496063,
  45.951102 -47.783465 -0.31496063,46.048898 -47.783465 -0.31496063,
  46.056551 -47.781942 -0.31496063,46.06304 -47.777607 -0.31496063,
  46.067375 -47.771118 -0.31496063,46.068898 -47.763465 -0.31496063,
  39.003516 -30.041482 -0.31496063,39.082558 -30.109306 -0.31496063,
  39.15114 -30.187686 -0.31496063,39.20787 -30.27503 -0.31496063,
  39.251593 -30.369556 -0.31496063,39.281418 -30.469344 -0.31496063,
  39.296738 -30.572359 -0.31496063,39.297244 -30.677165 -0.31496063,
  39.296738 -30.781971 -0.31496063,39.281418 -30.884987 -0.31496063,
  39.251593 -30.984775 -0.31496063,39.20787 -31.079301 -0.31496063,
  39.15114 -31.166645 -0.31496063,39.082558 -31.245025 -0.31496063,
  39.003516 -31.312849 -0.31496063,38.915632 -31.36873 -0.31496063,
  38.820684 -31.411539 -0.31496063,38.720613 -31.440398 -0.31496063,
  38.608268 -31.455996 -0.31496063,38.608268 -31.769685 -0.31496063,
  38.61893 -31.769685 -0.31496063,38.751806 -31.747419 -0.31496063,
  38.873386 -31.711497 -0.31496063,38.873386 -31.937008 -0.31496063,
  38.881025 -31.960519 -0.31496063,38.901025 -31.97505 -0.31496063,
  38.925746 -31.97505 -0.31496063,38.945746 -31.960519 -0.31496063,
  38.953386 -31.937008 -0.31496063,38.953386 -31.677883 -0.31496063,
  39.00424 -31.655867 -0.31496063,39.120306 -31.58789 -0.31496063,
  39.177994 -31.543937 -0.31496063,39.425197 -31.543937 -0.31496063,
  39.448708 -31.536298 -0.31496063,39.463239 -31.516298 -0.31496063,
  39.463239 -31.491576 -0.31496063,39.448708 -31.471576 -0.31496063,
  39.425197 -31.463937 -0.31496063,39.270855 -31.463937 -0.31496063,
  39.323643 -31.412509 -0.31496063,39.407925 -31.307681 -0.31496063,
  39.478908 -31.193428 -0.31496063,39.535549 -31.071427 -0.31496063,
  39.577016 -30.94347 -0.31496063,39.602699 -30.811437 -0.31496063,
  39.60939 -30.717165 -0.31496063,39.779528 -30.717165 -0.31496063,
  39.803039 -30.709526 -0.31496063,39.81757 -30.689526 -0.31496063,
  39.81757 -30.664805 -0.31496063,39.803039 -30.644805 -0.31496063,
  39.779528 -30.637165 -0.31496063,39.609672 -30.637165 -0.31496063,
  39.603639 -30.542633 -0.31496063,39.578675 -30.410183 -0.31496063,
  39.537706 -30.281779 -0.31496063,39.481346 -30.159347 -0.31496063,
  39.410442 -30.044723 -0.31496063,39.326056 -29.939628 -0.31496063,
  39.275454 -29.890394 -0.31496063,39.425197 -29.890394 -0.31496063,
  39.448708 -29.882754 -0.31496063,39.463239 -29.862754 -0.31496063,
  39.463239 -29.838033 -0.31496063,39.448708 -29.818033 -0.31496063,
  39.425197 -29.810394 -0.31496063,39.183011 -29.810394 -0.31496063,
  39.122087 -29.764161 -0.31496063,39.005563 -29.696423 -0.31496063,
  38.953386 -29.674115 -0.31496063,38.953386 -29.417323 -0.31496063,
  38.945746 -29.393811 -0.31496063,38.925746 -29.379281 -0.31496063,
  38.901025 -29.379281 -0.31496063,38.881025 -29.393811 -0.31496063,
  38.873386 -29.417323 -0.31496063,38.873386 -29.641535 -0.31496063,
  38.608268 -29.582199 -0.31496063,38.608268 -29.898334 -0.31496063,
  38.720613 -29.913933 -0.31496063,38.820684 -29.942792 -0.31496063,
  38.915632 -29.9856 -0.31496063,38.975354 -29.850394 -0.31496063,
  38.970637 -29.874108 -0.31496063,38.957204 -29.894212 -0.31496063,
  38.9371 -29.907645 -0.31496063,38.913386 -29.912362 -0.31496063,
  38.889672 -29.907645 -0.31496063,38.869567 -29.894212 -0.31496063,
  38.856134 -29.874108 -0.31496063,38.851417 -29.850394 -0.31496063,
  38.856134 -29.826679 -0.31496063,38.869567 -29.806575 -0.31496063,
  38.889672 -29.793142 -0.31496063,38.913386 -29.788425 -0.31496063,
  38.9371 -29.793142 -0.31496063,38.957204 -29.806575 -0.31496063,
  38.970637 -29.826679 -0.31496063,39.363228 -30.677165 -0.31496063,
  39.367945 -30.653451 -0.31496063,39.381379 -30.633347 -0.31496063,
  39.401483 -30.619914 -0.31496063,39.425197 -30.615197 -0.31496063,
  39.448911 -30.619914 -0.31496063,39.469015 -30.633347 -0.31496063,
  39.482448 -30.653451 -0.31496063,39.487165 -30.677165 -0.31496063,
  39.482448 -30.70088 -0.31496063,39.469015 -30.720984 -0.31496063,
  39.448911 -30.734417 -0.31496063,39.425197 -30.739134 -0.31496063,
  39.401483 -30.734417 -0.31496063,39.381379 -30.720984 -0.31496063,
  39.367945 -30.70088 -0.31496063,38.851417 -31.503937 -0.31496063,
  38.856134 -31.480223 -0.31496063,38.869567 -31.460119 -0.31496063,
  38.889672 -31.446686 -0.31496063,38.913386 -31.441969 -0.31496063,
  38.9371 -31.446686 -0.31496063,38.957204 -31.460119 -0.31496063,
  38.970637 -31.480223 -0.31496063,38.975354 -31.503937 -0.31496063,
  38.970637 -31.527651 -0.31496063,38.957204 -31.547755 -0.31496063,
  38.9371 -31.561188 -0.31496063,38.913386 -31.565906 -0.31496063,
  38.889672 -31.561188 -0.31496063,38.869567 -31.547755 -0.31496063,
  38.856134 -31.527651 -0.31496063,53.179316 -29.942792 -0.31496063,
  53.279387 -29.913933 -0.31496063,53.391732 -29.898334 -0.31496063,
  53.391732 -29.582859 -0.31496063,53.248194 -29.606912 -0.31496063,
  53.126614 -29.642834 -0.31496063,53.126614 -29.417323 -0.31496063,
  53.118975 -29.393811 -0.31496063,53.098975 -29.379281 -0.31496063,
  53.074254 -29.379281 -0.31496063,53.054254 -29.393811 -0.31496063,
  53.046614 -29.417323 -0.31496063,53.046614 -29.676448 -0.31496063,
  52.995761 -29.698463 -0.31496063,52.879694 -29.766441 -0.31496063,
  52.822006 -29.810394 -0.31496063,52.574803 -29.810394 -0.31496063,
  52.551292 -29.818033 -0.31496063,52.536761 -29.838033 -0.31496063,
  52.536761 -29.862754 -0.31496063,52.551292 -29.882754 -0.31496063,
  52.574803 -29.890394 -0.31496063,52.729145 -29.890394 -0.31496063,
  52.676357 -29.941821 -0.31496063,52.592075 -30.046649 -0.31496063,
  52.521092 -30.160902 -0.31496063,52.464451 -30.282904 -0.31496063,
  52.422891 -30.411146 -0.31496063,52.393 -30.637165 -0.31496063,
  52.220472 -30.637165 -0.31496063,52.196961 -30.644805 -0.31496063,
  52.18243 -30.664805 -0.31496063,52.18243 -30.689526 -0.31496063,
  52.196961 -30.709526 -0.31496063,52.220472 -30.717165 -0.31496063,
  52.390328 -30.717165 -0.31496063,52.396361 -30.811698 -0.31496063,
  52.421325 -30.944147 -0.31496063,52.462294 -31.072552 -0.31496063,
  52.518654 -31.194984 -0.31496063,52.589558 -31.309607 -0.31496063,
  52.673944 -31.414703 -0.31496063,52.724546 -31.463937 -0.31496063,
  52.574803 -31.463937 -0.31496063,52.551292 -31.471576 -0.31496063,
  52.536761 -31.491576 -0.31496063,52.536761 -31.516298 -0.31496063,
  52.551292 -31.536298 -0.31496063,52.574803 -31.543937 -0.31496063,
  52.816989 -31.543937 -0.31496063,52.877913 -31.59017 -0.31496063,
  52.994437 -31.657908 -0.31496063,53.046614 -31.680216 -0.31496063,
  53.046614 -31.937008 -0.31496063,53.054254 -31.960519 -0.31496063,
  53.074254 -31.97505 -0.31496063,53.098975 -31.97505 -0.31496063,
  53.118975 -31.960519 -0.31496063,53.126614 -31.937008 -0.31496063,
  53.126614 -31.712796 -0.31496063,53.391732 -31.772131 -0.31496063,
  53.391732 -31.455996 -0.31496063,53.279387 -31.440398 -0.31496063,
  53.179316 -31.411539 -0.31496063,53.084368 -31.36873 -0.31496063,
  52.996484 -31.312849 -0.31496063,52.917442 -31.245025 -0.31496063,
  52.84886 -31.166645 -0.31496063,52.79213 -31.079301 -0.31496063,
  52.748407 -30.984775 -0.31496063,52.718582 -30.884987 -0.31496063,
  52.703262 -30.781971 -0.31496063,52.702756 -30.677165 -0.31496063,
  52.703262 -30.572359 -0.31496063,52.718582 -30.469344 -0.31496063,
  52.748407 -30.369556 -0.31496063,52.79213 -30.27503 -0.31496063,
  52.84886 -30.187686 -0.31496063,52.917442 -30.109306 -0.31496063,
  52.996484 -30.041482 -0.31496063,53.084368 -29.9856 -0.31496063,
  53.148583 -29.850394 -0.31496063,53.143866 -29.874108 -0.31496063,
  53.130433 -29.894212 -0.31496063,53.110328 -29.907645 -0.31496063,
  53.086614 -29.912362 -0.31496063,53.0629 -29.907645 -0.31496063,
  53.042796 -29.894212 -0.31496063,53.029363 -29.874108 -0.31496063,
  53.024646 -29.850394 -0.31496063,53.029363 -29.826679 -0.31496063,
  53.042796 -29.806575 -0.31496063,53.0629 -29.793142 -0.31496063,
  53.086614 -29.788425 -0.31496063,53.110328 -29.793142 -0.31496063,
  53.130433 -29.806575 -0.31496063,53.143866 -29.826679 -0.31496063,
  52.512835 -30.677165 -0.31496063,52.517552 -30.653451 -0.31496063,
  52.530985 -30.633347 -0.31496063,52.551089 -30.619914 -0.31496063,
  52.574803 -30.615197 -0.31496063,52.598517 -30.619914 -0.31496063,
  52.618621 -30.633347 -0.31496063,52.632055 -30.653451 -0.31496063,
  52.636772 -30.677165 -0.31496063,52.632055 -30.70088 -0.31496063,
  52.618621 -30.720984 -0.31496063,52.598517 -30.734417 -0.31496063,
  52.574803 -30.739134 -0.31496063,52.551089 -30.734417 -0.31496063,
  52.530985 -30.720984 -0.31496063,52.517552 -30.70088 -0.31496063] }
 coordIndex [
  11,9,8,-1,11,8,12,-1,12,8,7,-1,12,7,13,-1,13,7,6,-1,13,6,14,-1,14,6,5,-1,14,5,15,-1,
  15,5,4,-1,15,4,16,-1,16,4,3,-1,16,3,17,-1,17,3,2,-1,17,2,18,-1,18,2,1,-1,18,1,19,-1,
  19,1,0,-1,31,29,28,-1,31,28,32,-1,32,28,27,-1,32,27,33,-1,33,27,26,-1,33,26,34,-1,34,26,25,-1,
  34,25,35,-1,35,25,24,-1,35,24,36,-1,36,24,23,-1,36,23,37,-1,37,23,22,-1,37,22,38,-1,38,22,21,-1,
  38,21,39,-1,39,21,20,-1,51,49,48,-1,51,48,52,-1,52,48,47,-1,52,47,53,-1,53,47,46,-1,53,46,54,-1,
  54,46,45,-1,54,45,55,-1,55,45,44,-1,55,44,56,-1,56,44,43,-1,56,43,57,-1,57,43,42,-1,57,42,58,-1,
  58,42,41,-1,58,41,59,-1,59,41,40,-1,71,69,68,-1,71,68,72,-1,72,68,67,-1,72,67,73,-1,73,67,66,-1,
  73,66,74,-1,74,66,65,-1,74,65,75,-1,75,65,64,-1,75,64,76,-1,76,64,63,-1,76,63,77,-1,77,63,62,-1,
  77,62,78,-1,78,62,61,-1,78,61,79,-1,79,61,60,-1,91,89,88,-1,91,88,92,-1,92,88,87,-1,92,87,93,-1,
  93,87,86,-1,93,86,94,-1,94,86,85,-1,94,85,95,-1,95,85,84,-1,95,84,96,-1,96,84,83,-1,96,83,97,-1,
  97,83,82,-1,97,82,98,-1,98,82,81,-1,98,81,99,-1,99,81,80,-1,111,109,108,-1,111,108,112,-1,112,108,107,-1,
  112,107,113,-1,113,107,106,-1,113,106,114,-1,114,106,105,-1,114,105,115,-1,115,105,104,-1,115,104,116,-1,116,104,103,-1,
  116,103,117,-1,117,103,102,-1,117,102,118,-1,118,102,101,-1,118,101,119,-1,119,101,100,-1,131,129,128,-1,131,128,132,-1,
  132,128,127,-1,132,127,133,-1,133,127,126,-1,133,126,134,-1,134,126,125,-1,134,125,135,-1,135,125,124,-1,135,124,136,-1,
  136,124,123,-1,136,123,137,-1,137,123,122,-1,137,122,138,-1,138,122,121,-1,138,121,139,-1,139,121,120,-1,151,149,148,-1,
  151,148,152,-1,152,148,147,-1,152,147,153,-1,153,147,146,-1,153,146,154,-1,154,146,145,-1,154,145,155,-1,155,145,144,-1,
  155,144,156,-1,156,144,143,-1,156,143,157,-1,157,143,142,-1,157,142,158,-1,158,142,141,-1,158,141,159,-1,159,141,140,-1,
  171,169,168,-1,171,168,172,-1,172,168,167,-1,172,167,173,-1,173,167,166,-1,173,166,174,-1,174,166,165,-1,174,165,175,-1,
  175,165,164,-1,175,164,176,-1,176,164,163,-1,176,163,177,-1,177,163,162,-1,177,162,178,-1,178,162,161,-1,178,161,179,-1,
  179,161,160,-1,191,189,188,-1,191,188,192,-1,192,188,187,-1,192,187,193,-1,193,187,186,-1,193,186,194,-1,194,186,185,-1,
  194,185,195,-1,195,185,184,-1,195,184,196,-1,196,184,183,-1,196,183,197,-1,197,183,182,-1,197,182,198,-1,198,182,181,-1,
  198,181,199,-1,199,181,180,-1,211,209,208,-1,211,208,212,-1,212,208,207,-1,212,207,213,-1,213,207,206,-1,213,206,214,-1,
  214,206,205,-1,214,205,215,-1,215,205,204,-1,215,204,216,-1,216,204,203,-1,216,203,217,-1,217,203,202,-1,217,202,218,-1,
  218,202,201,-1,218,201,219,-1,219,201,200,-1,231,229,228,-1,231,228,232,-1,232,228,227,-1,232,227,233,-1,233,227,226,-1,
  233,226,234,-1,234,226,225,-1,234,225,235,-1,235,225,224,-1,235,224,236,-1,236,224,223,-1,236,223,237,-1,237,223,222,-1,
  237,222,238,-1,238,222,221,-1,238,221,239,-1,239,221,220,-1,251,249,248,-1,251,248,252,-1,252,248,247,-1,252,247,253,-1,
  253,247,246,-1,253,246,254,-1,254,246,245,-1,254,245,255,-1,255,245,244,-1,255,244,256,-1,256,244,243,-1,256,243,257,-1,
  257,243,242,-1,257,242,258,-1,258,242,241,-1,258,241,259,-1,259,241,240,-1,271,269,268,-1,271,268,272,-1,272,268,267,-1,
  272,267,273,-1,273,267,266,-1,273,266,274,-1,274,266,265,-1,274,265,275,-1,275,265,264,-1,275,264,276,-1,276,264,263,-1,
  276,263,277,-1,277,263,262,-1,277,262,278,-1,278,262,261,-1,278,261,279,-1,279,261,260,-1,291,289,288,-1,291,288,292,-1,
  292,288,287,-1,292,287,293,-1,293,287,286,-1,293,286,294,-1,294,286,285,-1,294,285,295,-1,295,285,284,-1,295,284,296,-1,
  296,284,283,-1,296,283,297,-1,297,283,282,-1,297,282,298,-1,298,282,281,-1,298,281,299,-1,299,281,280,-1,311,309,308,-1,
  311,308,312,-1,312,308,307,-1,312,307,313,-1,313,307,306,-1,313,306,314,-1,314,306,305,-1,314,305,315,-1,315,305,304,-1,
  315,304,316,-1,316,304,303,-1,316,303,317,-1,317,303,302,-1,317,302,318,-1,318,302,301,-1,318,301,319,-1,319,301,300,-1,
  331,329,328,-1,331,328,332,-1,332,328,327,-1,332,327,333,-1,333,327,326,-1,333,326,334,-1,334,326,325,-1,334,325,335,-1,
  335,325,324,-1,335,324,336,-1,336,324,323,-1,336,323,337,-1,337,323,322,-1,337,322,338,-1,338,322,321,-1,338,321,339,-1,
  339,321,320,-1,351,349,348,-1,351,348,352,-1,352,348,347,-1,352,347,353,-1,353,347,346,-1,353,346,354,-1,354,346,345,-1,
  354,345,355,-1,355,345,344,-1,355,344,356,-1,356,344,343,-1,356,343,357,-1,357,343,342,-1,357,342,358,-1,358,342,341,-1,
  358,341,359,-1,359,341,340,-1,371,369,368,-1,371,368,372,-1,372,368,367,-1,372,367,373,-1,373,367,366,-1,373,366,374,-1,
  374,366,365,-1,374,365,375,-1,375,365,364,-1,375,364,376,-1,376,364,363,-1,376,363,377,-1,377,363,362,-1,377,362,378,-1,
  378,362,361,-1,378,361,379,-1,379,361,360,-1,871,870,384,-1,384,870,385,-1,385,870,386,-1,386,870,387,-1,387,870,388,-1,
  388,870,867,-1,867,870,869,-1,872,871,381,-1,381,871,382,-1,382,871,383,-1,383,871,384,-1,873,872,858,-1,858,872,859,-1,
  859,872,380,-1,380,872,381,-1,389,388,867,-1,389,867,390,-1,390,867,866,-1,390,866,864,-1,864,866,865,-1,861,859,393,-1,
  861,393,862,-1,862,393,392,-1,862,392,863,-1,863,392,391,-1,863,391,864,-1,864,391,390,-1,393,859,394,-1,394,859,395,-1,
  395,859,380,-1,873,858,857,-1,873,857,874,-1,874,857,856,-1,874,856,875,-1,875,856,876,-1,849,876,856,-1,849,856,850,-1,
  850,856,855,-1,850,855,851,-1,851,855,854,-1,851,854,852,-1,852,854,853,-1,830,829,880,-1,880,829,881,-1,881,829,882,-1,
  882,829,822,-1,822,829,823,-1,823,829,828,-1,831,830,909,-1,909,830,910,-1,910,830,911,-1,911,830,912,-1,912,830,848,-1,
  848,830,849,-1,849,830,878,-1,878,830,879,-1,879,830,880,-1,814,813,812,-1,814,812,902,-1,902,812,811,-1,902,811,903,-1,
  903,811,888,-1,810,809,808,-1,810,808,811,-1,811,808,807,-1,811,807,888,-1,888,807,889,-1,814,902,901,-1,814,901,815,-1,
  815,901,900,-1,815,900,816,-1,816,900,899,-1,816,899,817,-1,817,899,818,-1,820,819,886,-1,886,819,896,-1,896,819,897,-1,
  897,819,898,-1,898,819,899,-1,899,819,818,-1,883,882,822,-1,883,822,884,-1,884,822,821,-1,884,821,885,-1,885,821,820,-1,
  885,820,886,-1,825,824,827,-1,827,824,828,-1,828,824,823,-1,889,807,890,-1,890,807,891,-1,891,807,892,-1,892,807,887,-1,
  892,887,893,-1,893,887,894,-1,894,887,895,-1,895,887,886,-1,878,877,849,-1,849,877,876,-1,832,831,906,-1,906,831,907,-1,
  907,831,908,-1,908,831,909,-1,846,845,833,-1,846,833,904,-1,904,833,832,-1,904,832,905,-1,905,832,906,-1,407,405,404,-1,
  407,404,408,-1,408,404,403,-1,408,403,409,-1,409,403,402,-1,409,402,410,-1,410,402,401,-1,410,401,411,-1,411,401,400,-1,
  411,400,412,-1,412,400,399,-1,412,399,413,-1,413,399,398,-1,413,398,414,-1,414,398,397,-1,414,397,415,-1,415,397,396,-1,
  427,425,424,-1,427,424,428,-1,428,424,423,-1,428,423,429,-1,429,423,422,-1,429,422,430,-1,430,422,421,-1,430,421,431,-1,
  431,421,420,-1,431,420,432,-1,432,420,419,-1,432,419,433,-1,433,419,418,-1,433,418,434,-1,434,418,417,-1,434,417,435,-1,
  435,417,416,-1,447,445,444,-1,447,444,448,-1,448,444,443,-1,448,443,449,-1,449,443,442,-1,449,442,450,-1,450,442,441,-1,
  450,441,451,-1,451,441,440,-1,451,440,452,-1,452,440,439,-1,452,439,453,-1,453,439,438,-1,453,438,454,-1,454,438,437,-1,
  454,437,455,-1,455,437,436,-1,467,465,464,-1,467,464,468,-1,468,464,463,-1,468,463,469,-1,469,463,462,-1,469,462,470,-1,
  470,462,461,-1,470,461,471,-1,471,461,460,-1,471,460,472,-1,472,460,459,-1,472,459,473,-1,473,459,458,-1,473,458,474,-1,
  474,458,457,-1,474,457,475,-1,475,457,456,-1,487,485,484,-1,487,484,488,-1,488,484,483,-1,488,483,489,-1,489,483,482,-1,
  489,482,490,-1,490,482,481,-1,490,481,491,-1,491,481,480,-1,491,480,492,-1,492,480,479,-1,492,479,493,-1,493,479,478,-1,
  493,478,494,-1,494,478,477,-1,494,477,495,-1,495,477,476,-1,507,505,504,-1,507,504,508,-1,508,504,503,-1,508,503,509,-1,
  509,503,502,-1,509,502,510,-1,510,502,501,-1,510,501,511,-1,511,501,500,-1,511,500,512,-1,512,500,499,-1,512,499,513,-1,
  513,499,498,-1,513,498,514,-1,514,498,497,-1,514,497,515,-1,515,497,496,-1,527,525,524,-1,527,524,528,-1,528,524,523,-1,
  528,523,529,-1,529,523,522,-1,529,522,530,-1,530,522,521,-1,530,521,531,-1,531,521,520,-1,531,520,532,-1,532,520,519,-1,
  532,519,533,-1,533,519,518,-1,533,518,534,-1,534,518,517,-1,534,517,535,-1,535,517,516,-1,547,545,544,-1,547,544,548,-1,
  548,544,543,-1,548,543,549,-1,549,543,542,-1,549,542,550,-1,550,542,541,-1,550,541,551,-1,551,541,540,-1,551,540,552,-1,
  552,540,539,-1,552,539,553,-1,553,539,538,-1,553,538,554,-1,554,538,537,-1,554,537,555,-1,555,537,536,-1,567,565,564,-1,
  567,564,568,-1,568,564,563,-1,568,563,569,-1,569,563,562,-1,569,562,570,-1,570,562,561,-1,570,561,571,-1,571,561,560,-1,
  571,560,572,-1,572,560,559,-1,572,559,573,-1,573,559,558,-1,573,558,574,-1,574,558,557,-1,574,557,575,-1,575,557,556,-1,
  587,585,584,-1,587,584,588,-1,588,584,583,-1,588,583,589,-1,589,583,582,-1,589,582,590,-1,590,582,581,-1,590,581,591,-1,
  591,581,580,-1,591,580,592,-1,592,580,579,-1,592,579,593,-1,593,579,578,-1,593,578,594,-1,594,578,577,-1,594,577,595,-1,
  595,577,576,-1,607,605,604,-1,607,604,608,-1,608,604,603,-1,608,603,609,-1,609,603,602,-1,609,602,610,-1,610,602,601,-1,
  610,601,611,-1,611,601,600,-1,611,600,612,-1,612,600,599,-1,612,599,613,-1,613,599,598,-1,613,598,614,-1,614,598,597,-1,
  614,597,615,-1,615,597,596,-1,627,625,624,-1,627,624,628,-1,628,624,623,-1,628,623,629,-1,629,623,622,-1,629,622,630,-1,
  630,622,621,-1,630,621,631,-1,631,621,620,-1,631,620,632,-1,632,620,619,-1,632,619,633,-1,633,619,618,-1,633,618,634,-1,
  634,618,617,-1,634,617,635,-1,635,617,616,-1,647,645,644,-1,647,644,648,-1,648,644,643,-1,648,643,649,-1,649,643,642,-1,
  649,642,650,-1,650,642,641,-1,650,641,651,-1,651,641,640,-1,651,640,652,-1,652,640,639,-1,652,639,653,-1,653,639,638,-1,
  653,638,654,-1,654,638,637,-1,654,637,655,-1,655,637,636,-1,667,665,664,-1,667,664,668,-1,668,664,663,-1,668,663,669,-1,
  669,663,662,-1,669,662,670,-1,670,662,661,-1,670,661,671,-1,671,661,660,-1,671,660,672,-1,672,660,659,-1,672,659,673,-1,
  673,659,658,-1,673,658,674,-1,674,658,657,-1,674,657,675,-1,675,657,656,-1,770,751,750,-1,770,750,771,-1,771,750,749,-1,
  771,749,772,-1,772,749,748,-1,772,748,746,-1,746,748,747,-1,737,736,742,-1,737,742,738,-1,738,742,741,-1,738,741,739,-1,
  739,741,740,-1,736,680,679,-1,736,679,743,-1,743,679,678,-1,743,678,744,-1,744,678,677,-1,744,677,745,-1,745,677,676,-1,
  745,676,759,-1,759,676,760,-1,746,745,773,-1,773,745,774,-1,774,745,759,-1,769,768,753,-1,769,753,770,-1,770,753,752,-1,
  770,752,751,-1,765,764,758,-1,765,758,766,-1,766,758,757,-1,766,757,767,-1,767,757,753,-1,767,753,768,-1,757,756,753,-1,
  753,756,754,-1,754,756,755,-1,717,716,775,-1,775,716,735,-1,735,716,683,-1,683,716,684,-1,684,716,685,-1,685,716,715,-1,
  799,798,690,-1,799,690,706,-1,706,690,689,-1,706,689,707,-1,707,689,688,-1,707,688,708,-1,708,688,687,-1,708,687,715,-1,
  715,687,686,-1,715,686,685,-1,709,715,714,-1,709,714,710,-1,710,714,713,-1,710,713,711,-1,711,713,712,-1,703,702,802,-1,
  703,802,705,-1,705,802,801,-1,705,801,706,-1,706,801,800,-1,706,800,799,-1,700,698,804,-1,700,804,701,-1,701,804,803,-1,
  701,803,702,-1,702,803,802,-1,804,698,805,-1,805,698,806,-1,806,698,791,-1,791,698,692,-1,692,698,697,-1,694,693,696,-1,
  696,693,697,-1,697,693,692,-1,795,794,691,-1,795,691,796,-1,796,691,690,-1,796,690,797,-1,797,690,798,-1,692,691,792,-1,
  792,691,793,-1,793,691,794,-1,761,760,676,-1,761,676,762,-1,762,676,758,-1,762,758,763,-1,763,758,764,-1,719,783,732,-1,
  719,732,720,-1,720,732,731,-1,720,731,721,-1,721,731,730,-1,721,730,722,-1,722,730,729,-1,722,729,723,-1,723,729,728,-1,
  723,728,724,-1,724,728,727,-1,724,727,725,-1,725,727,726,-1,781,780,733,-1,781,733,782,-1,782,733,732,-1,782,732,783,-1,
  778,777,734,-1,778,734,779,-1,779,734,733,-1,779,733,780,-1,735,734,775,-1,775,734,776,-1,776,734,777,-1,785,784,718,-1,
  718,784,719,-1,719,784,783,-1,786,785,718,-1,786,718,787,-1,787,718,717,-1,787,717,788,-1,788,717,789,-1,775,790,717,-1,
  717,790,789,-1,736,735,681,-1,681,735,682,-1,682,735,683,-1,912,848,913,-1,913,848,914,-1,914,848,915,-1,915,848,847,-1,
  915,847,916,-1,916,847,917,-1,917,847,918,-1,918,847,846,-1,904,919,846,-1,846,919,918,-1,835,834,843,-1,843,834,844,-1,
  844,834,845,-1,845,834,833,-1,835,843,842,-1,835,842,836,-1,836,842,841,-1,836,841,837,-1,837,841,840,-1,837,840,838,-1,
  838,840,839,-1,698,700,699,-1,736,681,680,-1,692,792,791,-1,694,696,695,-1,703,705,704,-1,708,715,709,-1,772,746,773,-1,
  736,743,742,-1,665,667,666,-1,645,647,646,-1,625,627,626,-1,605,607,606,-1,585,587,586,-1,565,567,566,-1,545,547,546,-1,
  525,527,526,-1,505,507,506,-1,485,487,486,-1,465,467,466,-1,445,447,446,-1,425,427,426,-1,405,407,406,-1,895,886,896,-1,
  825,827,826,-1,859,861,860,-1,867,869,868,-1,369,371,370,-1,349,351,350,-1,329,331,330,-1,309,311,310,-1,289,291,290,-1,
  269,271,270,-1,249,251,250,-1,229,231,230,-1,209,211,210,-1,189,191,190,-1,169,171,170,-1,149,151,150,-1,129,131,130,-1,
  109,111,110,-1,89,91,90,-1,69,71,70,-1,49,51,50,-1,29,31,30,-1,9,11,10,-1]
  normalPerVertex TRUE
  normal DEF NORM_5 Normal { vector [
  0 0 -1,0 0 -1,
  0 0 -1,0 0 -1,
  0 0 -1,0 0 -1,
  0 0 -1,0 0 -1,
  0 0 -1,0 0 -1,
  0 0 -1,0 0 -1,
  0 0 -1,0 0 -1,
  0 0 -1,0 0 -1,
  0 0 -1,0 0 -1,
  0 0 -1,0 0 -1,
  0 0 -1,0 0 -1,
  0 0 -1,0 0 -1,
  0 0 -1,0 0 -1,
  0 0 -1,0 0 -1,
  0 0 -1,0 0 -1,
  0 0 -1,0 0 -1,
  0 0 -1,0 0 -1,
  0 0 -1,0 0 -1,
  0 0 -1,0 0 -1,
  0 0 -1,0 0 -1,
  0 0 -1,0 0 -1,
  0 0 -1,0 0 -1,
  0 0 -1,0 0 -1,
  0 0 -1,0 0 -1,
  0 0 -1,0 0 -1,
  0 0 -1,0 0 -1,
  0 0 -1,0 0 -1,
  0 0 -1,0 0 -1,
  0 0 -1,0 0 -1,
  0 0 -1,0 0 -1,
  0 0 -1,0 0 -1,
  0 0 -1,0 0 -1,
  0 0 -1,0 0 -1,
  0 0 -1,0 0 -1,
  0 0 -1,0 0 -1,
  0 0 -1,0 0 -1,
  0 0 -1,0 0 -1,
  0 0 -1,0 0 -1,
  0 0 -1,0 0 -1,
  0 0 -1,0 0 -1,
  0 0 -1,0 0 -1,
  0 0 -1,0 0 -1,
  0 0 -1,0 0 -1,
  0 0 -1,0 0 -1,
  0 0 -1,0 0 -1,
  0 0 -1,0 0 -1,
  0 0 -1,0 0 -1,
  0 0 -1,0 0 -1,
  0 0 -1,0 0 -1,
  0 0 -1,0 0 -1,
  0 0 -1,0 0 -1,
  0 0 -1,0 0 -1,
  0 0 -1,0 0 -1,
  0 0 -1,0 0 -1,
  0 0 -1,0 0 -1,
  0 0 -1,0 0 -1,
  0 0 -1,0 0 -1,
  0 0 -1,0 0 -1,
  0 0 -1,0 0 -1,
  0 0 -1,0 0 -1,
  0 0 -1,0 0 -1,
  0 0 -1,0 0 -1,
  0 0 -1,0 0 -1,
  0 0 -1,0 0 -1,
  0 0 -1,0 0 -1,
  0 0 -1,0 0 -1,
  0 0 -1,0 0 -1,
  0 0 -1,0 0 -1,
  0 0 -1,0 0 -1,
  0 0 -1,0 0 -1,
  0 0 -1,0 0 -1,
  0 0 -1,0 0 -1,
  0 0 -1,0 0 -1,
  0 0 -1,0 0 -1,
  0 0 -1,0 0 -1,
  0 0 -1,0 0 -1,
  0 0 -1,0 0 -1,
  0 0 -1,0 0 -1,
  0 0 -1,0 0 -1,
  0 0 -1,0 0 -1,
  0 0 -1,0 0 -1,
  0 0 -1,0 0 -1,
  0 0 -1,0 0 -1,
  0 0 -1,0 0 -1,
  0 0 -1,0 0 -1,
  0 0 -1,0 0 -1,
  0 0 -1,0 0 -1,
  0 0 -1,0 0 -1,
  0 0 -1,0 0 -1,
  0 0 -1,0 0 -1,
  0 0 -1,0 0 -1,
  0 0 -1,0 0 -1,
  0 0 -1,0 0 -1,
  0 0 -1,0 0 -1,
  0 0 -1,0 0 -1,
  0 0 -1,0 0 -1,
  0 0 -1,0 0 -1,
  0 0 -1,0 0 -1,
  0 0 -1,0 0 -1,
  0 0 -1,0 0 -1,
  0 0 -1,0 0 -1,
  0 0 -1,0 0 -1,
  0 0 -1,0 0 -1,
  0 0 -1,0 0 -1,
  0 0 -1,0 0 -1,
  0 0 -1,0 0 -1,
  0 0 -1,0 0 -1,
  0 0 -1,0 0 -1,
  0 0 -1,0 0 -1,
  0 0 -1,0 0 -1,
  0 0 -1,0 0 -1,
  0 0 -1,0 0 -1,
  0 0 -1,0 0 -1,
  0 0 -1,0 0 -1,
  0 0 -1,0 0 -1,
  0 0 -1,0 0 -1,
  0 0 -1,0 0 -1,
  0 0 -1,0 0 -1,
  0 0 -1,0 0 -1,
  0 0 -1,0 0 -1,
  0 0 -1,0 0 -1,
  0 0 -1,0 0 -1,
  0 0 -1,0 0 -1,
  0 0 -1,0 0 -1,
  0 0 -1,0 0 -1,
  0 0 -1,0 0 -1,
  0 0 -1,0 0 -1,
  0 0 -1,0 0 -1,
  0 0 -1,0 0 -1,
  0 0 -1,0 0 -1,
  0 0 -1,0 0 -1,
  0 0 -1,0 0 -1,
  0 0 -1,0 0 -1,
  0 0 -1,0 0 -1,
  0 0 -1,0 0 -1,
  0 0 -1,0 0 -1,
  0 0 -1,0 0 -1,
  0 0 -1,0 0 -1,
  0 0 -1,0 0 -1,
  0 0 -1,0 0 -1,
  0 0 -1,0 0 -1,
  0 0 -1,0 0 -1,
  0 0 -1,0 0 -1,
  0 0 -1,0 0 -1,
  0 0 -1,0 0 -1,
  0 0 -1,0 0 -1,
  0 0 -1,0 0 -1,
  0 0 -1,0 0 -1,
  0 0 -1,0 0 -1,
  0 0 -1,0 0 -1,
  0 0 -1,0 0 -1,
  0 0 -1,0 0 -1,
  0 0 -1,0 0 -1,
  0 0 -1,0 0 -1,
  0 0 -1,0 0 -1,
  0 0 -1,0 0 -1,
  0 0 -1,0 0 -1,
  0 0 -1,0 0 -1,
  0 0 -1,0 0 -1,
  0 0 -1,0 0 -1,
  0 0 -1,0 0 -1,
  0 0 -1,0 0 -1,
  0 0 -1,0 0 -1,
  0 0 -1,0 0 -1,
  0 0 -1,0 0 -1,
  0 0 -1,0 0 -1,
  0 0 -1,0 0 -1,
  0 0 -1,0 0 -1,
  0 0 -1,0 0 -1,
  0 0 -1,0 0 -1,
  0 0 -1,0 0 -1,
  0 0 -1,0 0 -1,
  0 0 -1,0 0 -1,
  0 0 -1,0 0 -1,
  0 0 -1,0 0 -1,
  0 0 -1,0 0 -1,
  0 0 -1,0 0 -1,
  0 0 -1,0 0 -1,
  0 0 -1,0 0 -1,
  0 0 -1,0 0 -1,
  0 0 -1,0 0 -1,
  0 0 -1,0 0 -1,
  0 0 -1,0 0 -1,
  0 0 -1,0 0 -1,
  0 0 -1,0 0 -1,
  0 0 -1,0 0 -1,
  0 0 -1,0 0 -1,
  0 0 -1,0 0 -1,
  0 0 -1,0 0 -1,
  0 0 -1,0 0 -1,
  0 0 -1,0 0 -1,
  0 0 -1,0 0 -1,
  0 0 -1,0 0 -1,
  0 0 -1,0 0 -1,
  0 0 -1,0 0 -1,
  0 0 -1,0 0 -1,
  0 0 -1,0 0 -1,
  0 0 -1,0 0 -1,
  0 0 -1,0 0 -1,
  0 0 -1,0 0 -1,
  0 0 -1,0 0 -1,
  0 0 -1,0 0 -1,
  0 0 -1,0 0 -1,
  0 0 -1,0 0 -1,
  0 0 -1,0 0 -1,
  0 0 -1,0 0 -1,
  0 0 -1,0 0 -1,
  0 0 -1,0 0 -1,
  0 0 -1,0 0 -1,
  0 0 -1,0 0 -1,
  0 0 -1,0 0 -1,
  0 0 -1,0 0 -1,
  0 0 -1,0 0 -1,
  0 0 -1,0 0 -1,
  0 0 -1,0 0 -1,
  0 0 -1,0 0 -1,
  0 0 -1,0 0 -1,
  0 0 -1,0 0 -1,
  0 0 -1,0 0 -1,
  0 0 -1,0 0 -1,
  0 0 -1,0 0 -1,
  0 0 -1,0 0 -1,
  0 0 -1,0 0 -1,
  0 0 -1,0 0 -1,
  0 0 -1,0 0 -1,
  0 0 -1,0 0 -1,
  0 0 -1,0 0 -1,
  0 0 -1,0 0 -1,
  0 0 -1,0 0 -1,
  0 0 -1,0 0 -1,
  0 0 -1,0 0 -1,
  0 0 -1,0 0 -1,
  0 0 -1,0 0 -1,
  0 0 -1,0 0 -1,
  0 0 -1,0 0 -1,
  0 0 -1,0 0 -1,
  0 0 -1,0 0 -1,
  0 0 -1,0 0 -1,
  0 0 -1,0 0 -1,
  0 0 -1,0 0 -1,
  0 0 -1,0 0 -1,
  0 0 -1,0 0 -1,
  0 0 -1,0 0 -1,
  0 0 -1,0 0 -1,
  0 0 -1,0 0 -1,
  0 0 -1,0 0 -1,
  0 0 -1,0 0 -1,
  0 0 -1,0 0 -1,
  0 0 -1,0 0 -1,
  0 0 -1,0 0 -1,
  0 0 -1,0 0 -1,
  0 0 -1,0 0 -1,
  0 0 -1,0 0 -1,
  0 0 -1,0 0 -1,
  0 0 -1,0 0 -1,
  0 0 -1,0 0 -1,
  0 0 -1,0 0 -1,
  0 0 -1,0 0 -1,
  0 0 -1,0 0 -1,
  0 0 -1,0 0 -1,
  0 0 -1,0 0 -1,
  0 0 -1,0 0 -1,
  0 0 -1,0 0 -1,
  0 0 -1,0 0 -1,
  0 0 -1,0 0 -1,
  0 0 -1,0 0 -1,
  0 0 -1,0 0 -1,
  0 0 -1,0 0 -1,
  0 0 -1,0 0 -1,
  0 0 -1,0 0 -1,
  0 0 -1,0 0 -1,
  0 0 -1,0 0 -1,
  0 0 -1,0 0 -1,
  0 0 -1,0 0 -1,
  0 0 -1,0 0 -1,
  0 0 -1,0 0 -1,
  0 0 -1,0 0 -1,
  0 0 -1,0 0 -1,
  0 0 -1,0 0 -1,
  0 0 -1,0 0 -1,
  0 0 -1,0 0 -1,
  0 0 -1,0 0 -1,
  0 0 -1,0 0 -1,
  0 0 -1,0 0 -1,
  0 0 -1,0 0 -1,
  0 0 -1,0 0 -1,
  0 0 -1,0 0 -1,
  0 0 -1,0 0 -1,
  0 0 -1,0 0 -1,
  0 0 -1,0 0 -1,
  0 0 -1,0 0 -1,
  0 0 -1,0 0 -1,
  0 0 -1,0 0 -1,
  0 0 -1,0 0 -1,
  0 0 -1,0 0 -1,
  0 0 -1,0 0 -1,
  0 0 -1,0 0 -1,
  0 0 -1,0 0 -1,
  0 0 -1,0 0 -1,
  0 0 -1,0 0 -1,
  0 0 -1,0 0 -1,
  0 0 -1,0 0 -1,
  0 0 -1,0 0 -1,
  0 0 -1,0 0 -1,
  0 0 -1,0 0 -1,
  0 0 -1,0 0 -1,
  0 0 -1,0 0 -1,
  0 0 -1,0 0 -1,
  0 0 -1,0 0 -1,
  0 0 -1,0 0 -1,
  0 0 -1,0 0 -1,
  0 0 -1,0 0 -1,
  0 0 -1,0 0 -1,
  0 0 -1,0 0 -1,
  0 0 -1,0 0 -1,
  0 0 -1,0 0 -1,
  0 0 -1,0 0 -1,
  0 0 -1,0 0 -1,
  0 0 -1,0 0 -1,
  0 0 -1,0 0 -1,
  0 0 -1,0 0 -1,
  0 0 -1,0 0 -1,
  0 0 -1,0 0 -1,
  0 0 -1,0 0 -1,
  0 0 -1,0 0 -1,
  0 0 -1,0 0 -1,
  0 0 -1,0 0 -1,
  0 0 -1,0 0 -1,
  0 0 -1,0 0 -1,
  0 0 -1,0 0 -1,
  0 0 -1,0 0 -1,
  0 0 -1,0 0 -1,
  0 0 -1,0 0 -1,
  0 0 -1,0 0 -1,
  0 0 -1,0 0 -1,
  0 0 -1,0 0 -1,
  0 0 -1,0 0 -1,
  0 0 -1,0 0 -1,
  0 0 -1,0 0 -1,
  0 0 -1,0 0 -1,
  0 0 -1,0 0 -1,
  0 0 -1,0 0 -1,
  0 0 -1,0 0 -1,
  0 0 -1,0 0 -1,
  0 0 -1,0 0 -1,
  0 0 -1,0 0 -1,
  0 0 -1,0 0 -1,
  0 0 -1,0 0 -1,
  0 0 -1,0 0 -1,
  0 0 -1,0 0 -1,
  0 0 -1,0 0 -1,
  0 0 -1,0 0 -1,
  0 0 -1,0 0 -1,
  0 0 -1,0 0 -1,
  0 0 -1,0 0 -1,
  0 0 -1,0 0 -1,
  0 0 -1,0 0 -1,
  0 0 -1,0 0 -1,
  0 0 -1,0 0 -1,
  0 0 -1,0 0 -1,
  0 0 -1,0 0 -1,
  0 0 -1,0 0 -1,
  0 0 -1,0 0 -1,
  0 0 -1,0 0 -1,
  0 0 -1,0 0 -1,
  0 0 -1,0 0 -1,
  0 0 -1,0 0 -1,
  0 0 -1,0 0 -1,
  0 0 -1,0 0 -1,
  0 0 -1,0 0 -1,
  0 0 -1,0 0 -1,
  0 0 -1,0 0 -1,
  0 0 -1,0 0 -1,
  0 0 -1,0 0 -1,
  0 0 -1,0 0 -1,
  0 0 -1,0 0 -1,
  0 0 -1,0 0 -1,
  0 0 -1,0 0 -1,
  0 0 -1,0 0 -1,
  0 0 -1,0 0 -1,
  0 0 -1,0 0 -1,
  0 0 -1,0 0 -1,
  0 0 -1,0 0 -1,
  0 0 -1,0 0 -1,
  0 0 -1,0 0 -1,
  0 0 -1,0 0 -1,
  0 0 -1,0 0 -1,
  0 0 -1,0 0 -1,
  0 0 -1,0 0 -1,
  0 0 -1,0 0 -1,
  0 0 -1,0 0 -1,
  0 0 -1,0 0 -1,
  0 0 -1,0 0 -1,
  0 0 -1,0 0 -1,
  0 0 -1,0 0 -1,
  0 0 -1,0 0 -1,
  0 0 -1,0 0 -1,
  0 0 -1,0 0 -1,
  0 0 -1,0 0 -1,
  0 0 -1,0 0 -1,
  0 0 -1,0 0 -1,
  0 0 -1,0 0 -1,
  0 0 -1,0 0 -1,
  0 0 -1,0 0 -1,
  0 0 -1,0 0 -1,
  0 0 -1,0 0 -1,
  0 0 -1,0 0 -1,
  0 0 -1,0 0 -1,
  0 0 -1,0 0 -1,
  0 0 -1,0 0 -1,
  0 0 -1,0 0 -1,
  0 0 -1,0 0 -1,
  0 0 -1,0 0 -1,
  0 0 -1,0 0 -1,
  0 0 -1,0 0 -1,
  0 0 -1,0 0 -1,
  0 0 -1,0 0 -1,
  0 0 -1,0 0 -1,
  0 0 -1,0 0 -1,
  0 0 -1,0 0 -1,
  0 0 -1,0 0 -1,
  0 0 -1,0 0 -1,
  0 0 -1,0 0 -1,
  0 0 -1,0 0 -1,
  0 0 -1,0 0 -1,
  0 0 -1,0 0 -1,
  0 0 -1,0 0 -1,
  0 0 -1,0 0 -1,
  0 0 -1,0 0 -1,
  0 0 -1,0 0 -1,
  0 0 -1,0 0 -1,
  0 0 -1,0 0 -1,
  0 0 -1,0 0 -1,
  0 0 -1,0 0 -1,
  0 0 -1,0 0 -1,
  0 0 -1,0 0 -1,
  0 0 -1,0 0 -1,
  0 0 -1,0 0 -1,
  0 0 -1,0 0 -1,
  0 0 -1,0 0 -1,
  0 0 -1,0 0 -1,
  0 0 -1,0 0 -1,
  0 0 -1,0 0 -1,
  0 0 -1,0 0 -1,
  0 0 -1,0 0 -1,
  0 0 -1,0 0 -1,
  0 0 -1,0 0 -1,
  0 0 -1,0 0 -1,
  0 0 -1,0 0 -1,
  0 0 -1,0 0 -1,
  0 0 -1,0 0 -1,
  0 0 -1,0 0 -1,
  0 0 -1,0 0 -1,
  0 0 -1,0 0 -1,
  0 0 -1,0 0 -1,
  0 0 -1,0 0 -1,
  0 0 -1,0 0 -1,
  0 0 -1,0 0 -1,
  0 0 -1,0 0 -1,
  0 0 -1,0 0 -1] }
}
}
] }
DEF TXFM_6 Transform {
  center 0 0 0
  rotation 0 0 1 0
  scale 1 1 1
  scaleOrientation 0 0 1 0
  translation 0 0 0
 children [
DEF SHAPE_6 Shape {
 appearance USE APP_3
 geometry DEF FACE_6 IndexedFaceSet {
  coord DEF COORD_6 Coordinate { point [
  42.362795 -47.763465 -0.31988189,42.362795 -47.035748 -0.31988189,
  42.366221 -47.018527 -0.31988189,42.375976 -47.003928 -0.31988189,
  42.390574 -46.994174 -0.31988189,42.407795 -46.990748 -0.31988189,
  42.505591 -46.990748 -0.31988189,42.522811 -46.994174 -0.31988189,
  42.53741 -47.003928 -0.31988189,42.547165 -47.018527 -0.31988189,
  42.550591 -47.035748 -0.31988189,42.550591 -47.763465 -0.31988189,
  42.547165 -47.780685 -0.31988189,42.53741 -47.795284 -0.31988189,
  42.522811 -47.805039 -0.31988189,42.505591 -47.808465 -0.31988189,
  42.407795 -47.808465 -0.31988189,42.390574 -47.805039 -0.31988189,
  42.375976 -47.795284 -0.31988189,42.366221 -47.780685 -0.31988189,
  42.559646 -47.763465 -0.31988189,42.559646 -47.035748 -0.31988189,
  42.563071 -47.018527 -0.31988189,42.572826 -47.003928 -0.31988189,
  42.587425 -46.994174 -0.31988189,42.604646 -46.990748 -0.31988189,
  42.702441 -46.990748 -0.31988189,42.719662 -46.994174 -0.31988189,
  42.734261 -47.003928 -0.31988189,42.744015 -47.018527 -0.31988189,
  42.747441 -47.035748 -0.31988189,42.747441 -47.763465 -0.31988189,
  42.744015 -47.780685 -0.31988189,42.734261 -47.795284 -0.31988189,
  42.719662 -47.805039 -0.31988189,42.702441 -47.808465 -0.31988189,
  42.604646 -47.808465 -0.31988189,42.587425 -47.805039 -0.31988189,
  42.572826 -47.795284 -0.31988189,42.563071 -47.780685 -0.31988189,
  42.756496 -47.763465 -0.31988189,42.756496 -47.035748 -0.31988189,
  42.759922 -47.018527 -0.31988189,42.769676 -47.003928 -0.31988189,
  42.784275 -46.994174 -0.31988189,42.801496 -46.990748 -0.31988189,
  42.899291 -46.990748 -0.31988189,42.916512 -46.994174 -0.31988189,
  42.931111 -47.003928 -0.31988189,42.940866 -47.018527 -0.31988189,
  42.944291 -47.035748 -0.31988189,42.944291 -47.763465 -0.31988189,
  42.940866 -47.780685 -0.31988189,42.931111 -47.795284 -0.31988189,
  42.916512 -47.805039 -0.31988189,42.899291 -47.808465 -0.31988189,
  42.801496 -47.808465 -0.31988189,42.784275 -47.805039 -0.31988189,
  42.769676 -47.795284 -0.31988189,42.759922 -47.780685 -0.31988189,
  42.953346 -47.763465 -0.31988189,42.953346 -47.035748 -0.31988189,
  42.956772 -47.018527 -0.31988189,42.966527 -47.003928 -0.31988189,
  42.981126 -46.994174 -0.31988189,42.998346 -46.990748 -0.31988189,
  43.096142 -46.990748 -0.31988189,43.113363 -46.994174 -0.31988189,
  43.127961 -47.003928 -0.31988189,43.137716 -47.018527 -0.31988189,
  43.141142 -47.035748 -0.31988189,43.141142 -47.763465 -0.31988189,
  43.137716 -47.780685 -0.31988189,43.127961 -47.795284 -0.31988189,
  43.113363 -47.805039 -0.31988189,43.096142 -47.808465 -0.31988189,
  42.998346 -47.808465 -0.31988189,42.981126 -47.805039 -0.31988189,
  42.966527 -47.795284 -0.31988189,42.956772 -47.780685 -0.31988189,
  43.150197 -47.763465 -0.31988189,43.150197 -47.035748 -0.31988189,
  43.153622 -47.018527 -0.31988189,43.163377 -47.003928 -0.31988189,
  43.177976 -46.994174 -0.31988189,43.195197 -46.990748 -0.31988189,
  43.292992 -46.990748 -0.31988189,43.310213 -46.994174 -0.31988189,
  43.324812 -47.003928 -0.31988189,43.334567 -47.018527 -0.31988189,
  43.337992 -47.035748 -0.31988189,43.337992 -47.763465 -0.31988189,
  43.334567 -47.780685 -0.31988189,43.324812 -47.795284 -0.31988189,
  43.310213 -47.805039 -0.31988189,43.292992 -47.808465 -0.31988189,
  43.195197 -47.808465 -0.31988189,43.177976 -47.805039 -0.31988189,
  43.163377 -47.795284 -0.31988189,43.153622 -47.780685 -0.31988189,
  43.347047 -47.763465 -0.31988189,43.347047 -47.035748 -0.31988189,
  43.350473 -47.018527 -0.31988189,43.360228 -47.003928 -0.31988189,
  43.374826 -46.994174 -0.31988189,43.392047 -46.990748 -0.31988189,
  43.489843 -46.990748 -0.31988189,43.507063 -46.994174 -0.31988189,
  43.521662 -47.003928 -0.31988189,43.531417 -47.018527 -0.31988189,
  43.534843 -47.035748 -0.31988189,43.534843 -47.763465 -0.31988189,
  43.531417 -47.780685 -0.31988189,43.521662 -47.795284 -0.31988189,
  43.507063 -47.805039 -0.31988189,43.489843 -47.808465 -0.31988189,
  43.392047 -47.808465 -0.31988189,43.374826 -47.805039 -0.31988189,
  43.360228 -47.795284 -0.31988189,43.350473 -47.780685 -0.31988189,
  43.543898 -47.763465 -0.31988189,43.543898 -47.035748 -0.31988189,
  43.547323 -47.018527 -0.31988189,43.557078 -47.003928 -0.31988189,
  43.571677 -46.994174 -0.31988189,43.588898 -46.990748 -0.31988189,
  43.686693 -46.990748 -0.31988189,43.703914 -46.994174 -0.31988189,
  43.718513 -47.003928 -0.31988189,43.728267 -47.018527 -0.31988189,
  43.731693 -47.035748 -0.31988189,43.731693 -47.763465 -0.31988189,
  43.728267 -47.780685 -0.31988189,43.718513 -47.795284 -0.31988189,
  43.703914 -47.805039 -0.31988189,43.686693 -47.808465 -0.31988189,
  43.588898 -47.808465 -0.31988189,43.571677 -47.805039 -0.31988189,
  43.557078 -47.795284 -0.31988189,43.547323 -47.780685 -0.31988189,
  43.740748 -47.763465 -0.31988189,43.740748 -47.035748 -0.31988189,
  43.744174 -47.018527 -0.31988189,43.753928 -47.003928 -0.31988189,
  43.768527 -46.994174 -0.31988189,43.785748 -46.990748 -0.31988189,
  43.883543 -46.990748 -0.31988189,43.900764 -46.994174 -0.31988189,
  43.915363 -47.003928 -0.31988189,43.925118 -47.018527 -0.31988189,
  43.928543 -47.035748 -0.31988189,43.928543 -47.763465 -0.31988189,
  43.925118 -47.780685 -0.31988189,43.915363 -47.795284 -0.31988189,
  43.900764 -47.805039 -0.31988189,43.883543 -47.808465 -0.31988189,
  43.785748 -47.808465 -0.31988189,43.768527 -47.805039 -0.31988189,
  43.753928 -47.795284 -0.31988189,43.744174 -47.780685 -0.31988189,
  43.937598 -47.763465 -0.31988189,43.937598 -47.035748 -0.31988189,
  43.941024 -47.018527 -0.31988189,43.950779 -47.003928 -0.31988189,
  43.965378 -46.994174 -0.31988189,43.982598 -46.990748 -0.31988189,
  44.080394 -46.990748 -0.31988189,44.097615 -46.994174 -0.31988189,
  44.112213 -47.003928 -0.31988189,44.121968 -47.018527 -0.31988189,
  44.125394 -47.035748 -0.31988189,44.125394 -47.763465 -0.31988189,
  44.121968 -47.780685 -0.31988189,44.112213 -47.795284 -0.31988189,
  44.097615 -47.805039 -0.31988189,44.080394 -47.808465 -0.31988189,
  43.982598 -47.808465 -0.31988189,43.965378 -47.805039 -0.31988189,
  43.950779 -47.795284 -0.31988189,43.941024 -47.780685 -0.31988189,
  44.134449 -47.763465 -0.31988189,44.134449 -47.035748 -0.31988189,
  44.137874 -47.018527 -0.31988189,44.147629 -47.003928 -0.31988189,
  44.162228 -46.994174 -0.31988189,44.179449 -46.990748 -0.31988189,
  44.277244 -46.990748 -0.31988189,44.294465 -46.994174 -0.31988189,
  44.309064 -47.003928 -0.31988189,44.318819 -47.018527 -0.31988189,
  44.322244 -47.035748 -0.31988189,44.322244 -47.763465 -0.31988189,
  44.318819 -47.780685 -0.31988189,44.309064 -47.795284 -0.31988189,
  44.294465 -47.805039 -0.31988189,44.277244 -47.808465 -0.31988189,
  44.179449 -47.808465 -0.31988189,44.162228 -47.805039 -0.31988189,
  44.147629 -47.795284 -0.31988189,44.137874 -47.780685 -0.31988189,
  44.331299 -47.763465 -0.31988189,44.331299 -47.035748 -0.31988189,
  44.334725 -47.018527 -0.31988189,44.34448 -47.003928 -0.31988189,
  44.359078 -46.994174 -0.31988189,44.376299 -46.990748 -0.31988189,
  44.474094 -46.990748 -0.31988189,44.491315 -46.994174 -0.31988189,
  44.505914 -47.003928 -0.31988189,44.515669 -47.018527 -0.31988189,
  44.519094 -47.035748 -0.31988189,44.519094 -47.763465 -0.31988189,
  44.515669 -47.780685 -0.31988189,44.505914 -47.795284 -0.31988189,
  44.491315 -47.805039 -0.31988189,44.474094 -47.808465 -0.31988189,
  44.376299 -47.808465 -0.31988189,44.359078 -47.805039 -0.31988189,
  44.34448 -47.795284 -0.31988189,44.334725 -47.780685 -0.31988189,
  44.52815 -47.763465 -0.31988189,44.52815 -47.035748 -0.31988189,
  44.531575 -47.018527 -0.31988189,44.54133 -47.003928 -0.31988189,
  44.555929 -46.994174 -0.31988189,44.57315 -46.990748 -0.31988189,
  44.670945 -46.990748 -0.31988189,44.688166 -46.994174 -0.31988189,
  44.702765 -47.003928 -0.31988189,44.712519 -47.018527 -0.31988189,
  44.715945 -47.035748 -0.31988189,44.715945 -47.763465 -0.31988189,
  44.712519 -47.780685 -0.31988189,44.702765 -47.795284 -0.31988189,
  44.688166 -47.805039 -0.31988189,44.670945 -47.808465 -0.31988189,
  44.57315 -47.808465 -0.31988189,44.555929 -47.805039 -0.31988189,
  44.54133 -47.795284 -0.31988189,44.531575 -47.780685 -0.31988189,
  44.725 -47.763465 -0.31988189,44.725 -47.035748 -0.31988189,
  44.728426 -47.018527 -0.31988189,44.73818 -47.003928 -0.31988189,
  44.752779 -46.994174 -0.31988189,44.77 -46.990748 -0.31988189,
  44.867795 -46.990748 -0.31988189,44.885016 -46.994174 -0.31988189,
  44.899615 -47.003928 -0.31988189,44.90937 -47.018527 -0.31988189,
  44.912795 -47.035748 -0.31988189,44.912795 -47.763465 -0.31988189,
  44.90937 -47.780685 -0.31988189,44.899615 -47.795284 -0.31988189,
  44.885016 -47.805039 -0.31988189,44.867795 -47.808465 -0.31988189,
  44.77 -47.808465 -0.31988189,44.752779 -47.805039 -0.31988189,
  44.73818 -47.795284 -0.31988189,44.728426 -47.780685 -0.31988189,
  44.92185 -47.763465 -0.31988189,44.92185 -47.035748 -0.31988189,
  44.925276 -47.018527 -0.31988189,44.935031 -47.003928 -0.31988189,
  44.94963 -46.994174 -0.31988189,44.96685 -46.990748 -0.31988189,
  45.064646 -46.990748 -0.31988189,45.081867 -46.994174 -0.31988189,
  45.096465 -47.003928 -0.31988189,45.10622 -47.018527 -0.31988189,
  45.109646 -47.035748 -0.31988189,45.109646 -47.763465 -0.31988189,
  45.10622 -47.780685 -0.31988189,45.096465 -47.795284 -0.31988189,
  45.081867 -47.805039 -0.31988189,45.064646 -47.808465 -0.31988189,
  44.96685 -47.808465 -0.31988189,44.94963 -47.805039 -0.31988189,
  44.935031 -47.795284 -0.31988189,44.925276 -47.780685 -0.31988189,
  45.118701 -47.763465 -0.31988189,45.118701 -47.035748 -0.31988189,
  45.122126 -47.018527 -0.31988189,45.131881 -47.003928 -0.31988189,
  45.14648 -46.994174 -0.31988189,45.163701 -46.990748 -0.31988189,
  45.261496 -46.990748 -0.31988189,45.278717 -46.994174 -0.31988189,
  45.293316 -47.003928 -0.31988189,45.30307 -47.018527 -0.31988189,
  45.306496 -47.035748 -0.31988189,45.306496 -47.763465 -0.31988189,
  45.30307 -47.780685 -0.31988189,45.293316 -47.795284 -0.31988189,
  45.278717 -47.805039 -0.31988189,45.261496 -47.808465 -0.31988189,
  45.163701 -47.808465 -0.31988189,45.14648 -47.805039 -0.31988189,
  45.131881 -47.795284 -0.31988189,45.122126 -47.780685 -0.31988189,
  45.315551 -47.763465 -0.31988189,45.315551 -47.035748 -0.31988189,
  45.318977 -47.018527 -0.31988189,45.328731 -47.003928 -0.31988189,
  45.34333 -46.994174 -0.31988189,45.360551 -46.990748 -0.31988189,
  45.458346 -46.990748 -0.31988189,45.475567 -46.994174 -0.31988189,
  45.490166 -47.003928 -0.31988189,45.499921 -47.018527 -0.31988189,
  45.503346 -47.035748 -0.31988189,45.503346 -47.763465 -0.31988189,
  45.499921 -47.780685 -0.31988189,45.490166 -47.795284 -0.31988189,
  45.475567 -47.805039 -0.31988189,45.458346 -47.808465 -0.31988189,
  45.360551 -47.808465 -0.31988189,45.34333 -47.805039 -0.31988189,
  45.328731 -47.795284 -0.31988189,45.318977 -47.780685 -0.31988189,
  45.512402 -47.763465 -0.31988189,45.512402 -47.035748 -0.31988189,
  45.515827 -47.018527 -0.31988189,45.525582 -47.003928 -0.31988189,
  45.540181 -46.994174 -0.31988189,45.557402 -46.990748 -0.31988189,
  45.655197 -46.990748 -0.31988189,45.672418 -46.994174 -0.31988189,
  45.687017 -47.003928 -0.31988189,45.696771 -47.018527 -0.31988189,
  45.700197 -47.035748 -0.31988189,45.700197 -47.763465 -0.31988189,
  45.696771 -47.780685 -0.31988189,45.687017 -47.795284 -0.31988189,
  45.672418 -47.805039 -0.31988189,45.655197 -47.808465 -0.31988189,
  45.557402 -47.808465 -0.31988189,45.540181 -47.805039 -0.31988189,
  45.525582 -47.795284 -0.31988189,45.515827 -47.780685 -0.31988189,
  45.709252 -47.763465 -0.31988189,45.709252 -47.035748 -0.31988189,
  45.712678 -47.018527 -0.31988189,45.722432 -47.003928 -0.31988189,
  45.737031 -46.994174 -0.31988189,45.754252 -46.990748 -0.31988189,
  45.852047 -46.990748 -0.31988189,45.869268 -46.994174 -0.31988189,
  45.883867 -47.003928 -0.31988189,45.893622 -47.018527 -0.31988189,
  45.897047 -47.035748 -0.31988189,45.897047 -47.763465 -0.31988189,
  45.893622 -47.780685 -0.31988189,45.883867 -47.795284 -0.31988189,
  45.869268 -47.805039 -0.31988189,45.852047 -47.808465 -0.31988189,
  45.754252 -47.808465 -0.31988189,45.737031 -47.805039 -0.31988189,
  45.722432 -47.795284 -0.31988189,45.712678 -47.780685 -0.31988189,
  45.906102 -47.763465 -0.31988189,45.906102 -47.035748 -0.31988189,
  45.909528 -47.018527 -0.31988189,45.919283 -47.003928 -0.31988189,
  45.933881 -46.994174 -0.31988189,45.951102 -46.990748 -0.31988189,
  46.048898 -46.990748 -0.31988189,46.066119 -46.994174 -0.31988189,
  46.080717 -47.003928 -0.31988189,46.090472 -47.018527 -0.31988189,
  46.093898 -47.035748 -0.31988189,46.093898 -47.763465 -0.31988189,
  46.090472 -47.780685 -0.31988189,46.080717 -47.795284 -0.31988189,
  46.066119 -47.805039 -0.31988189,46.048898 -47.808465 -0.31988189,
  45.951102 -47.808465 -0.31988189,45.933881 -47.805039 -0.31988189,
  45.919283 -47.795284 -0.31988189,45.909528 -47.780685 -0.31988189,
  46.102953 -47.763465 -0.31988189,46.102953 -47.035748 -0.31988189,
  46.106378 -47.018527 -0.31988189,46.116133 -47.003928 -0.31988189,
  46.130732 -46.994174 -0.31988189,46.147953 -46.990748 -0.31988189,
  46.245748 -46.990748 -0.31988189,46.262969 -46.994174 -0.31988189,
  46.277568 -47.003928 -0.31988189,46.287322 -47.018527 -0.31988189,
  46.290748 -47.035748 -0.31988189,46.290748 -47.763465 -0.31988189,
  46.287322 -47.780685 -0.31988189,46.277568 -47.795284 -0.31988189,
  46.262969 -47.805039 -0.31988189,46.245748 -47.808465 -0.31988189,
  46.147953 -47.808465 -0.31988189,46.130732 -47.805039 -0.31988189,
  46.116133 -47.795284 -0.31988189,46.106378 -47.780685 -0.31988189,
  46.299803 -47.763465 -0.31988189,46.299803 -47.035748 -0.31988189,
  46.303229 -47.018527 -0.31988189,46.312983 -47.003928 -0.31988189,
  46.327582 -46.994174 -0.31988189,46.344803 -46.990748 -0.31988189,
  46.442598 -46.990748 -0.31988189,46.459819 -46.994174 -0.31988189,
  46.474418 -47.003928 -0.31988189,46.484173 -47.018527 -0.31988189,
  46.487598 -47.035748 -0.31988189,46.487598 -47.763465 -0.31988189,
  46.484173 -47.780685 -0.31988189,46.474418 -47.795284 -0.31988189,
  46.459819 -47.805039 -0.31988189,46.442598 -47.808465 -0.31988189,
  46.344803 -47.808465 -0.31988189,46.327582 -47.805039 -0.31988189,
  46.312983 -47.795284 -0.31988189,46.303229 -47.780685 -0.31988189,
  46.684449 -47.035748 -0.31988189,46.684449 -47.763465 -0.31988189,
  46.681023 -47.780685 -0.31988189,46.671269 -47.795284 -0.31988189,
  46.65667 -47.805039 -0.31988189,46.639449 -47.808465 -0.31988189,
  46.541654 -47.808465 -0.31988189,46.524433 -47.805039 -0.31988189,
  46.509834 -47.795284 -0.31988189,46.500079 -47.780685 -0.31988189,
  46.496654 -47.763465 -0.31988189,46.496654 -47.035748 -0.31988189,
  46.500079 -47.018527 -0.31988189,46.509834 -47.003928 -0.31988189,
  46.524433 -46.994174 -0.31988189,46.541654 -46.990748 -0.31988189,
  46.639449 -46.990748 -0.31988189,46.65667 -46.994174 -0.31988189,
  46.671269 -47.003928 -0.31988189,46.681023 -47.018527 -0.31988189,
  47.480906 -47.763465 -0.31988189,47.480906 -47.035748 -0.31988189,
  47.484331 -47.018527 -0.31988189,47.494086 -47.003928 -0.31988189,
  47.508685 -46.994174 -0.31988189,47.525906 -46.990748 -0.31988189,
  47.623701 -46.990748 -0.31988189,47.640922 -46.994174 -0.31988189,
  47.65552 -47.003928 -0.31988189,47.665275 -47.018527 -0.31988189,
  47.668701 -47.035748 -0.31988189,47.668701 -47.763465 -0.31988189,
  47.665275 -47.780685 -0.31988189,47.65552 -47.795284 -0.31988189,
  47.640922 -47.805039 -0.31988189,47.623701 -47.808465 -0.31988189,
  47.525906 -47.808465 -0.31988189,47.508685 -47.805039 -0.31988189,
  47.494086 -47.795284 -0.31988189,47.484331 -47.780685 -0.31988189,
  47.677756 -47.763465 -0.31988189,47.677756 -47.035748 -0.31988189,
  47.681181 -47.018527 -0.31988189,47.690936 -47.003928 -0.31988189,
  47.705535 -46.994174 -0.31988189,47.722756 -46.990748 -0.31988189,
  47.820551 -46.990748 -0.31988189,47.837772 -46.994174 -0.31988189,
  47.852371 -47.003928 -0.31988189,47.862126 -47.018527 -0.31988189,
  47.865551 -47.035748 -0.31988189,47.865551 -47.763465 -0.31988189,
  47.862126 -47.780685 -0.31988189,47.852371 -47.795284 -0.31988189,
  47.837772 -47.805039 -0.31988189,47.820551 -47.808465 -0.31988189,
  47.722756 -47.808465 -0.31988189,47.705535 -47.805039 -0.31988189,
  47.690936 -47.795284 -0.31988189,47.681181 -47.780685 -0.31988189,
  47.874606 -47.763465 -0.31988189,47.874606 -47.035748 -0.31988189,
  47.878032 -47.018527 -0.31988189,47.887787 -47.003928 -0.31988189,
  47.902385 -46.994174 -0.31988189,47.919606 -46.990748 -0.31988189,
  48.017402 -46.990748 -0.31988189,48.034622 -46.994174 -0.31988189,
  48.049221 -47.003928 -0.31988189,48.058976 -47.018527 -0.31988189,
  48.062402 -47.035748 -0.31988189,48.062402 -47.763465 -0.31988189,
  48.058976 -47.780685 -0.31988189,48.049221 -47.795284 -0.31988189,
  48.034622 -47.805039 -0.31988189,48.017402 -47.808465 -0.31988189,
  47.919606 -47.808465 -0.31988189,47.902385 -47.805039 -0.31988189,
  47.887787 -47.795284 -0.31988189,47.878032 -47.780685 -0.31988189,
  48.071457 -47.763465 -0.31988189,48.071457 -47.035748 -0.31988189,
  48.074882 -47.018527 -0.31988189,48.084637 -47.003928 -0.31988189,
  48.099236 -46.994174 -0.31988189,48.116457 -46.990748 -0.31988189,
  48.214252 -46.990748 -0.31988189,48.231473 -46.994174 -0.31988189,
  48.246072 -47.003928 -0.31988189,48.255826 -47.018527 -0.31988189,
  48.259252 -47.035748 -0.31988189,48.259252 -47.763465 -0.31988189,
  48.255826 -47.780685 -0.31988189,48.246072 -47.795284 -0.31988189,
  48.231473 -47.805039 -0.31988189,48.214252 -47.808465 -0.31988189,
  48.116457 -47.808465 -0.31988189,48.099236 -47.805039 -0.31988189,
  48.084637 -47.795284 -0.31988189,48.074882 -47.780685 -0.31988189,
  48.268307 -47.763465 -0.31988189,48.268307 -47.035748 -0.31988189,
  48.271733 -47.018527 -0.31988189,48.281487 -47.003928 -0.31988189,
  48.296086 -46.994174 -0.31988189,48.313307 -46.990748 -0.31988189,
  48.411102 -46.990748 -0.31988189,48.428323 -46.994174 -0.31988189,
  48.442922 -47.003928 -0.31988189,48.452677 -47.018527 -0.31988189,
  48.456102 -47.035748 -0.31988189,48.456102 -47.763465 -0.31988189,
  48.452677 -47.780685 -0.31988189,48.442922 -47.795284 -0.31988189,
  48.428323 -47.805039 -0.31988189,48.411102 -47.808465 -0.31988189,
  48.313307 -47.808465 -0.31988189,48.296086 -47.805039 -0.31988189,
  48.281487 -47.795284 -0.31988189,48.271733 -47.780685 -0.31988189,
  48.465157 -47.763465 -0.31988189,48.465157 -47.035748 -0.31988189,
  48.468583 -47.018527 -0.31988189,48.478338 -47.003928 -0.31988189,
  48.492937 -46.994174 -0.31988189,48.510157 -46.990748 -0.31988189,
  48.607953 -46.990748 -0.31988189,48.625174 -46.994174 -0.31988189,
  48.639772 -47.003928 -0.31988189,48.649527 -47.018527 -0.31988189,
  48.652953 -47.035748 -0.31988189,48.652953 -47.763465 -0.31988189,
  48.649527 -47.780685 -0.31988189,48.639772 -47.795284 -0.31988189,
  48.625174 -47.805039 -0.31988189,48.607953 -47.808465 -0.31988189,
  48.510157 -47.808465 -0.31988189,48.492937 -47.805039 -0.31988189,
  48.478338 -47.795284 -0.31988189,48.468583 -47.780685 -0.31988189,
  48.662008 -47.763465 -0.31988189,48.662008 -47.035748 -0.31988189,
  48.665433 -47.018527 -0.31988189,48.675188 -47.003928 -0.31988189,
  48.689787 -46.994174 -0.31988189,48.707008 -46.990748 -0.31988189,
  48.804803 -46.990748 -0.31988189,48.822024 -46.994174 -0.31988189,
  48.836623 -47.003928 -0.31988189,48.846378 -47.018527 -0.31988189,
  48.849803 -47.035748 -0.31988189,48.849803 -47.763465 -0.31988189,
  48.846378 -47.780685 -0.31988189,48.836623 -47.795284 -0.31988189,
  48.822024 -47.805039 -0.31988189,48.804803 -47.808465 -0.31988189,
  48.707008 -47.808465 -0.31988189,48.689787 -47.805039 -0.31988189,
  48.675188 -47.795284 -0.31988189,48.665433 -47.780685 -0.31988189,
  48.858858 -47.763465 -0.31988189,48.858858 -47.035748 -0.31988189,
  48.862284 -47.018527 -0.31988189,48.872039 -47.003928 -0.31988189,
  48.886637 -46.994174 -0.31988189,48.903858 -46.990748 -0.31988189,
  49.001654 -46.990748 -0.31988189,49.018874 -46.994174 -0.31988189,
  49.033473 -47.003928 -0.31988189,49.043228 -47.018527 -0.31988189,
  49.046654 -47.035748 -0.31988189,49.046654 -47.763465 -0.31988189,
  49.043228 -47.780685 -0.31988189,49.033473 -47.795284 -0.31988189,
  49.018874 -47.805039 -0.31988189,49.001654 -47.808465 -0.31988189,
  48.903858 -47.808465 -0.31988189,48.886637 -47.805039 -0.31988189,
  48.872039 -47.795284 -0.31988189,48.862284 -47.780685 -0.31988189,
  49.055709 -47.763465 -0.31988189,49.055709 -47.035748 -0.31988189,
  49.059134 -47.018527 -0.31988189,49.068889 -47.003928 -0.31988189,
  49.083488 -46.994174 -0.31988189,49.100709 -46.990748 -0.31988189,
  49.198504 -46.990748 -0.31988189,49.215725 -46.994174 -0.31988189,
  49.230324 -47.003928 -0.31988189,49.240078 -47.018527 -0.31988189,
  49.243504 -47.035748 -0.31988189,49.243504 -47.763465 -0.31988189,
  49.240078 -47.780685 -0.31988189,49.230324 -47.795284 -0.31988189,
  49.215725 -47.805039 -0.31988189,49.198504 -47.808465 -0.31988189,
  49.100709 -47.808465 -0.31988189,49.083488 -47.805039 -0.31988189,
  49.068889 -47.795284 -0.31988189,49.059134 -47.780685 -0.31988189,
  49.252559 -47.763465 -0.31988189,49.252559 -47.035748 -0.31988189,
  49.255985 -47.018527 -0.31988189,49.265739 -47.003928 -0.31988189,
  49.280338 -46.994174 -0.31988189,49.297559 -46.990748 -0.31988189,
  49.395354 -46.990748 -0.31988189,49.412575 -46.994174 -0.31988189,
  49.427174 -47.003928 -0.31988189,49.436929 -47.018527 -0.31988189,
  49.440354 -47.035748 -0.31988189,49.440354 -47.763465 -0.31988189,
  49.436929 -47.780685 -0.31988189,49.427174 -47.795284 -0.31988189,
  49.412575 -47.805039 -0.31988189,49.395354 -47.808465 -0.31988189,
  49.297559 -47.808465 -0.31988189,49.280338 -47.805039 -0.31988189,
  49.265739 -47.795284 -0.31988189,49.255985 -47.780685 -0.31988189,
  49.637205 -47.035748 -0.31988189,49.637205 -47.763465 -0.31988189,
  49.633779 -47.780685 -0.31988189,49.624024 -47.795284 -0.31988189,
  49.609426 -47.805039 -0.31988189,49.592205 -47.808465 -0.31988189,
  49.494409 -47.808465 -0.31988189,49.477189 -47.805039 -0.31988189,
  49.46259 -47.795284 -0.31988189,49.452835 -47.780685 -0.31988189,
  49.449409 -47.763465 -0.31988189,49.449409 -47.035748 -0.31988189,
  49.452835 -47.018527 -0.31988189,49.46259 -47.003928 -0.31988189,
  49.477189 -46.994174 -0.31988189,49.494409 -46.990748 -0.31988189,
  49.592205 -46.990748 -0.31988189,49.609426 -46.994174 -0.31988189,
  49.624024 -47.003928 -0.31988189,49.633779 -47.018527 -0.31988189,
  52.387777 -30.677165 -0.31988189,52.395743 -30.545474 -0.31988189,
  52.419524 -30.415704 -0.31988189,52.458774 -30.289746 -0.31988189,
  52.512921 -30.169438 -0.31988189,52.581174 -30.056533 -0.31988189,
  52.662539 -29.952679 -0.31988189,52.755829 -29.859389 -0.31988189,
  52.859683 -29.778024 -0.31988189,52.972587 -29.709771 -0.31988189,
  53.092896 -29.655625 -0.31988189,53.218854 -29.616375 -0.31988189,
  53.348624 -29.592594 -0.31988189,53.480315 -29.584628 -0.31988189,
  53.480315 -22.409449 -0.31988189,38.519685 -22.409449 -0.31988189,
  38.519685 -29.584628 -0.31988189,38.651376 -29.592594 -0.31988189,
  38.781146 -29.616375 -0.31988189,38.907104 -29.655625 -0.31988189,
  39.027413 -29.709771 -0.31988189,39.140317 -29.778024 -0.31988189,
  39.244171 -29.859389 -0.31988189,39.337461 -29.952679 -0.31988189,
  39.418826 -30.056533 -0.31988189,39.487079 -30.169438 -0.31988189,
  39.541226 -30.289746 -0.31988189,39.580476 -30.415704 -0.31988189,
  39.604257 -30.545474 -0.31988189,39.612223 -30.677165 -0.31988189,
  39.604257 -30.808856 -0.31988189,39.580476 -30.938627 -0.31988189,
  39.541226 -31.064584 -0.31988189,39.487079 -31.184893 -0.31988189,
  39.418826 -31.297798 -0.31988189,39.337461 -31.401652 -0.31988189,
  39.244171 -31.494942 -0.31988189,39.140317 -31.576306 -0.31988189,
  39.027413 -31.644559 -0.31988189,38.907104 -31.698706 -0.31988189,
  38.781146 -31.737956 -0.31988189,38.651376 -31.761737 -0.31988189,
  38.519685 -31.769703 -0.31988189,38.519685 -46.425197 -0.31988189,
  41.905512 -46.425197 -0.31988189,41.963257 -46.438474 -0.31988189,
  42.014721 -46.467839 -0.31988189,42.055531 -46.510796 -0.31988189,
  42.082219 -46.563697 -0.31988189,42.09252 -46.622047 -0.31988189,
  42.09252 -47.763465 -0.31988189,42.09252 -48 -0.31988189,
  46.797244 -48 -0.31988189,46.797244 -46.858268 -0.31988189,
  46.805293 -46.79713 -0.31988189,46.828892 -46.740157 -0.31988189,
  46.866431 -46.691235 -0.31988189,46.915354 -46.653695 -0.31988189,
  46.972326 -46.630096 -0.31988189,47.033465 -46.622047 -0.31988189,
  47.094603 -46.630096 -0.31988189,47.151575 -46.653695 -0.31988189,
  47.200498 -46.691235 -0.31988189,47.238037 -46.740157 -0.31988189,
  47.261636 -46.79713 -0.31988189,47.269685 -46.858268 -0.31988189,
  47.269685 -47.763465 -0.31988189,47.269685 -48 -0.31988189,
  49.90748 -48 -0.31988189,49.90748 -46.622047 -0.31988189,
  49.917356 -46.563483 -0.31988189,49.943904 -46.510355 -0.31988189,
  49.984809 -46.467296 -0.31988189,50.036507 -46.43806 -0.31988189,
  50.094488 -46.425197 -0.31988189,53.480315 -46.425197 -0.31988189,
  53.480315 -31.769703 -0.31988189,53.348624 -31.761737 -0.31988189,
  53.218854 -31.737956 -0.31988189,53.092896 -31.698706 -0.31988189,
  52.972587 -31.644559 -0.31988189,52.859683 -31.576306 -0.31988189,
  52.755829 -31.494942 -0.31988189,52.662539 -31.401652 -0.31988189,
  52.581174 -31.297798 -0.31988189,52.512921 -31.184893 -0.31988189,
  52.458774 -31.064584 -0.31988189,52.419524 -30.938627 -0.31988189,
  52.395743 -30.808856 -0.31988189,39.198758 -30.676777 -0.31988189,
  39.190428 -30.57093 -0.31988189,39.165551 -30.467311 -0.31988189,
  39.12477 -30.368859 -0.31988189,39.069091 -30.277998 -0.31988189,
  38.999884 -30.196967 -0.31988189,38.918852 -30.127759 -0.31988189,
  38.827992 -30.07208 -0.31988189,38.7299 -30.031449 -0.31988189,
  38.519685 -29.998154 -0.31988189,38.519685 -31.356269 -0.31988189,
  38.625921 -31.347908 -0.31988189,38.729539 -31.323031 -0.31988189,
  38.827992 -31.28225 -0.31988189,38.918852 -31.226572 -0.31988189,
  38.999884 -31.157364 -0.31988189,39.069091 -31.076332 -0.31988189,
  39.12477 -30.985472 -0.31988189,39.165402 -30.88738 -0.31988189,
  53.480315 -29.998062 -0.31988189,53.374079 -30.006423 -0.31988189,
  53.270461 -30.031299 -0.31988189,53.172008 -30.07208 -0.31988189,
  53.081148 -30.127759 -0.31988189,53.000116 -30.196967 -0.31988189,
  52.930909 -30.277998 -0.31988189,52.87523 -30.368859 -0.31988189,
  52.834598 -30.46695 -0.31988189,52.801242 -30.677554 -0.31988189,
  52.809572 -30.783401 -0.31988189,52.834449 -30.887019 -0.31988189,
  52.87523 -30.985472 -0.31988189,52.930909 -31.076332 -0.31988189,
  53.000116 -31.157364 -0.31988189,53.081148 -31.226572 -0.31988189,
  53.172008 -31.28225 -0.31988189,53.2701 -31.322882 -0.31988189,
  53.480315 -31.356176 -0.31988189] }
 coordIndex [
  675,674,677,-1,677,674,678,-1,678,674,679,-1,679,674,680,-1,680,674,681,-1,681,674,682,-1,682,674,683,-1,683,674,684,-1,
  684,674,685,-1,685,674,686,-1,686,674,687,-1,687,674,688,-1,688,674,689,-1,689,674,704,-1,704,674,705,-1,705,674,706,-1,
  706,674,707,-1,707,674,708,-1,708,674,709,-1,709,674,2,-1,2,674,3,-1,3,674,4,-1,4,674,5,-1,5,674,6,-1,
  6,674,7,-1,7,674,8,-1,8,674,9,-1,9,674,10,-1,10,674,22,-1,22,674,23,-1,23,674,24,-1,24,674,25,-1,
  25,674,26,-1,26,674,27,-1,27,674,28,-1,28,674,29,-1,29,674,30,-1,30,674,42,-1,42,674,43,-1,43,674,44,-1,
  44,674,45,-1,45,674,46,-1,46,674,47,-1,47,674,48,-1,48,674,49,-1,49,674,50,-1,50,674,62,-1,62,674,63,-1,
  63,674,64,-1,64,674,65,-1,65,674,66,-1,66,674,67,-1,67,674,68,-1,68,674,69,-1,69,674,70,-1,70,674,82,-1,
  82,674,83,-1,83,674,84,-1,84,674,85,-1,85,674,86,-1,86,674,87,-1,87,674,88,-1,88,674,89,-1,89,674,90,-1,
  90,674,102,-1,102,674,103,-1,103,674,104,-1,104,674,105,-1,105,674,106,-1,106,674,107,-1,107,674,108,-1,108,674,109,-1,
  109,674,110,-1,110,674,122,-1,122,674,123,-1,123,674,124,-1,124,674,125,-1,125,674,126,-1,126,674,127,-1,127,674,128,-1,
  128,674,129,-1,129,674,130,-1,130,674,142,-1,142,674,143,-1,143,674,144,-1,144,674,145,-1,145,674,146,-1,146,674,147,-1,
  147,674,148,-1,148,674,149,-1,149,674,150,-1,150,674,162,-1,162,674,163,-1,163,674,164,-1,164,674,165,-1,165,674,166,-1,
  166,674,167,-1,167,674,168,-1,168,674,169,-1,169,674,170,-1,170,674,182,-1,182,674,183,-1,183,674,184,-1,184,674,185,-1,
  185,674,186,-1,186,674,187,-1,187,674,188,-1,188,674,189,-1,189,674,190,-1,190,674,202,-1,202,674,203,-1,203,674,204,-1,
  204,674,205,-1,205,674,206,-1,206,674,207,-1,207,674,208,-1,208,674,209,-1,209,674,210,-1,210,674,222,-1,222,674,223,-1,
  223,674,224,-1,224,674,225,-1,225,674,226,-1,226,674,227,-1,227,674,228,-1,228,674,229,-1,229,674,230,-1,230,674,242,-1,
  242,674,243,-1,243,674,244,-1,244,674,245,-1,245,674,246,-1,246,674,247,-1,247,674,248,-1,248,674,249,-1,249,674,250,-1,
  250,674,262,-1,262,674,263,-1,263,674,264,-1,264,674,265,-1,265,674,266,-1,266,674,267,-1,267,674,268,-1,268,674,269,-1,
  269,674,270,-1,270,674,282,-1,282,674,283,-1,283,674,284,-1,284,674,285,-1,285,674,286,-1,286,674,287,-1,287,674,288,-1,
  288,674,289,-1,289,674,290,-1,290,674,302,-1,302,674,303,-1,303,674,304,-1,304,674,305,-1,305,674,306,-1,306,674,307,-1,
  307,674,308,-1,308,674,309,-1,309,674,310,-1,310,674,322,-1,322,674,323,-1,323,674,324,-1,324,674,325,-1,325,674,326,-1,
  326,674,327,-1,327,674,328,-1,328,674,329,-1,329,674,330,-1,330,674,342,-1,342,674,343,-1,343,674,344,-1,344,674,345,-1,
  345,674,346,-1,346,674,347,-1,347,674,348,-1,348,674,349,-1,349,674,350,-1,350,674,362,-1,362,674,363,-1,363,674,364,-1,
  364,674,365,-1,365,674,366,-1,366,674,367,-1,367,674,368,-1,368,674,369,-1,369,674,370,-1,370,674,382,-1,382,674,383,-1,
  383,674,384,-1,384,674,385,-1,385,674,386,-1,386,674,387,-1,387,674,388,-1,388,674,389,-1,389,674,390,-1,390,674,402,-1,
  402,674,403,-1,403,674,404,-1,404,674,405,-1,405,674,406,-1,406,674,407,-1,407,674,408,-1,408,674,409,-1,409,674,410,-1,
  410,674,432,-1,432,674,433,-1,433,674,434,-1,434,674,435,-1,435,674,436,-1,436,674,437,-1,437,674,438,-1,438,674,439,-1,
  439,674,420,-1,420,674,714,-1,714,674,715,-1,715,674,716,-1,716,674,717,-1,717,674,718,-1,718,674,719,-1,719,674,720,-1,
  720,674,721,-1,721,674,722,-1,722,674,723,-1,723,674,724,-1,724,674,725,-1,725,674,442,-1,442,674,443,-1,443,674,444,-1,
  444,674,445,-1,445,674,446,-1,446,674,447,-1,447,674,448,-1,448,674,449,-1,449,674,450,-1,450,674,462,-1,462,674,463,-1,
  463,674,464,-1,464,674,465,-1,465,674,466,-1,466,674,467,-1,467,674,468,-1,468,674,469,-1,469,674,470,-1,470,674,482,-1,
  482,674,483,-1,483,674,484,-1,484,674,485,-1,485,674,486,-1,486,674,487,-1,487,674,488,-1,488,674,489,-1,489,674,490,-1,
  490,674,502,-1,502,674,503,-1,503,674,504,-1,504,674,505,-1,505,674,506,-1,506,674,507,-1,507,674,508,-1,508,674,509,-1,
  509,674,510,-1,510,674,522,-1,522,674,523,-1,523,674,524,-1,524,674,525,-1,525,674,526,-1,526,674,527,-1,527,674,528,-1,
  528,674,529,-1,529,674,530,-1,530,674,542,-1,542,674,543,-1,543,674,544,-1,544,674,545,-1,545,674,546,-1,546,674,547,-1,
  547,674,548,-1,548,674,549,-1,549,674,550,-1,550,674,561,-1,561,674,562,-1,562,674,563,-1,563,674,564,-1,564,674,565,-1,
  565,674,566,-1,566,674,567,-1,567,674,568,-1,568,674,569,-1,569,674,570,-1,570,674,581,-1,581,674,582,-1,582,674,583,-1,
  583,674,584,-1,584,674,585,-1,585,674,586,-1,586,674,587,-1,587,674,588,-1,588,674,589,-1,589,674,590,-1,590,674,601,-1,
  601,674,602,-1,602,674,603,-1,603,674,604,-1,604,674,605,-1,605,674,606,-1,606,674,607,-1,607,674,608,-1,608,674,609,-1,
  609,674,610,-1,610,674,621,-1,621,674,622,-1,622,674,623,-1,623,674,624,-1,624,674,625,-1,625,674,626,-1,626,674,627,-1,
  627,674,628,-1,628,674,629,-1,629,674,630,-1,630,674,651,-1,651,674,652,-1,652,674,653,-1,653,674,654,-1,654,674,655,-1,
  655,674,656,-1,656,674,657,-1,657,674,658,-1,658,674,659,-1,659,674,640,-1,640,674,729,-1,729,674,730,-1,730,674,731,-1,
  731,674,732,-1,732,674,733,-1,733,674,734,-1,734,674,661,-1,661,674,662,-1,662,674,663,-1,663,674,664,-1,664,674,665,-1,
  665,674,666,-1,666,674,667,-1,667,674,668,-1,668,674,669,-1,669,674,670,-1,670,674,671,-1,671,674,672,-1,672,674,673,-1,
  747,746,735,-1,747,735,748,-1,748,735,734,-1,748,734,660,-1,660,734,661,-1,729,728,640,-1,640,728,641,-1,641,728,642,-1,
  642,728,643,-1,643,728,644,-1,644,728,645,-1,645,728,646,-1,646,728,647,-1,647,728,633,-1,633,728,634,-1,634,728,635,-1,
  635,728,636,-1,636,728,637,-1,637,728,613,-1,613,728,614,-1,614,728,615,-1,615,728,616,-1,616,728,617,-1,617,728,593,-1,
  593,728,594,-1,594,728,595,-1,595,728,596,-1,596,728,574,-1,574,728,575,-1,575,728,576,-1,576,728,554,-1,554,728,555,-1,
  555,728,556,-1,556,728,534,-1,534,728,535,-1,535,728,536,-1,536,728,514,-1,514,728,515,-1,515,728,516,-1,516,728,494,-1,
  494,728,495,-1,495,728,496,-1,496,728,474,-1,474,728,475,-1,475,728,476,-1,476,728,454,-1,454,728,455,-1,455,728,456,-1,
  456,728,727,-1,649,648,631,-1,649,631,650,-1,650,631,630,-1,650,630,651,-1,639,638,611,-1,639,611,620,-1,620,611,610,-1,
  620,610,621,-1,619,618,591,-1,619,591,600,-1,600,591,590,-1,600,590,601,-1,599,598,571,-1,599,571,580,-1,580,571,570,-1,
  580,570,581,-1,579,578,551,-1,579,551,560,-1,560,551,550,-1,560,550,561,-1,559,558,531,-1,559,531,540,-1,540,531,530,-1,
  540,530,541,-1,541,530,542,-1,539,538,511,-1,539,511,520,-1,520,511,510,-1,520,510,521,-1,521,510,522,-1,519,518,491,-1,
  519,491,500,-1,500,491,490,-1,500,490,501,-1,501,490,502,-1,499,498,471,-1,499,471,480,-1,480,471,470,-1,480,470,481,-1,
  481,470,482,-1,479,478,451,-1,479,451,460,-1,460,451,450,-1,460,450,461,-1,461,450,462,-1,458,457,726,-1,458,726,459,-1,
  459,726,725,-1,459,725,440,-1,440,725,441,-1,713,712,420,-1,420,712,421,-1,421,712,422,-1,422,712,423,-1,423,712,424,-1,
  424,712,425,-1,425,712,426,-1,426,712,427,-1,427,712,428,-1,428,712,412,-1,412,712,413,-1,413,712,414,-1,414,712,415,-1,
  415,712,416,-1,416,712,417,-1,417,712,393,-1,393,712,394,-1,394,712,395,-1,395,712,396,-1,396,712,397,-1,397,712,373,-1,
  373,712,374,-1,374,712,375,-1,375,712,376,-1,376,712,377,-1,377,712,353,-1,353,712,354,-1,354,712,355,-1,355,712,356,-1,
  356,712,334,-1,334,712,335,-1,335,712,336,-1,336,712,314,-1,314,712,315,-1,315,712,316,-1,316,712,294,-1,294,712,295,-1,
  295,712,296,-1,296,712,274,-1,274,712,275,-1,275,712,276,-1,276,712,254,-1,254,712,255,-1,255,712,256,-1,256,712,234,-1,
  234,712,235,-1,235,712,236,-1,236,712,214,-1,214,712,215,-1,215,712,216,-1,216,712,194,-1,194,712,195,-1,195,712,196,-1,
  196,712,174,-1,174,712,175,-1,175,712,176,-1,176,712,154,-1,154,712,155,-1,155,712,156,-1,156,712,134,-1,134,712,135,-1,
  135,712,136,-1,136,712,114,-1,114,712,115,-1,115,712,116,-1,116,712,94,-1,94,712,95,-1,95,712,96,-1,96,712,74,-1,
  74,712,75,-1,75,712,76,-1,76,712,54,-1,54,712,55,-1,55,712,56,-1,56,712,34,-1,34,712,35,-1,35,712,36,-1,
  36,712,14,-1,14,712,15,-1,15,712,16,-1,16,712,711,-1,429,428,411,-1,429,411,430,-1,430,411,410,-1,430,410,431,-1,
  431,410,432,-1,419,418,391,-1,419,391,400,-1,400,391,390,-1,400,390,401,-1,401,390,402,-1,399,398,371,-1,399,371,380,-1,
  380,371,370,-1,380,370,381,-1,381,370,382,-1,379,378,351,-1,379,351,360,-1,360,351,350,-1,360,350,361,-1,361,350,362,-1,
  359,358,331,-1,359,331,340,-1,340,331,330,-1,340,330,341,-1,341,330,342,-1,339,338,311,-1,339,311,320,-1,320,311,310,-1,
  320,310,321,-1,321,310,322,-1,319,318,291,-1,319,291,300,-1,300,291,290,-1,300,290,301,-1,301,290,302,-1,299,298,271,-1,
  299,271,280,-1,280,271,270,-1,280,270,281,-1,281,270,282,-1,279,278,251,-1,279,251,260,-1,260,251,250,-1,260,250,261,-1,
  261,250,262,-1,259,258,231,-1,259,231,240,-1,240,231,230,-1,240,230,241,-1,241,230,242,-1,239,238,211,-1,239,211,220,-1,
  220,211,210,-1,220,210,221,-1,221,210,222,-1,219,218,191,-1,219,191,200,-1,200,191,190,-1,200,190,201,-1,201,190,202,-1,
  199,198,171,-1,199,171,180,-1,180,171,170,-1,180,170,181,-1,181,170,182,-1,179,178,151,-1,179,151,160,-1,160,151,150,-1,
  160,150,161,-1,161,150,162,-1,159,158,131,-1,159,131,140,-1,140,131,130,-1,140,130,141,-1,141,130,142,-1,139,138,111,-1,
  139,111,120,-1,120,111,110,-1,120,110,121,-1,121,110,122,-1,119,118,91,-1,119,91,100,-1,100,91,90,-1,100,90,101,-1,
  101,90,102,-1,99,98,71,-1,99,71,80,-1,80,71,70,-1,80,70,81,-1,81,70,82,-1,79,78,51,-1,79,51,60,-1,
  60,51,50,-1,60,50,61,-1,61,50,62,-1,59,58,31,-1,59,31,40,-1,40,31,30,-1,40,30,41,-1,41,30,42,-1,
  39,38,11,-1,39,11,20,-1,20,11,10,-1,20,10,21,-1,21,10,22,-1,18,17,710,-1,18,710,19,-1,19,710,709,-1,
  19,709,0,-1,0,709,1,-1,736,735,737,-1,737,735,738,-1,738,735,739,-1,739,735,740,-1,740,735,741,-1,741,735,742,-1,
  742,735,743,-1,743,735,744,-1,744,735,745,-1,745,735,746,-1,633,632,647,-1,647,632,648,-1,648,632,631,-1,613,612,637,-1,
  637,612,638,-1,638,612,611,-1,593,592,617,-1,617,592,618,-1,618,592,591,-1,596,574,573,-1,596,573,597,-1,597,573,572,-1,
  597,572,598,-1,598,572,571,-1,576,554,553,-1,576,553,577,-1,577,553,552,-1,577,552,578,-1,578,552,551,-1,556,534,533,-1,
  556,533,557,-1,557,533,532,-1,557,532,558,-1,558,532,531,-1,536,514,513,-1,536,513,537,-1,537,513,512,-1,537,512,538,-1,
  538,512,511,-1,516,494,493,-1,516,493,517,-1,517,493,492,-1,517,492,518,-1,518,492,491,-1,496,474,473,-1,496,473,497,-1,
  497,473,472,-1,497,472,498,-1,498,472,471,-1,476,454,453,-1,476,453,477,-1,477,453,452,-1,477,452,478,-1,478,452,451,-1,
  727,726,456,-1,456,726,457,-1,393,392,417,-1,417,392,418,-1,418,392,391,-1,373,372,397,-1,397,372,398,-1,398,372,371,-1,
  353,352,377,-1,377,352,378,-1,378,352,351,-1,356,334,333,-1,356,333,357,-1,357,333,332,-1,357,332,358,-1,358,332,331,-1,
  336,314,313,-1,336,313,337,-1,337,313,312,-1,337,312,338,-1,338,312,311,-1,316,294,293,-1,316,293,317,-1,317,293,292,-1,
  317,292,318,-1,318,292,291,-1,296,274,273,-1,296,273,297,-1,297,273,272,-1,297,272,298,-1,298,272,271,-1,276,254,253,-1,
  276,253,277,-1,277,253,252,-1,277,252,278,-1,278,252,251,-1,256,234,233,-1,256,233,257,-1,257,233,232,-1,257,232,258,-1,
  258,232,231,-1,236,214,213,-1,236,213,237,-1,237,213,212,-1,237,212,238,-1,238,212,211,-1,216,194,193,-1,216,193,217,-1,
  217,193,192,-1,217,192,218,-1,218,192,191,-1,196,174,173,-1,196,173,197,-1,197,173,172,-1,197,172,198,-1,198,172,171,-1,
  176,154,153,-1,176,153,177,-1,177,153,152,-1,177,152,178,-1,178,152,151,-1,156,134,133,-1,156,133,157,-1,157,133,132,-1,
  157,132,158,-1,158,132,131,-1,136,114,113,-1,136,113,137,-1,137,113,112,-1,137,112,138,-1,138,112,111,-1,116,94,93,-1,
  116,93,117,-1,117,93,92,-1,117,92,118,-1,118,92,91,-1,96,74,73,-1,96,73,97,-1,97,73,72,-1,97,72,98,-1,
  98,72,71,-1,76,54,53,-1,76,53,77,-1,77,53,52,-1,77,52,78,-1,78,52,51,-1,56,34,33,-1,56,33,57,-1,
  57,33,32,-1,57,32,58,-1,58,32,31,-1,36,14,13,-1,36,13,37,-1,37,13,12,-1,37,12,38,-1,38,12,11,-1,
  711,710,16,-1,16,710,17,-1,689,704,690,-1,690,704,691,-1,691,704,692,-1,692,704,693,-1,693,704,694,-1,694,704,695,-1,
  695,704,696,-1,696,704,697,-1,697,704,698,-1,698,704,699,-1,699,704,700,-1,700,704,701,-1,701,704,702,-1,702,704,703,-1,
  761,760,757,-1,761,757,762,-1,762,757,756,-1,762,756,763,-1,763,756,755,-1,763,755,764,-1,764,755,754,-1,764,754,765,-1,
  765,754,753,-1,765,753,766,-1,766,753,752,-1,766,752,767,-1,767,752,751,-1,767,751,749,-1,749,751,750,-1,759,758,760,-1,
  760,758,757,-1,779,778,776,-1,779,776,780,-1,780,776,775,-1,780,775,781,-1,781,775,774,-1,781,774,782,-1,782,774,773,-1,
  782,773,783,-1,783,773,772,-1,783,772,784,-1,784,772,771,-1,784,771,785,-1,785,771,770,-1,785,770,786,-1,786,770,769,-1,
  786,769,768,-1,776,778,777,-1,428,412,411,-1,675,677,676,-1,709,2,1,-1,420,714,713,-1,725,442,441,-1]
  normalPerVertex TRUE
  normal DEF NORM_6 Normal { vector [
  0 0 -1,0 0 -1,
  0 0 -1,0 0 -1,
  0 0 -1,0 0 -1,
  0 0 -1,0 0 -1,
  0 0 -1,0 0 -1,
  0 0 -1,0 0 -1,
  0 0 -1,0 0 -1,
  0 0 -1,0 0 -1,
  0 0 -1,0 0 -1,
  0 0 -1,0 0 -1,
  0 0 -1,0 0 -1,
  0 0 -1,0 0 -1,
  0 0 -1,0 0 -1,
  0 0 -1,0 0 -1,
  0 0 -1,0 0 -1,
  0 0 -1,0 0 -1,
  0 0 -1,0 0 -1,
  0 0 -1,0 0 -1,
  0 0 -1,0 0 -1,
  0 0 -1,0 0 -1,
  0 0 -1,0 0 -1,
  0 0 -1,0 0 -1,
  0 0 -1,0 0 -1,
  0 0 -1,0 0 -1,
  0 0 -1,0 0 -1,
  0 0 -1,0 0 -1,
  0 0 -1,0 0 -1,
  0 0 -1,0 0 -1,
  0 0 -1,0 0 -1,
  0 0 -1,0 0 -1,
  0 0 -1,0 0 -1,
  0 0 -1,0 0 -1,
  0 0 -1,0 0 -1,
  0 0 -1,0 0 -1,
  0 0 -1,0 0 -1,
  0 0 -1,0 0 -1,
  0 0 -1,0 0 -1,
  0 0 -1,0 0 -1,
  0 0 -1,0 0 -1,
  0 0 -1,0 0 -1,
  0 0 -1,0 0 -1,
  0 0 -1,0 0 -1,
  0 0 -1,0 0 -1,
  0 0 -1,0 0 -1,
  0 0 -1,0 0 -1,
  0 0 -1,0 0 -1,
  0 0 -1,0 0 -1,
  0 0 -1,0 0 -1,
  0 0 -1,0 0 -1,
  0 0 -1,0 0 -1,
  0 0 -1,0 0 -1,
  0 0 -1,0 0 -1,
  0 0 -1,0 0 -1,
  0 0 -1,0 0 -1,
  0 0 -1,0 0 -1,
  0 0 -1,0 0 -1,
  0 0 -1,0 0 -1,
  0 0 -1,0 0 -1,
  0 0 -1,0 0 -1,
  0 0 -1,0 0 -1,
  0 0 -1,0 0 -1,
  0 0 -1,0 0 -1,
  0 0 -1,0 0 -1,
  0 0 -1,0 0 -1,
  0 0 -1,0 0 -1,
  0 0 -1,0 0 -1,
  0 0 -1,0 0 -1,
  0 0 -1,0 0 -1,
  0 0 -1,0 0 -1,
  0 0 -1,0 0 -1,
  0 0 -1,0 0 -1,
  0 0 -1,0 0 -1,
  0 0 -1,0 0 -1,
  0 0 -1,0 0 -1,
  0 0 -1,0 0 -1,
  0 0 -1,0 0 -1,
  0 0 -1,0 0 -1,
  0 0 -1,0 0 -1,
  0 0 -1,0 0 -1,
  0 0 -1,0 0 -1,
  0 0 -1,0 0 -1,
  0 0 -1,0 0 -1,
  0 0 -1,0 0 -1,
  0 0 -1,0 0 -1,
  0 0 -1,0 0 -1,
  0 0 -1,0 0 -1,
  0 0 -1,0 0 -1,
  0 0 -1,0 0 -1,
  0 0 -1,0 0 -1,
  0 0 -1,0 0 -1,
  0 0 -1,0 0 -1,
  0 0 -1,0 0 -1,
  0 0 -1,0 0 -1,
  0 0 -1,0 0 -1,
  0 0 -1,0 0 -1,
  0 0 -1,0 0 -1,
  0 0 -1,0 0 -1,
  0 0 -1,0 0 -1,
  0 0 -1,0 0 -1,
  0 0 -1,0 0 -1,
  0 0 -1,0 0 -1,
  0 0 -1,0 0 -1,
  0 0 -1,0 0 -1,
  0 0 -1,0 0 -1,
  0 0 -1,0 0 -1,
  0 0 -1,0 0 -1,
  0 0 -1,0 0 -1,
  0 0 -1,0 0 -1,
  0 0 -1,0 0 -1,
  0 0 -1,0 0 -1,
  0 0 -1,0 0 -1,
  0 0 -1,0 0 -1,
  0 0 -1,0 0 -1,
  0 0 -1,0 0 -1,
  0 0 -1,0 0 -1,
  0 0 -1,0 0 -1,
  0 0 -1,0 0 -1,
  0 0 -1,0 0 -1,
  0 0 -1,0 0 -1,
  0 0 -1,0 0 -1,
  0 0 -1,0 0 -1,
  0 0 -1,0 0 -1,
  0 0 -1,0 0 -1,
  0 0 -1,0 0 -1,
  0 0 -1,0 0 -1,
  0 0 -1,0 0 -1,
  0 0 -1,0 0 -1,
  0 0 -1,0 0 -1,
  0 0 -1,0 0 -1,
  0 0 -1,0 0 -1,
  0 0 -1,0 0 -1,
  0 0 -1,0 0 -1,
  0 0 -1,0 0 -1,
  0 0 -1,0 0 -1,
  0 0 -1,0 0 -1,
  0 0 -1,0 0 -1,
  0 0 -1,0 0 -1,
  0 0 -1,0 0 -1,
  0 0 -1,0 0 -1,
  0 0 -1,0 0 -1,
  0 0 -1,0 0 -1,
  0 0 -1,0 0 -1,
  0 0 -1,0 0 -1,
  0 0 -1,0 0 -1,
  0 0 -1,0 0 -1,
  0 0 -1,0 0 -1,
  0 0 -1,0 0 -1,
  0 0 -1,0 0 -1,
  0 0 -1,0 0 -1,
  0 0 -1,0 0 -1,
  0 0 -1,0 0 -1,
  0 0 -1,0 0 -1,
  0 0 -1,0 0 -1,
  0 0 -1,0 0 -1,
  0 0 -1,0 0 -1,
  0 0 -1,0 0 -1,
  0 0 -1,0 0 -1,
  0 0 -1,0 0 -1,
  0 0 -1,0 0 -1,
  0 0 -1,0 0 -1,
  0 0 -1,0 0 -1,
  0 0 -1,0 0 -1,
  0 0 -1,0 0 -1,
  0 0 -1,0 0 -1,
  0 0 -1,0 0 -1,
  0 0 -1,0 0 -1,
  0 0 -1,0 0 -1,
  0 0 -1,0 0 -1,
  0 0 -1,0 0 -1,
  0 0 -1,0 0 -1,
  0 0 -1,0 0 -1,
  0 0 -1,0 0 -1,
  0 0 -1,0 0 -1,
  0 0 -1,0 0 -1,
  0 0 -1,0 0 -1,
  0 0 -1,0 0 -1,
  0 0 -1,0 0 -1,
  0 0 -1,0 0 -1,
  0 0 -1,0 0 -1,
  0 0 -1,0 0 -1,
  0 0 -1,0 0 -1,
  0 0 -1,0 0 -1,
  0 0 -1,0 0 -1,
  0 0 -1,0 0 -1,
  0 0 -1,0 0 -1,
  0 0 -1,0 0 -1,
  0 0 -1,0 0 -1,
  0 0 -1,0 0 -1,
  0 0 -1,0 0 -1,
  0 0 -1,0 0 -1,
  0 0 -1,0 0 -1,
  0 0 -1,0 0 -1,
  0 0 -1,0 0 -1,
  0 0 -1,0 0 -1,
  0 0 -1,0 0 -1,
  0 0 -1,0 0 -1,
  0 0 -1,0 0 -1,
  0 0 -1,0 0 -1,
  0 0 -1,0 0 -1,
  0 0 -1,0 0 -1,
  0 0 -1,0 0 -1,
  0 0 -1,0 0 -1,
  0 0 -1,0 0 -1,
  0 0 -1,0 0 -1,
  0 0 -1,0 0 -1,
  0 0 -1,0 0 -1,
  0 0 -1,0 0 -1,
  0 0 -1,0 0 -1,
  0 0 -1,0 0 -1,
  0 0 -1,0 0 -1,
  0 0 -1,0 0 -1,
  0 0 -1,0 0 -1,
  0 0 -1,0 0 -1,
  0 0 -1,0 0 -1,
  0 0 -1,0 0 -1,
  0 0 -1,0 0 -1,
  0 0 -1,0 0 -1,
  0 0 -1,0 0 -1,
  0 0 -1,0 0 -1,
  0 0 -1,0 0 -1,
  0 0 -1,0 0 -1,
  0 0 -1,0 0 -1,
  0 0 -1,0 0 -1,
  0 0 -1,0 0 -1,
  0 0 -1,0 0 -1,
  0 0 -1,0 0 -1,
  0 0 -1,0 0 -1,
  0 0 -1,0 0 -1,
  0 0 -1,0 0 -1,
  0 0 -1,0 0 -1,
  0 0 -1,0 0 -1,
  0 0 -1,0 0 -1,
  0 0 -1,0 0 -1,
  0 0 -1,0 0 -1,
  0 0 -1,0 0 -1,
  0 0 -1,0 0 -1,
  0 0 -1,0 0 -1,
  0 0 -1,0 0 -1,
  0 0 -1,0 0 -1,
  0 0 -1,0 0 -1,
  0 0 -1,0 0 -1,
  0 0 -1,0 0 -1,
  0 0 -1,0 0 -1,
  0 0 -1,0 0 -1,
  0 0 -1,0 0 -1,
  0 0 -1,0 0 -1,
  0 0 -1,0 0 -1,
  0 0 -1,0 0 -1,
  0 0 -1,0 0 -1,
  0 0 -1,0 0 -1,
  0 0 -1,0 0 -1,
  0 0 -1,0 0 -1,
  0 0 -1,0 0 -1,
  0 0 -1,0 0 -1,
  0 0 -1,0 0 -1,
  0 0 -1,0 0 -1,
  0 0 -1,0 0 -1,
  0 0 -1,0 0 -1,
  0 0 -1,0 0 -1,
  0 0 -1,0 0 -1,
  0 0 -1,0 0 -1,
  0 0 -1,0 0 -1,
  0 0 -1,0 0 -1,
  0 0 -1,0 0 -1,
  0 0 -1,0 0 -1,
  0 0 -1,0 0 -1,
  0 0 -1,0 0 -1,
  0 0 -1,0 0 -1,
  0 0 -1,0 0 -1,
  0 0 -1,0 0 -1,
  0 0 -1,0 0 -1,
  0 0 -1,0 0 -1,
  0 0 -1,0 0 -1,
  0 0 -1,0 0 -1,
  0 0 -1,0 0 -1,
  0 0 -1,0 0 -1,
  0 0 -1,0 0 -1,
  0 0 -1,0 0 -1,
  0 0 -1,0 0 -1,
  0 0 -1,0 0 -1,
  0 0 -1,0 0 -1,
  0 0 -1,0 0 -1,
  0 0 -1,0 0 -1,
  0 0 -1,0 0 -1,
  0 0 -1,0 0 -1,
  0 0 -1,0 0 -1,
  0 0 -1,0 0 -1,
  0 0 -1,0 0 -1,
  0 0 -1,0 0 -1,
  0 0 -1,0 0 -1,
  0 0 -1,0 0 -1,
  0 0 -1,0 0 -1,
  0 0 -1,0 0 -1,
  0 0 -1,0 0 -1,
  0 0 -1,0 0 -1,
  0 0 -1,0 0 -1,
  0 0 -1,0 0 -1,
  0 0 -1,0 0 -1,
  0 0 -1,0 0 -1,
  0 0 -1,0 0 -1,
  0 0 -1,0 0 -1,
  0 0 -1,0 0 -1,
  0 0 -1,0 0 -1,
  0 0 -1,0 0 -1,
  0 0 -1,0 0 -1,
  0 0 -1,0 0 -1,
  0 0 -1,0 0 -1,
  0 0 -1,0 0 -1,
  0 0 -1,0 0 -1,
  0 0 -1,0 0 -1,
  0 0 -1,0 0 -1,
  0 0 -1,0 0 -1,
  0 0 -1,0 0 -1,
  0 0 -1,0 0 -1,
  0 0 -1,0 0 -1,
  0 0 -1,0 0 -1,
  0 0 -1,0 0 -1,
  0 0 -1,0 0 -1,
  0 0 -1,0 0 -1,
  0 0 -1,0 0 -1,
  0 0 -1,0 0 -1,
  0 0 -1,0 0 -1,
  0 0 -1,0 0 -1,
  0 0 -1,0 0 -1,
  0 0 -1,0 0 -1,
  0 0 -1,0 0 -1,
  0 0 -1,0 0 -1,
  0 0 -1,0 0 -1,
  0 0 -1,0 0 -1,
  0 0 -1,0 0 -1,
  0 0 -1,0 0 -1,
  0 0 -1,0 0 -1,
  0 0 -1,0 0 -1,
  0 0 -1,0 0 -1,
  0 0 -1,0 0 -1,
  0 0 -1,0 0 -1,
  0 0 -1,0 0 -1,
  0 0 -1,0 0 -1,
  0 0 -1,0 0 -1,
  0 0 -1,0 0 -1,
  0 0 -1,0 0 -1,
  0 0 -1,0 0 -1,
  0 0 -1,0 0 -1,
  0 0 -1,0 0 -1,
  0 0 -1,0 0 -1,
  0 0 -1,0 0 -1,
  0 0 -1,0 0 -1,
  0 0 -1,0 0 -1,
  0 0 -1,0 0 -1,
  0 0 -1,0 0 -1,
  0 0 -1,0 0 -1,
  0 0 -1,0 0 -1,
  0 0 -1,0 0 -1,
  0 0 -1,0 0 -1,
  0 0 -1,0 0 -1,
  0 0 -1,0 0 -1,
  0 0 -1,0 0 -1,
  0 0 -1,0 0 -1,
  0 0 -1,0 0 -1,
  0 0 -1,0 0 -1,
  0 0 -1,0 0 -1,
  0 0 -1,0 0 -1,
  0 0 -1,0 0 -1,
  0 0 -1,0 0 -1,
  0 0 -1,0 0 -1,
  0 0 -1,0 0 -1,
  0 0 -1,0 0 -1,
  0 0 -1,0 0 -1,
  0 0 -1,0 0 -1,
  0 0 -1,0 0 -1,
  0 0 -1,0 0 -1,
  0 0 -1,0 0 -1,
  0 0 -1,0 0 -1,
  0 0 -1,0 0 -1,
  0 0 -1,0 0 -1,
  0 0 -1,0 0 -1,
  0 0 -1,0 0 -1,
  0 0 -1,0 0 -1,
  0 0 -1,0 0 -1,
  0 0 -1,0 0 -1,
  0 0 -1,0 0 -1,
  0 0 -1,0 0 -1,
  0 0 -1,0 0 -1,
  0 0 -1,0 0 -1,
  0 0 -1,0 0 -1,
  0 0 -1,0 0 -1,
  0 0 -1,0 0 -1,
  0 0 -1,0 0 -1,
  0 0 -1,0 0 -1,
  0 0 -1,0 0 -1,
  0 0 -1,0 0 -1,
  0 0 -1,0 0 -1,
  0 0 -1,0 0 -1,
  0 0 -1] }
}
}
] }
DEF TXFM_7 Transform {
  center 0 0 0
  rotation 0 0 1 0
  scale 1 1 1
  scaleOrientation 0 0 1 0
  translation 0 0 0
 children [
DEF SHAPE_7 Shape {
 appearance DEF APP_4 Appearance {
  material Material {
   ambientIntensity 1
   diffuseColor 0.69999999 0.69999999 0.89999998
   emissiveColor 0 0 0
   shininess 0.02
   specularColor 0.1 0.1 0.1
   transparency 0
} }
 geometry DEF FACE_7 IndexedFaceSet {
  coord DEF COORD_7 Coordinate { point [
  48.941666 -48.24517 0.34448819,48.959158 -48.255269 0.34448819,
  48.979049 -48.251762 0.34448819,48.992032 -48.236289 0.34448819,
  48.993813 -48.22619 0.34448819,48.993813 -47.755718 0.34448819,
  49.107143 -47.755718 0.34448819,49.126122 -47.748809 0.34448819,
  49.136222 -47.731318 0.34448819,49.132714 -47.711426 0.34448819,
  49.117242 -47.698443 0.34448819,49.107143 -47.696663 0.34448819,
  48.821428 -47.696663 0.34448819,48.802448 -47.703571 0.34448819,
  48.792349 -47.721063 0.34448819,48.795857 -47.740954 0.34448819,
  48.811329 -47.753937 0.34448819,48.821428 -47.755718 0.34448819,
  48.934758 -47.755718 0.34448819,48.934758 -48.22619 0.34448819,
  48.36511 -47.811329 0.34448819,48.36333 -47.821428 0.34448819,
  48.36333 -47.869047 0.34448819,48.363933 -47.870706 0.34448819,
  48.363523 -47.872423 0.34448819,48.366447 -47.882252 0.34448819,
  48.390256 -47.929871 0.34448819,48.390724 -47.930314 0.34448819,
  48.395787 -47.937546 0.34448819,48.419597 -47.961355 0.34448819,
  48.42018 -47.961627 0.34448819,48.427271 -47.966886 0.34448819,
  48.47489 -47.990696 0.34448819,48.476279 -47.990856 0.34448819,
  48.480933 -47.992931 0.34448819,48.573028 -48.015955 0.34448819,
  48.613461 -48.036172 0.34448819,48.630494 -48.053205 0.34448819,
  48.649044 -48.090304 0.34448819,48.649044 -48.123982 0.34448819,
  48.630494 -48.16108 0.34448819,48.613461 -48.178113 0.34448819,
  48.576363 -48.196663 0.34448819,48.469077 -48.196663 0.34448819,
  48.402194 -48.174369 0.34448819,48.382004 -48.17492 0.34448819,
  48.366892 -48.18832 0.34448819,48.363929 -48.2083 0.34448819,
  48.374502 -48.22551 0.34448819,48.38352 -48.230393 0.34448819,
  48.454948 -48.254202 0.34448819,48.455591 -48.254185 0.34448819,
  48.464285 -48.255718 0.34448819,48.583333 -48.255718 0.34448819,
  48.584992 -48.255114 0.34448819,48.586709 -48.255524 0.34448819,
  48.596538 -48.2526 0.34448819,48.644157 -48.228791 0.34448819,
  48.6446 -48.228324 0.34448819,48.651831 -48.22326 0.34448819,
  48.675641 -48.19945 0.34448819,48.675913 -48.198867 0.34448819,
  48.681172 -48.191776 0.34448819,48.704981 -48.144157 0.34448819,
  48.705183 -48.142404 0.34448819,48.706318 -48.141052 0.34448819,
  48.708099 -48.130952 0.34448819,48.708099 -48.083333 0.34448819,
  48.707495 -48.081674 0.34448819,48.707905 -48.079957 0.34448819,
  48.704981 -48.070128 0.34448819,48.681172 -48.022509 0.34448819,
  48.680704 -48.022066 0.34448819,48.675641 -48.014835 0.34448819,
  48.651831 -47.991026 0.34448819,48.651247 -47.990753 0.34448819,
  48.644157 -47.985494 0.34448819,48.596538 -47.961685 0.34448819,
  48.595149 -47.961525 0.34448819,48.590494 -47.959449 0.34448819,
  48.4984 -47.936425 0.34448819,48.457967 -47.916209 0.34448819,
  48.440934 -47.899176 0.34448819,48.422385 -47.862077 0.34448819,
  48.422385 -47.828399 0.34448819,48.440934 -47.7913 0.34448819,
  48.457967 -47.774267 0.34448819,48.495066 -47.755718 0.34448819,
  48.602351 -47.755718 0.34448819,48.669234 -47.778012 0.34448819,
  48.689424 -47.777461 0.34448819,48.704537 -47.76406 0.34448819,
  48.707499 -47.74408 0.34448819,48.696926 -47.726871 0.34448819,
  48.687909 -47.721988 0.34448819,48.61648 -47.698178 0.34448819,
  48.615837 -47.698196 0.34448819,48.607143 -47.696663 0.34448819,
  48.488095 -47.696663 0.34448819,48.486436 -47.697267 0.34448819,
  48.484719 -47.696856 0.34448819,48.47489 -47.69978 0.34448819,
  48.427271 -47.72359 0.34448819,48.426828 -47.724058 0.34448819,
  48.419597 -47.729121 0.34448819,48.395787 -47.75293 0.34448819,
  48.395515 -47.753514 0.34448819,48.390256 -47.760604 0.34448819,
  48.366447 -47.808223 0.34448819,48.366245 -47.809977 0.34448819,
  48.326698 -48.278937 0.34448819,48.323191 -48.259046 0.34448819,
  48.307718 -48.246063 0.34448819,48.297619 -48.244282 0.34448819,
  47.916667 -48.244282 0.34448819,47.897687 -48.25119 0.34448819,
  47.887587 -48.268682 0.34448819,47.891095 -48.288573 0.34448819,
  47.906567 -48.301556 0.34448819,47.916667 -48.303337 0.34448819,
  48.297619 -48.303337 0.34448819,48.316599 -48.296429 0.34448819,
  44.364434 -47.719926 0.34448819,44.363778 -47.721063 0.34448819,
  44.364006 -47.722355 0.34448819,44.36333 -47.72619 0.34448819,
  44.36333 -48.22619 0.34448819,44.370238 -48.24517 0.34448819,
  44.38773 -48.255269 0.34448819,44.407621 -48.251762 0.34448819,
  44.420604 -48.236289 0.34448819,44.422385 -48.22619 0.34448819,
  44.422385 -47.993813 0.34448819,44.559524 -47.993813 0.34448819,
  44.578504 -47.986905 0.34448819,44.588603 -47.969413 0.34448819,
  44.585095 -47.949522 0.34448819,44.569623 -47.936539 0.34448819,
  44.559524 -47.934758 0.34448819,44.422385 -47.934758 0.34448819,
  44.422385 -47.755718 0.34448819,44.630952 -47.755718 0.34448819,
  44.649932 -47.748809 0.34448819,44.660031 -47.731318 0.34448819,
  44.656524 -47.711426 0.34448819,44.641052 -47.698443 0.34448819,
  44.630952 -47.696663 0.34448819,44.392857 -47.696663 0.34448819,
  44.385649 -47.699286 0.34448819,44.378093 -47.700619 0.34448819,
  44.376381 -47.70266 0.34448819,44.373877 -47.703571 0.34448819,
  44.370042 -47.710214 0.34448819,44.36511 -47.716091 0.34448819,
  44.302889 -48.278937 0.34448819,44.299381 -48.259046 0.34448819,
  44.283909 -48.246063 0.34448819,44.273809 -48.244282 0.34448819,
  43.892857 -48.244282 0.34448819,43.873877 -48.25119 0.34448819,
  43.863778 -48.268682 0.34448819,43.867285 -48.288573 0.34448819,
  43.882758 -48.301556 0.34448819,43.892857 -48.303337 0.34448819,
  44.273809 -48.303337 0.34448819,44.292789 -48.296429 0.34448819,
  51.913736 -48.175641 0.34448819,51.914008 -48.175057 0.34448819,
  51.919267 -48.167967 0.34448819,51.943077 -48.120348 0.34448819,
  51.943237 -48.118959 0.34448819,51.945313 -48.114304 0.34448819,
  51.969122 -48.019066 0.34448819,51.96898 -48.017709 0.34448819,
  51.970004 -48.011905 0.34448819,51.970004 -47.940476 0.34448819,
  51.969537 -47.939194 0.34448819,51.969122 -47.933315 0.34448819,
  51.945313 -47.838076 0.34448819,51.94453 -47.836917 0.34448819,
  51.943077 -47.832033 0.34448819,51.919267 -47.784414 0.34448819,
  51.9188 -47.783971 0.34448819,51.913736 -47.77674 0.34448819,
  51.866117 -47.729121 0.34448819,51.864517 -47.728375 0.34448819,
  51.863593 -47.726871 0.34448819,51.854575 -47.721988 0.34448819,
  51.783147 -47.698178 0.34448819,51.782504 -47.698196 0.34448819,
  51.773809 -47.696663 0.34448819,51.654762 -47.696663 0.34448819,
  51.647554 -47.699286 0.34448819,51.639998 -47.700619 0.34448819,
  51.638285 -47.70266 0.34448819,51.635782 -47.703571 0.34448819,
  51.631946 -47.710214 0.34448819,51.627015 -47.716091 0.34448819,
  51.626339 -47.719926 0.34448819,51.625683 -47.721063 0.34448819,
  51.625911 -47.722355 0.34448819,51.625234 -47.72619 0.34448819,
  51.625234 -48.196663 0.34448819,51.625234 -48.22619 0.34448819,
  51.627858 -48.233398 0.34448819,51.62919 -48.240954 0.34448819,
  51.631231 -48.242667 0.34448819,51.632143 -48.24517 0.34448819,
  51.638786 -48.249006 0.34448819,51.644663 -48.253937 0.34448819,
  51.648498 -48.254613 0.34448819,51.649634 -48.255269 0.34448819,
  51.650926 -48.255041 0.34448819,51.654762 -48.255718 0.34448819,
  51.773809 -48.255718 0.34448819,51.774415 -48.255497 0.34448819,
  51.783147 -48.254202 0.34448819,51.854575 -48.230393 0.34448819,
  51.855957 -48.229296 0.34448819,51.857717 -48.229142 0.34448819,
  51.866117 -48.22326 0.34448819,51.910948 -47.944111 0.34448819,
  51.910948 -48.008269 0.34448819,51.888806 -48.096838 0.34448819,
  51.86859 -48.137271 0.34448819,51.829287 -48.176573 0.34448819,
  51.769018 -48.196663 0.34448819,51.684289 -48.196663 0.34448819,
  51.684289 -47.755718 0.34448819,51.769018 -47.755718 0.34448819,
  51.829287 -47.775808 0.34448819,51.86859 -47.81511 0.34448819,
  51.888806 -47.855543 0.34448819,46.118956 -47.779762 0.34448819,
  46.077747 -47.82097 0.34448819,46.034414 -47.842637 0.34448819,
  46.020527 -47.857304 0.34448819,46.019317 -47.877466 0.34448819,
  46.03135 -47.893688 0.34448819,46.050994 -47.898381 0.34448819,
  46.060824 -47.895457 0.34448819,46.108443 -47.871648 0.34448819,
  46.108885 -47.871181 0.34448819,46.116117 -47.866117 0.34448819,
  46.160948 -47.821286 0.34448819,46.160948 -48.150177 0.34448819,
  46.142283 -48.15181 0.34448819,46.133883 -48.157692 0.34448819,
  46.115002 -48.176573 0.34448819,46.054732 -48.196663 0.34448819,
  46.016696 -48.196663 0.34448819,45.956426 -48.176573 0.34448819,
  45.917124 -48.137271 0.34448819,45.896907 -48.096837 0.34448819,
  45.874765 -48.008269 0.34448819,45.874765 -47.944111 0.34448819,
  45.896907 -47.855543 0.34448819,45.917124 -47.81511 0.34448819,
  45.956426 -47.775808 0.34448819,46.016696 -47.755718 0.34448819,
  46.054732 -47.755718 0.34448819,46.115002 -47.775808 0.34448819,
  45.855952 -47.70721 0.34448819,45.838461 -47.697111 0.34448819,
  45.818569 -47.700619 0.34448819,45.805586 -47.716091 0.34448819,
  45.803806 -47.72619 0.34448819,45.803806 -48.008269 0.34448819,
  45.803806 -48.078542 0.34448819,45.783716 -48.138811 0.34448819,
  45.745954 -48.176573 0.34448819,45.685685 -48.196663 0.34448819,
  45.66048 -48.196663 0.34448819,45.66048 -47.72619 0.34448819,
  45.653572 -47.70721 0.34448819,45.63608 -47.697111 0.34448819,
  45.616189 -47.700619 0.34448819,45.603206 -47.716091 0.34448819,
  45.601425 -47.72619 0.34448819,45.601425 -48.115002 0.34448819,
  45.370875 -47.711541 0.34448819,45.368791 -47.709776 0.34448819,
  45.367857 -47.70721 0.34448819,45.361267 -47.703405 0.34448819,
  45.35546 -47.698489 0.34448819,45.35273 -47.698476 0.34448819,
  45.350365 -47.697111 0.34448819,45.342872 -47.698432 0.34448819,
  45.335263 -47.698398 0.34448819,45.333163 -47.700144 0.34448819,
  45.330474 -47.700619 0.34448819,45.325583 -47.706448 0.34448819,
  45.319732 -47.711313 0.34448819,45.319246 -47.713999 0.34448819,
  45.317491 -47.716091 0.34448819,45.31571 -47.72619 0.34448819,
  45.31571 -48.22619 0.34448819,45.322619 -48.24517 0.34448819,
  45.34011 -48.255269 0.34448819,45.360002 -48.251762 0.34448819,
  45.372985 -48.236289 0.34448819,45.374765 -48.22619 0.34448819,
  45.374765 -47.837378 0.34448819,45.605315 -48.24084 0.34448819,
  45.607399 -48.242604 0.34448819,45.608333 -48.24517 0.34448819,
  45.614923 -48.248975 0.34448819,45.62073 -48.253892 0.34448819,
  45.62346 -48.253904 0.34448819,45.625825 -48.255269 0.34448819,
  45.633069 -48.253992 0.34448819,45.642857 -48.255718 0.34448819,
  45.690476 -48.255718 0.34448819,45.691082 -48.255497 0.34448819,
  45.699813 -48.254202 0.34448819,45.771242 -48.230393 0.34448819,
  45.772625 -48.229296 0.34448819,45.774383 -48.229142 0.34448819,
  45.782784 -48.22326 0.34448819,45.830403 -48.175641 0.34448819,
  45.831149 -48.174041 0.34448819,45.832653 -48.173117 0.34448819,
  45.837536 -48.164099 0.34448819,45.848327 -48.131727 0.34448819,
  45.866447 -48.167967 0.34448819,45.866915 -48.16841 0.34448819,
  45.871978 -48.175641 0.34448819,45.919597 -48.22326 0.34448819,
  45.921196 -48.224006 0.34448819,45.922121 -48.22551 0.34448819,
  45.931139 -48.230393 0.34448819,46.002567 -48.254202 0.34448819,
  46.003211 -48.254185 0.34448819,46.011905 -48.255718 0.34448819,
  46.047619 -48.255718 0.34448819,46.059524 -48.255718 0.34448819,
  46.333333 -48.255718 0.34448819,46.352313 -48.248809 0.34448819,
  46.362412 -48.231318 0.34448819,46.358905 -48.211426 0.34448819,
  46.343432 -48.198443 0.34448819,46.333333 -48.196663 0.34448819,
  46.220004 -48.196663 0.34448819,46.220004 -47.72619 0.34448819,
  46.219423 -47.724594 0.34448819,46.219824 -47.722945 0.34448819,
  46.216026 -47.715263 0.34448819,46.213095 -47.70721 0.34448819,
  46.211625 -47.706361 0.34448819,46.210872 -47.704839 0.34448819,
  46.203025 -47.701396 0.34448819,46.195604 -47.697111 0.34448819,
  46.193931 -47.697406 0.34448819,46.192376 -47.696724 0.34448819,
  46.184154 -47.69913 0.34448819,46.175712 -47.700619 0.34448819,
  46.174621 -47.701919 0.34448819,46.172991 -47.702396 0.34448819,
  46.165907 -47.709811 0.34448819,46.152554 -47.729843 0.34448819,
  46.151831 -47.729121 0.34448819,46.150231 -47.728375 0.34448819,
  46.149307 -47.726871 0.34448819,46.14029 -47.721988 0.34448819,
  46.068861 -47.698178 0.34448819,46.068218 -47.698196 0.34448819,
  46.059524 -47.696663 0.34448819,46.011905 -47.696663 0.34448819,
  46.011299 -47.696883 0.34448819,46.002567 -47.698178 0.34448819,
  45.931139 -47.721988 0.34448819,45.929756 -47.723085 0.34448819,
  45.927997 -47.723239 0.34448819,45.919597 -47.729121 0.34448819,
  45.871978 -47.77674 0.34448819,45.871706 -47.777323 0.34448819,
  45.866447 -47.784413 0.34448819,45.862861 -47.791586 0.34448819,
  45.862861 -47.72619 0.34448819,46.417857 -48.24517 0.34448819,
  46.435348 -48.255269 0.34448819,46.45524 -48.251762 0.34448819,
  46.468223 -48.236289 0.34448819,46.470004 -48.22619 0.34448819,
  46.470004 -47.755718 0.34448819,46.583333 -47.755718 0.34448819,
  46.602313 -47.748809 0.34448819,46.612412 -47.731318 0.34448819,
  46.608905 -47.711426 0.34448819,46.593432 -47.698443 0.34448819,
  46.583333 -47.696663 0.34448819,46.297619 -47.696663 0.34448819,
  46.278639 -47.703571 0.34448819,46.26854 -47.721063 0.34448819,
  46.272047 -47.740954 0.34448819,46.28752 -47.753937 0.34448819,
  46.297619 -47.755718 0.34448819,46.410948 -47.755718 0.34448819,
  46.410948 -48.22619 0.34448819,47.294689 -48.175641 0.34448819,
  47.29592 -48.173 0.34448819,47.298278 -48.171289 0.34448819,
  47.302456 -48.161923 0.34448819,47.326265 -48.066685 0.34448819,
  47.326123 -48.065328 0.34448819,47.327146 -48.059524 0.34448819,
  47.327146 -47.892857 0.34448819,47.32668 -47.891575 0.34448819,
  47.326265 -47.885696 0.34448819,47.302456 -47.790457 0.34448819,
  47.300825 -47.788043 0.34448819,47.300571 -47.78514 0.34448819,
  47.294689 -47.77674 0.34448819,47.247069 -47.729121 0.34448819,
  47.246486 -47.728849 0.34448819,47.239396 -47.72359 0.34448819,
  47.191776 -47.69978 0.34448819,47.190023 -47.699578 0.34448819,
  47.18867 -47.698443 0.34448819,47.178571 -47.696663 0.34448819,
  47.083333 -47.696663 0.34448819,47.081674 -47.697267 0.34448819,
  47.079957 -47.696856 0.34448819,47.070128 -47.69978 0.34448819,
  47.022509 -47.72359 0.34448819,47.022067 -47.724057 0.34448819,
  47.014835 -47.729121 0.34448819,46.967216 -47.77674 0.34448819,
  46.965984 -47.779381 0.34448819,46.963626 -47.781092 0.34448819,
  46.959449 -47.790457 0.34448819,46.935639 -47.885696 0.34448819,
  46.935781 -47.887053 0.34448819,46.934758 -47.892857 0.34448819,
  46.934758 -48.055888 0.34448819,46.934758 -48.059524 0.34448819,
  46.935225 -48.060806 0.34448819,46.935639 -48.066685 0.34448819,
  46.959449 -48.161923 0.34448819,46.96108 -48.164338 0.34448819,
  46.961334 -48.167241 0.34448819,46.967216 -48.175641 0.34448819,
  47.014835 -48.22326 0.34448819,47.015419 -48.223532 0.34448819,
  47.022509 -48.228791 0.34448819,47.070128 -48.2526 0.34448819,
  47.071881 -48.252802 0.34448819,47.073234 -48.253937 0.34448819,
  47.083333 -48.255718 0.34448819,47.178571 -48.255718 0.34448819,
  47.18023 -48.255114 0.34448819,47.181947 -48.255524 0.34448819,
  47.191776 -48.2526 0.34448819,47.239395 -48.228791 0.34448819,
  47.239838 -48.228324 0.34448819,47.247069 -48.22326 0.34448819,
  47.268091 -47.896493 0.34448819,47.268091 -48.055888 0.34448819,
  47.247147 -48.139666 0.34448819,47.208699 -48.178113 0.34448819,
  47.171601 -48.196663 0.34448819,47.090304 -48.196663 0.34448819,
  47.053205 -48.178113 0.34448819,47.014757 -48.139666 0.34448819,
  46.993813 -48.055888 0.34448819,46.993813 -47.896493 0.34448819,
  47.014757 -47.812715 0.34448819,47.053205 -47.774267 0.34448819,
  47.090304 -47.755718 0.34448819,47.171601 -47.755718 0.34448819,
  47.208699 -47.774267 0.34448819,47.247147 -47.812715 0.34448819,
  42.19945 -48.175641 0.34448819,42.200682 -48.173 0.34448819,
  42.20304 -48.171289 0.34448819,42.207217 -48.161923 0.34448819,
  42.231027 -48.066685 0.34448819,42.230885 -48.065328 0.34448819,
  42.231908 -48.059524 0.34448819,42.231908 -47.892857 0.34448819,
  42.231441 -47.891575 0.34448819,42.231027 -47.885696 0.34448819,
  42.207217 -47.790457 0.34448819,42.205586 -47.788043 0.34448819,
  42.205332 -47.78514 0.34448819,42.19945 -47.77674 0.34448819,
  42.151831 -47.729121 0.34448819,42.151247 -47.728848 0.34448819,
  42.144157 -47.72359 0.34448819,42.096538 -47.69978 0.34448819,
  42.094785 -47.699578 0.34448819,42.093432 -47.698443 0.34448819,
  42.083333 -47.696663 0.34448819,41.988095 -47.696663 0.34448819,
  41.986436 -47.697267 0.34448819,41.984719 -47.696856 0.34448819,
  41.97489 -47.69978 0.34448819,41.927271 -47.72359 0.34448819,
  41.926828 -47.724058 0.34448819,41.919597 -47.729121 0.34448819,
  41.871978 -47.77674 0.34448819,41.870746 -47.779381 0.34448819,
  41.868388 -47.781092 0.34448819,41.864211 -47.790457 0.34448819,
  41.840401 -47.885696 0.34448819,41.840543 -47.887053 0.34448819,
  41.83952 -47.892857 0.34448819,41.83952 -48.055888 0.34448819,
  41.83952 -48.059524 0.34448819,41.839987 -48.060806 0.34448819,
  41.840401 -48.066685 0.34448819,41.864211 -48.161923 0.34448819,
  41.865842 -48.164338 0.34448819,41.866096 -48.167241 0.34448819,
  41.871978 -48.175641 0.34448819,41.919597 -48.22326 0.34448819,
  41.92018 -48.223532 0.34448819,41.927271 -48.228791 0.34448819,
  41.97489 -48.2526 0.34448819,41.976643 -48.252802 0.34448819,
  41.977996 -48.253937 0.34448819,41.988095 -48.255718 0.34448819,
  42.083333 -48.255718 0.34448819,42.084992 -48.255114 0.34448819,
  42.086709 -48.255524 0.34448819,42.096538 -48.2526 0.34448819,
  42.144157 -48.228791 0.34448819,42.1446 -48.228324 0.34448819,
  42.151831 -48.22326 0.34448819,42.172853 -47.896493 0.34448819,
  42.172853 -48.055888 0.34448819,42.151909 -48.139666 0.34448819,
  42.113461 -48.178113 0.34448819,42.076363 -48.196663 0.34448819,
  41.995065 -48.196663 0.34448819,41.957967 -48.178113 0.34448819,
  41.91952 -48.139666 0.34448819,41.898575 -48.055888 0.34448819,
  41.898575 -47.896493 0.34448819,41.91952 -47.812715 0.34448819,
  41.957967 -47.774267 0.34448819,41.995066 -47.755718 0.34448819,
  42.076363 -47.755718 0.34448819,42.113461 -47.774267 0.34448819,
  42.151909 -47.812715 0.34448819,43.294689 -48.175641 0.34448819,
  43.29592 -48.173 0.34448819,43.298278 -48.171289 0.34448819,
  43.302456 -48.161923 0.34448819,43.326265 -48.066685 0.34448819,
  43.326123 -48.065328 0.34448819,43.327146 -48.059524 0.34448819,
  43.327146 -47.892857 0.34448819,43.32668 -47.891575 0.34448819,
  43.326265 -47.885696 0.34448819,43.302456 -47.790457 0.34448819,
  43.300825 -47.788043 0.34448819,43.300571 -47.78514 0.34448819,
  43.294689 -47.77674 0.34448819,43.247069 -47.729121 0.34448819,
  43.246486 -47.728849 0.34448819,43.239396 -47.72359 0.34448819,
  43.191776 -47.69978 0.34448819,43.190023 -47.699578 0.34448819,
  43.18867 -47.698443 0.34448819,43.178571 -47.696663 0.34448819,
  43.083333 -47.696663 0.34448819,43.081674 -47.697267 0.34448819,
  43.079957 -47.696856 0.34448819,43.070128 -47.69978 0.34448819,
  43.022509 -47.72359 0.34448819,43.022067 -47.724057 0.34448819,
  43.014835 -47.729121 0.34448819,42.967216 -47.77674 0.34448819,
  42.965984 -47.779381 0.34448819,42.963626 -47.781092 0.34448819,
  42.959449 -47.790457 0.34448819,42.935639 -47.885696 0.34448819,
  42.935781 -47.887053 0.34448819,42.934758 -47.892857 0.34448819,
  42.934758 -48.055888 0.34448819,42.934758 -48.059524 0.34448819,
  42.935225 -48.060806 0.34448819,42.935639 -48.066685 0.34448819,
  42.959449 -48.161923 0.34448819,42.96108 -48.164338 0.34448819,
  42.961334 -48.167241 0.34448819,42.967216 -48.175641 0.34448819,
  43.014835 -48.22326 0.34448819,43.015419 -48.223532 0.34448819,
  43.022509 -48.228791 0.34448819,43.070128 -48.2526 0.34448819,
  43.071881 -48.252802 0.34448819,43.073234 -48.253937 0.34448819,
  43.083333 -48.255718 0.34448819,43.178571 -48.255718 0.34448819,
  43.18023 -48.255114 0.34448819,43.181947 -48.255524 0.34448819,
  43.191776 -48.2526 0.34448819,43.239395 -48.228791 0.34448819,
  43.239838 -48.228324 0.34448819,43.247069 -48.22326 0.34448819,
  43.268091 -47.896493 0.34448819,43.268091 -48.055888 0.34448819,
  43.247147 -48.139666 0.34448819,43.208699 -48.178113 0.34448819,
  43.171601 -48.196663 0.34448819,43.090304 -48.196663 0.34448819,
  43.053205 -48.178113 0.34448819,43.014757 -48.139666 0.34448819,
  42.993813 -48.055888 0.34448819,42.993813 -47.896493 0.34448819,
  43.014757 -47.812715 0.34448819,43.053205 -47.774267 0.34448819,
  43.090304 -47.755718 0.34448819,43.171601 -47.755718 0.34448819,
  43.208699 -47.774267 0.34448819,43.247147 -47.812715 0.34448819,
  50.485165 -48.175641 0.34448819,50.485437 -48.175057 0.34448819,
  50.490696 -48.167967 0.34448819,50.514505 -48.120348 0.34448819,
  50.514665 -48.118959 0.34448819,50.516741 -48.114304 0.34448819,
  50.540551 -48.019067 0.34448819,50.540409 -48.017709 0.34448819,
  50.541432 -48.011905 0.34448819,50.541432 -47.940476 0.34448819,
  50.540965 -47.939194 0.34448819,50.540551 -47.933314 0.34448819,
  50.516741 -47.838076 0.34448819,50.515958 -47.836917 0.34448819,
  50.514505 -47.832033 0.34448819,50.490696 -47.784414 0.34448819,
  50.490228 -47.78397 0.34448819,50.485165 -47.77674 0.34448819,
  50.437546 -47.729121 0.34448819,50.435946 -47.728375 0.34448819,
  50.435022 -47.726871 0.34448819,50.426004 -47.721988 0.34448819,
  50.354575 -47.698178 0.34448819,50.353932 -47.698196 0.34448819,
  50.345238 -47.696663 0.34448819,50.22619 -47.696663 0.34448819,
  50.218982 -47.699286 0.34448819,50.211426 -47.700619 0.34448819,
  50.209714 -47.70266 0.34448819,50.20721 -47.703571 0.34448819,
  50.203375 -47.710214 0.34448819,50.198443 -47.716091 0.34448819,
  50.197767 -47.719926 0.34448819,50.197111 -47.721063 0.34448819,
  50.197339 -47.722355 0.34448819,50.196663 -47.72619 0.34448819,
  50.196663 -48.196663 0.34448819,50.196663 -48.22619 0.34448819,
  50.199286 -48.233398 0.34448819,50.200619 -48.240954 0.34448819,
  50.20266 -48.242667 0.34448819,50.203571 -48.24517 0.34448819,
  50.210214 -48.249006 0.34448819,50.216091 -48.253937 0.34448819,
  50.219926 -48.254613 0.34448819,50.221063 -48.255269 0.34448819,
  50.222355 -48.255041 0.34448819,50.22619 -48.255718 0.34448819,
  50.345238 -48.255718 0.34448819,50.345844 -48.255497 0.34448819,
  50.354575 -48.254202 0.34448819,50.426004 -48.230393 0.34448819,
  50.427387 -48.229296 0.34448819,50.429145 -48.229142 0.34448819,
  50.437546 -48.22326 0.34448819,50.482377 -47.944111 0.34448819,
  50.482377 -48.008269 0.34448819,50.460235 -48.096838 0.34448819,
  50.440018 -48.137271 0.34448819,50.400716 -48.176573 0.34448819,
  50.340446 -48.196663 0.34448819,50.255718 -48.196663 0.34448819,
  50.255718 -47.755718 0.34448819,50.340446 -47.755718 0.34448819,
  50.400716 -47.775808 0.34448819,50.440018 -47.81511 0.34448819,
  50.460235 -47.855543 0.34448819,40.895787 -47.77674 0.34448819,
  40.895515 -47.777323 0.34448819,40.890256 -47.784414 0.34448819,
  40.866447 -47.832033 0.34448819,40.866287 -47.833422 0.34448819,
  40.864211 -47.838076 0.34448819,40.840401 -47.933315 0.34448819,
  40.840543 -47.934672 0.34448819,40.83952 -47.940476 0.34448819,
  40.83952 -48.011905 0.34448819,40.839987 -48.013187 0.34448819,
  40.840401 -48.019066 0.34448819,40.864211 -48.114304 0.34448819,
  40.864994 -48.115463 0.34448819,40.866447 -48.120348 0.34448819,
  40.890256 -48.167967 0.34448819,40.890724 -48.168409 0.34448819,
  40.895787 -48.175641 0.34448819,40.943406 -48.22326 0.34448819,
  40.945006 -48.224006 0.34448819,40.94593 -48.22551 0.34448819,
  40.954948 -48.230393 0.34448819,41.026377 -48.254202 0.34448819,
  41.02702 -48.254185 0.34448819,41.035714 -48.255718 0.34448819,
  41.083333 -48.255718 0.34448819,41.083939 -48.255497 0.34448819,
  41.09267 -48.254202 0.34448819,41.164099 -48.230393 0.34448819,
  41.165482 -48.229296 0.34448819,41.167241 -48.229142 0.34448819,
  41.175641 -48.22326 0.34448819,41.19945 -48.19945 0.34448819,
  41.207986 -48.181144 0.34448819,41.202759 -48.161635 0.34448819,
  41.186214 -48.15005 0.34448819,41.166093 -48.15181 0.34448819,
  41.157692 -48.157692 0.34448819,41.138811 -48.176573 0.34448819,
  41.078542 -48.196663 0.34448819,41.040506 -48.196663 0.34448819,
  40.980236 -48.176573 0.34448819,40.940934 -48.137271 0.34448819,
  40.920717 -48.096837 0.34448819,40.898575 -48.008269 0.34448819,
  40.898575 -47.944111 0.34448819,40.920717 -47.855543 0.34448819,
  40.940934 -47.81511 0.34448819,40.980236 -47.775808 0.34448819,
  41.040506 -47.755718 0.34448819,41.078542 -47.755718 0.34448819,
  41.138811 -47.775808 0.34448819,41.157692 -47.794689 0.34448819,
  41.175998 -47.803224 0.34448819,41.195507 -47.797997 0.34448819,
  41.207093 -47.781452 0.34448819,41.205332 -47.761331 0.34448819,
  41.19945 -47.75293 0.34448819,41.175641 -47.729121 0.34448819,
  41.174041 -47.728375 0.34448819,41.173117 -47.726871 0.34448819,
  41.164099 -47.721988 0.34448819,41.09267 -47.698178 0.34448819,
  41.092027 -47.698196 0.34448819,41.083333 -47.696663 0.34448819,
  41.035714 -47.696663 0.34448819,41.035109 -47.696883 0.34448819,
  41.026377 -47.698178 0.34448819,40.954948 -47.721988 0.34448819,
  40.953565 -47.723085 0.34448819,40.951807 -47.723239 0.34448819,
  40.943406 -47.729121 0.34448819,41.651247 -47.728848 0.34448819,
  41.644157 -47.72359 0.34448819,41.596538 -47.69978 0.34448819,
  41.594785 -47.699578 0.34448819,41.593432 -47.698443 0.34448819,
  41.583333 -47.696663 0.34448819,41.392857 -47.696663 0.34448819,
  41.385649 -47.699286 0.34448819,41.378093 -47.700619 0.34448819,
  41.376381 -47.70266 0.34448819,41.373877 -47.703571 0.34448819,
  41.370042 -47.710214 0.34448819,41.36511 -47.716091 0.34448819,
  41.364434 -47.719926 0.34448819,41.363778 -47.721063 0.34448819,
  41.364006 -47.722355 0.34448819,41.36333 -47.72619 0.34448819,
  41.36333 -47.958567 0.34448819,41.36333 -48.22619 0.34448819,
  41.370238 -48.24517 0.34448819,41.38773 -48.255269 0.34448819,
  41.407621 -48.251762 0.34448819,41.420604 -48.236289 0.34448819,
  41.422385 -48.22619 0.34448819,41.422385 -48.017622 0.34448819,
  41.496531 -48.017622 0.34448819,41.654381 -48.243123 0.34448819,
  41.670925 -48.254711 0.34448819,41.691046 -48.252953 0.34448819,
  41.705331 -48.238673 0.34448819,41.707094 -48.218552 0.34448819,
  41.702761 -48.209257 0.34448819,41.568617 -48.017622 0.34448819,
  41.583333 -48.017622 0.34448819,41.584992 -48.017019 0.34448819,
  41.586709 -48.017429 0.34448819,41.596538 -48.014505 0.34448819,
  41.644157 -47.990696 0.34448819,41.6446 -47.990228 0.34448819,
  41.651831 -47.985165 0.34448819,41.675641 -47.961355 0.34448819,
  41.675913 -47.960772 0.34448819,41.681172 -47.953681 0.34448819,
  41.704981 -47.906062 0.34448819,41.705183 -47.904309 0.34448819,
  41.706318 -47.902956 0.34448819,41.708099 -47.892857 0.34448819,
  41.708099 -47.821428 0.34448819,41.707495 -47.819769 0.34448819,
  41.707905 -47.818052 0.34448819,41.704981 -47.808223 0.34448819,
  41.681172 -47.760604 0.34448819,41.680704 -47.760161 0.34448819,
  41.675641 -47.75293 0.34448819,41.651831 -47.729121 0.34448819,
  41.649044 -47.828399 0.34448819,41.649044 -47.885887 0.34448819,
  41.630494 -47.922985 0.34448819,41.613461 -47.940018 0.34448819,
  41.576363 -47.958567 0.34448819,41.422385 -47.958567 0.34448819,
  41.422385 -47.755718 0.34448819,41.576363 -47.755718 0.34448819,
  41.613461 -47.774267 0.34448819,41.630494 -47.7913 0.34448819,
  44.793681 -47.716091 0.34448819,44.791901 -47.72619 0.34448819,
  44.791901 -48.130952 0.34448819,44.792505 -48.132611 0.34448819,
  44.792094 -48.134328 0.34448819,44.795018 -48.144157 0.34448819,
  44.818828 -48.191776 0.34448819,44.819296 -48.19222 0.34448819,
  44.824359 -48.19945 0.34448819,44.848168 -48.22326 0.34448819,
  44.848752 -48.223532 0.34448819,44.855842 -48.228791 0.34448819,
  44.903461 -48.2526 0.34448819,44.905215 -48.252802 0.34448819,
  44.906567 -48.253937 0.34448819,44.916667 -48.255718 0.34448819,
  45.011905 -48.255718 0.34448819,45.013564 -48.255114 0.34448819,
  45.01528 -48.255524 0.34448819,45.02511 -48.2526 0.34448819,
  45.072729 -48.228791 0.34448819,45.073172 -48.228323 0.34448819,
  45.080403 -48.22326 0.34448819,45.104212 -48.19945 0.34448819,
  45.104484 -48.198867 0.34448819,45.109743 -48.191776 0.34448819,
  45.133553 -48.144157 0.34448819,45.133755 -48.142404 0.34448819,
  45.134889 -48.141052 0.34448819,45.13667 -48.130952 0.34448819,
  45.13667 -47.72619 0.34448819,45.129762 -47.70721 0.34448819,
  45.11227 -47.697111 0.34448819,45.092379 -47.700619 0.34448819,
  45.079396 -47.716091 0.34448819,45.077615 -47.72619 0.34448819,
  45.077615 -48.123982 0.34448819,45.059066 -48.16108 0.34448819,
  45.042033 -48.178113 0.34448819,45.004934 -48.196663 0.34448819,
  44.923637 -48.196663 0.34448819,44.886538 -48.178113 0.34448819,
  44.869505 -48.16108 0.34448819,44.850956 -48.123982 0.34448819,
  44.850956 -47.72619 0.34448819,44.844048 -47.70721 0.34448819,
  44.826556 -47.697111 0.34448819,44.806665 -47.700619 0.34448819,
  43.770879 -48.175641 0.34448819,43.771151 -48.175057 0.34448819,
  43.77641 -48.167967 0.34448819,43.80022 -48.120348 0.34448819,
  43.80038 -48.118959 0.34448819,43.802456 -48.114304 0.34448819,
  43.826265 -48.019066 0.34448819,43.826123 -48.017709 0.34448819,
  43.827146 -48.011905 0.34448819,43.827146 -47.940476 0.34448819,
  43.82668 -47.939194 0.34448819,43.826265 -47.933315 0.34448819,
  43.802456 -47.838076 0.34448819,43.801672 -47.836917 0.34448819,
  43.80022 -47.832033 0.34448819,43.77641 -47.784414 0.34448819,
  43.775943 -47.783971 0.34448819,43.770879 -47.77674 0.34448819,
  43.72326 -47.729121 0.34448819,43.72166 -47.728375 0.34448819,
  43.720736 -47.726871 0.34448819,43.711718 -47.721988 0.34448819,
  43.64029 -47.698178 0.34448819,43.639646 -47.698196 0.34448819,
  43.630952 -47.696663 0.34448819,43.511905 -47.696663 0.34448819,
  43.504696 -47.699286 0.34448819,43.497141 -47.700619 0.34448819,
  43.495428 -47.70266 0.34448819,43.492925 -47.703571 0.34448819,
  43.489089 -47.710214 0.34448819,43.484158 -47.716091 0.34448819,
  43.483481 -47.719926 0.34448819,43.482826 -47.721063 0.34448819,
  43.483054 -47.722355 0.34448819,43.482377 -47.72619 0.34448819,
  43.482377 -48.196663 0.34448819,43.482377 -48.22619 0.34448819,
  43.485001 -48.233398 0.34448819,43.486333 -48.240954 0.34448819,
  43.488374 -48.242667 0.34448819,43.489285 -48.24517 0.34448819,
  43.495929 -48.249006 0.34448819,43.501806 -48.253937 0.34448819,
  43.505641 -48.254613 0.34448819,43.506777 -48.255269 0.34448819,
  43.508069 -48.255041 0.34448819,43.511905 -48.255718 0.34448819,
  43.630952 -48.255718 0.34448819,43.631558 -48.255497 0.34448819,
  43.64029 -48.254202 0.34448819,43.711718 -48.230393 0.34448819,
  43.7131 -48.229296 0.34448819,43.714859 -48.229142 0.34448819,
  43.72326 -48.22326 0.34448819,43.768091 -47.944111 0.34448819,
  43.768091 -48.008269 0.34448819,43.745949 -48.096838 0.34448819,
  43.725733 -48.137271 0.34448819,43.68643 -48.176573 0.34448819,
  43.626161 -48.196663 0.34448819,43.541432 -48.196663 0.34448819,
  43.541432 -47.755718 0.34448819,43.626161 -47.755718 0.34448819,
  43.68643 -47.775808 0.34448819,43.725733 -47.81511 0.34448819,
  43.745949 -47.855543 0.34448819,50.017622 -47.72619 0.34448819,
  50.010714 -47.70721 0.34448819,49.993222 -47.697111 0.34448819,
  49.973331 -47.700619 0.34448819,49.960348 -47.716091 0.34448819,
  49.958567 -47.72619 0.34448819,49.958567 -48.115002 0.34448819,
  49.728018 -47.711541 0.34448819,49.725934 -47.709776 0.34448819,
  49.725 -47.70721 0.34448819,49.71841 -47.703405 0.34448819,
  49.712603 -47.698489 0.34448819,49.709873 -47.698476 0.34448819,
  49.707508 -47.697111 0.34448819,49.700015 -47.698432 0.34448819,
  49.692406 -47.698398 0.34448819,49.690306 -47.700144 0.34448819,
  49.687617 -47.700619 0.34448819,49.682726 -47.706448 0.34448819,
  49.676875 -47.711313 0.34448819,49.676389 -47.713999 0.34448819,
  49.674634 -47.716091 0.34448819,49.672853 -47.72619 0.34448819,
  49.672853 -48.22619 0.34448819,49.679761 -48.24517 0.34448819,
  49.697253 -48.255269 0.34448819,49.717144 -48.251762 0.34448819,
  49.730128 -48.236289 0.34448819,49.731908 -48.22619 0.34448819,
  49.731908 -47.837378 0.34448819,49.962458 -48.24084 0.34448819,
  49.964542 -48.242605 0.34448819,49.965476 -48.24517 0.34448819,
  49.972065 -48.248975 0.34448819,49.977872 -48.253892 0.34448819,
  49.980602 -48.253904 0.34448819,49.982967 -48.255269 0.34448819,
  49.990461 -48.253948 0.34448819,49.99807 -48.253982 0.34448819,
  50.00017 -48.252236 0.34448819,50.002859 -48.251762 0.34448819,
  50.00775 -48.245933 0.34448819,50.0136 -48.241068 0.34448819,
  50.014087 -48.238381 0.34448819,50.015842 -48.236289 0.34448819,
  50.017622 -48.22619 0.34448819,49.466813 -48.112861 0.34448819,
  49.507702 -48.235528 0.34448819,49.520257 -48.251349 0.34448819,
  49.540045 -48.255398 0.34448819,49.557807 -48.245781 0.34448819,
  49.565231 -48.226997 0.34448819,49.563726 -48.216853 0.34448819,
  49.397059 -47.716853 0.34448819,49.396531 -47.716187 0.34448819,
  49.396508 -47.715337 0.34448819,49.390311 -47.708348 0.34448819,
  49.384504 -47.701031 0.34448819,49.383671 -47.700861 0.34448819,
  49.383107 -47.700225 0.34448819,49.373868 -47.698855 0.34448819,
  49.364716 -47.696982 0.34448819,49.363968 -47.697387 0.34448819,
  49.363128 -47.697262 0.34448819,49.355168 -47.702152 0.34448819,
  49.346955 -47.7066 0.34448819,49.346643 -47.70739 0.34448819,
  49.345918 -47.707835 0.34448819,49.341035 -47.716853 0.34448819,
  49.228718 -48.053806 0.34448819,49.174369 -48.216853 0.34448819,
  49.17492 -48.237043 0.34448819,49.18832 -48.252156 0.34448819,
  49.2083 -48.255118 0.34448819,49.22551 -48.244545 0.34448819,
  49.230393 -48.235528 0.34448819,49.271282 -48.112861 0.34448819,
  49.447128 -48.053806 0.34448819,49.290967 -48.053806 0.34448819,
  49.369047 -47.819564 0.34448819,51.413152 -47.728848 0.34448819,
  51.406062 -47.72359 0.34448819,51.358443 -47.69978 0.34448819,
  51.356689 -47.699578 0.34448819,51.355337 -47.698443 0.34448819,
  51.345238 -47.696663 0.34448819,51.154762 -47.696663 0.34448819,
  51.147554 -47.699286 0.34448819,51.139998 -47.700619 0.34448819,
  51.138285 -47.70266 0.34448819,51.135782 -47.703571 0.34448819,
  51.131946 -47.710214 0.34448819,51.127015 -47.716091 0.34448819,
  51.126339 -47.719926 0.34448819,51.125683 -47.721063 0.34448819,
  51.125911 -47.722355 0.34448819,51.125234 -47.72619 0.34448819,
  51.125234 -47.958567 0.34448819,51.125234 -48.22619 0.34448819,
  51.132143 -48.24517 0.34448819,51.149634 -48.255269 0.34448819,
  51.169526 -48.251762 0.34448819,51.182509 -48.236289 0.34448819,
  51.184289 -48.22619 0.34448819,51.184289 -48.017622 0.34448819,
  51.258436 -48.017622 0.34448819,51.416286 -48.243123 0.34448819,
  51.43283 -48.254711 0.34448819,51.452951 -48.252953 0.34448819,
  51.467235 -48.238673 0.34448819,51.468999 -48.218552 0.34448819,
  51.464666 -48.209257 0.34448819,51.330522 -48.017622 0.34448819,
  51.345238 -48.017622 0.34448819,51.346897 -48.017019 0.34448819,
  51.348613 -48.017429 0.34448819,51.358443 -48.014505 0.34448819,
  51.406062 -47.990696 0.34448819,51.406504 -47.990228 0.34448819,
  51.413736 -47.985165 0.34448819,51.437546 -47.961355 0.34448819,
  51.437818 -47.960772 0.34448819,51.443077 -47.953681 0.34448819,
  51.466886 -47.906062 0.34448819,51.467088 -47.904309 0.34448819,
  51.468223 -47.902956 0.34448819,51.470004 -47.892857 0.34448819,
  51.470004 -47.821428 0.34448819,51.4694 -47.819769 0.34448819,
  51.46981 -47.818052 0.34448819,51.466886 -47.808223 0.34448819,
  51.443077 -47.760604 0.34448819,51.442609 -47.760161 0.34448819,
  51.437546 -47.75293 0.34448819,51.413736 -47.729121 0.34448819,
  51.410948 -47.828399 0.34448819,51.410948 -47.885887 0.34448819,
  51.392399 -47.922985 0.34448819,51.375366 -47.940018 0.34448819,
  51.338267 -47.958567 0.34448819,51.184289 -47.958567 0.34448819,
  51.184289 -47.755718 0.34448819,51.338267 -47.755718 0.34448819,
  51.375366 -47.774267 0.34448819,51.392399 -47.7913 0.34448819,
  50.919194 -48.112861 0.34448819,50.960083 -48.235528 0.34448819,
  50.972638 -48.251349 0.34448819,50.992426 -48.255398 0.34448819,
  51.010187 -48.245781 0.34448819,51.017611 -48.226996 0.34448819,
  51.016107 -48.216853 0.34448819,50.849441 -47.716853 0.34448819,
  50.848912 -47.716187 0.34448819,50.848889 -47.715337 0.34448819,
  50.842692 -47.708348 0.34448819,50.836885 -47.701031 0.34448819,
  50.836052 -47.700861 0.34448819,50.835488 -47.700225 0.34448819,
  50.826249 -47.698855 0.34448819,50.817097 -47.696982 0.34448819,
  50.816349 -47.697387 0.34448819,50.815509 -47.697262 0.34448819,
  50.807549 -47.702152 0.34448819,50.799336 -47.7066 0.34448819,
  50.799024 -47.70739 0.34448819,50.798299 -47.707835 0.34448819,
  50.793416 -47.716853 0.34448819,50.681099 -48.053806 0.34448819,
  50.62675 -48.216853 0.34448819,50.627301 -48.237043 0.34448819,
  50.640702 -48.252156 0.34448819,50.660681 -48.255118 0.34448819,
  50.677891 -48.244545 0.34448819,50.682774 -48.235528 0.34448819,
  50.723663 -48.112861 0.34448819,50.899509 -48.053806 0.34448819,
  50.743348 -48.053806 0.34448819,50.821428 -47.819564 0.34448819,
  40.684289 -47.72619 0.34448819,40.677381 -47.70721 0.34448819,
  40.659889 -47.697111 0.34448819,40.639998 -47.700619 0.34448819,
  40.627015 -47.716091 0.34448819,40.625234 -47.72619 0.34448819,
  40.625234 -48.22619 0.34448819,40.632143 -48.24517 0.34448819,
  40.649634 -48.255269 0.34448819,40.669526 -48.251762 0.34448819,
  40.682509 -48.236289 0.34448819,40.684289 -48.22619 0.34448819,
  47.827146 -47.72619 0.34448819,47.820238 -47.70721 0.34448819,
  47.802746 -47.697111 0.34448819,47.782855 -47.700619 0.34448819,
  47.769872 -47.716091 0.34448819,47.768091 -47.72619 0.34448819,
  47.768091 -48.115002 0.34448819,47.537542 -47.711541 0.34448819,
  47.535458 -47.709776 0.34448819,47.534524 -47.70721 0.34448819,
  47.527934 -47.703405 0.34448819,47.522127 -47.698489 0.34448819,
  47.519397 -47.698476 0.34448819,47.517032 -47.697111 0.34448819,
  47.509539 -47.698432 0.34448819,47.50193 -47.698398 0.34448819,
  47.49983 -47.700144 0.34448819,47.497141 -47.700619 0.34448819,
  47.49225 -47.706448 0.34448819,47.486399 -47.711313 0.34448819,
  47.485913 -47.713999 0.34448819,47.484158 -47.716091 0.34448819,
  47.482377 -47.72619 0.34448819,47.482377 -48.22619 0.34448819,
  47.489285 -48.24517 0.34448819,47.506777 -48.255269 0.34448819,
  47.526669 -48.251762 0.34448819,47.539652 -48.236289 0.34448819,
  47.541432 -48.22619 0.34448819,47.541432 -47.837378 0.34448819,
  47.771982 -48.24084 0.34448819,47.774066 -48.242605 0.34448819,
  47.775 -48.24517 0.34448819,47.781589 -48.248975 0.34448819,
  47.787396 -48.253892 0.34448819,47.790126 -48.253904 0.34448819,
  47.792491 -48.255269 0.34448819,47.799985 -48.253948 0.34448819,
  47.807594 -48.253982 0.34448819,47.809694 -48.252236 0.34448819,
  47.812383 -48.251762 0.34448819,47.817274 -48.245933 0.34448819,
  47.823124 -48.241068 0.34448819,47.823611 -48.238381 0.34448819,
  47.825366 -48.236289 0.34448819,47.827146 -48.22619 0.34448819,
  40.389909 -47.713704 0.34448819,40.25 -48.013509 0.34448819,
  40.110091 -47.713704 0.34448819,40.107301 -47.710916 0.34448819,
  40.105952 -47.70721 0.34448819,40.100366 -47.703985 0.34448819,
  40.095804 -47.699426 0.34448819,40.091876 -47.699083 0.34448819,
  40.088461 -47.697111 0.34448819,40.082108 -47.698231 0.34448819,
  40.075682 -47.697671 0.34448819,40.072453 -47.699934 0.34448819,
  40.068569 -47.700619 0.34448819,40.064423 -47.70556 0.34448819,
  40.059141 -47.709261 0.34448819,40.058121 -47.71307 0.34448819,
  40.055586 -47.716091 0.34448819,40.053806 -47.72619 0.34448819,
  40.053806 -48.22619 0.34448819,40.060714 -48.24517 0.34448819,
  40.078206 -48.255269 0.34448819,40.098097 -48.251762 0.34448819,
  40.11108 -48.236289 0.34448819,40.112861 -48.22619 0.34448819,
  40.112861 -47.859287 0.34448819,40.223243 -48.09582 0.34448819,
  40.228662 -48.101236 0.34448819,40.233056 -48.107516 0.34448819,
  40.235639 -48.108209 0.34448819,40.237529 -48.110098 0.34448819,
  40.245162 -48.110763 0.34448819,40.252565 -48.112749 0.34448819,
  40.254988 -48.11162 0.34448819,40.25765 -48.111852 0.34448819,
  40.263926 -48.107456 0.34448819,40.270873 -48.104219 0.34448819,
  40.273117 -48.101016 0.34448819,40.274193 -48.100262 0.34448819,
  40.274531 -48.098997 0.34448819,40.276757 -48.09582 0.34448819,
  40.387139 -47.859288 0.34448819,40.387139 -48.22619 0.34448819,
  40.394047 -48.24517 0.34448819,40.411539 -48.255269 0.34448819,
  40.43143 -48.251762 0.34448819,40.444413 -48.236289 0.34448819,
  40.446194 -48.22619 0.34448819,40.446194 -47.72619 0.34448819,
  40.444845 -47.722485 0.34448819,40.44519 -47.718556 0.34448819,
  40.441492 -47.713271 0.34448819,40.439286 -47.70721 0.34448819,
  40.435871 -47.705239 0.34448819,40.43361 -47.702007 0.34448819,
  40.42738 -47.700336 0.34448819,40.421794 -47.697111 0.34448819,
  40.417911 -47.697796 0.34448819,40.414102 -47.696774 0.34448819,
  40.408255 -47.699498 0.34448819,40.401903 -47.700619 0.34448819,
  40.399368 -47.703639 0.34448819,40.395794 -47.705305 0.34448819,
  42.723243 -47.713704 0.34448819,42.583333 -48.013509 0.34448819,
  42.443424 -47.713704 0.34448819,42.440635 -47.710916 0.34448819,
  42.439286 -47.70721 0.34448819,42.433699 -47.703985 0.34448819,
  42.429137 -47.699426 0.34448819,42.42521 -47.699083 0.34448819,
  42.421794 -47.697111 0.34448819,42.415441 -47.698231 0.34448819,
  42.409016 -47.697671 0.34448819,42.405786 -47.699934 0.34448819,
  42.401903 -47.700619 0.34448819,42.397756 -47.70556 0.34448819,
  42.392474 -47.709261 0.34448819,42.391455 -47.71307 0.34448819,
  42.38892 -47.716091 0.34448819,42.387139 -47.72619 0.34448819,
  42.387139 -48.22619 0.34448819,42.394047 -48.24517 0.34448819,
  42.411539 -48.255269 0.34448819,42.43143 -48.251762 0.34448819,
  42.444413 -48.236289 0.34448819,42.446194 -48.22619 0.34448819,
  42.446194 -47.859288 0.34448819,42.556576 -48.09582 0.34448819,
  42.561995 -48.101236 0.34448819,42.566389 -48.107516 0.34448819,
  42.568972 -48.108209 0.34448819,42.570862 -48.110098 0.34448819,
  42.578495 -48.110763 0.34448819,42.585898 -48.112749 0.34448819,
  42.588321 -48.11162 0.34448819,42.590984 -48.111852 0.34448819,
  42.597259 -48.107455 0.34448819,42.604206 -48.104219 0.34448819,
  42.60645 -48.101016 0.34448819,42.607526 -48.100262 0.34448819,
  42.607864 -48.098997 0.34448819,42.610091 -48.09582 0.34448819,
  42.720472 -47.859288 0.34448819,42.720472 -48.22619 0.34448819,
  42.727381 -48.24517 0.34448819,42.744872 -48.255269 0.34448819,
  42.764764 -48.251762 0.34448819,42.777747 -48.236289 0.34448819,
  42.779528 -48.22619 0.34448819,42.779528 -47.72619 0.34448819,
  42.778179 -47.722485 0.34448819,42.778524 -47.718556 0.34448819,
  42.774825 -47.713271 0.34448819,42.772619 -47.70721 0.34448819,
  42.769204 -47.705239 0.34448819,42.766944 -47.702008 0.34448819,
  42.760715 -47.700337 0.34448819,42.755128 -47.697111 0.34448819,
  42.751243 -47.697796 0.34448819,42.747435 -47.696774 0.34448819,
  42.741589 -47.699498 0.34448819,42.735236 -47.700619 0.34448819,
  42.732702 -47.703639 0.34448819,42.729127 -47.705305 0.34448819,
  46.779528 -47.72619 0.34448819,46.772619 -47.70721 0.34448819,
  46.755128 -47.697111 0.34448819,46.735236 -47.700619 0.34448819,
  46.722253 -47.716091 0.34448819,46.720472 -47.72619 0.34448819,
  46.720472 -48.22619 0.34448819,46.727381 -48.24517 0.34448819,
  46.744872 -48.255269 0.34448819,46.764764 -48.251762 0.34448819,
  46.777747 -48.236289 0.34448819,46.779528 -48.22619 0.34448819,
  47.527953 -46.568898 0.34448819,47.512205 -46.568898 0.34448819,
  47.512205 -46.584646 0.34448819,47.512205 -46.600394 0.34448819,
  47.512205 -46.616142 0.34448819,47.512205 -46.63189 0.34448819,
  47.512205 -46.647638 0.34448819,47.512205 -46.663386 0.34448819,
  47.512205 -46.679134 0.34448819,47.512205 -46.694882 0.34448819,
  47.512205 -46.71063 0.34448819,47.512205 -46.726378 0.34448819,
  47.512205 -46.742126 0.34448819,47.512205 -46.757874 0.34448819,
  47.512205 -46.773622 0.34448819,47.512205 -46.78937 0.34448819,
  47.512205 -46.805118 0.34448819,47.512205 -46.820866 0.34448819,
  47.512205 -46.836614 0.34448819,47.512205 -46.852362 0.34448819,
  47.512205 -46.86811 0.34448819,47.512205 -46.883858 0.34448819,
  47.512205 -46.899606 0.34448819,47.512205 -46.915354 0.34448819,
  47.512205 -46.931102 0.34448819,47.512205 -46.94685 0.34448819,
  47.527953 -46.94685 0.34448819,47.527953 -46.962598 0.34448819,
  47.827165 -46.962598 0.34448819,47.827165 -46.94685 0.34448819,
  47.842913 -46.94685 0.34448819,47.842913 -46.931102 0.34448819,
  47.842913 -46.915354 0.34448819,47.842913 -46.899606 0.34448819,
  47.842913 -46.883858 0.34448819,47.842913 -46.86811 0.34448819,
  47.811417 -46.86811 0.34448819,47.811417 -46.852362 0.34448819,
  47.622441 -46.852362 0.34448819,47.622441 -46.836614 0.34448819,
  47.622441 -46.820866 0.34448819,47.622441 -46.805118 0.34448819,
  47.764173 -46.805118 0.34448819,47.764173 -46.78937 0.34448819,
  47.779921 -46.78937 0.34448819,47.779921 -46.773622 0.34448819,
  47.779921 -46.757874 0.34448819,47.779921 -46.742126 0.34448819,
  47.779921 -46.726378 0.34448819,47.779921 -46.71063 0.34448819,
  47.748425 -46.71063 0.34448819,47.748425 -46.694882 0.34448819,
  47.622441 -46.694882 0.34448819,47.622441 -46.679134 0.34448819,
  47.622441 -46.663386 0.34448819,47.622441 -46.647638 0.34448819,
  47.827165 -46.647638 0.34448819,47.827165 -46.63189 0.34448819,
  47.842913 -46.63189 0.34448819,47.842913 -46.616142 0.34448819,
  47.842913 -46.600394 0.34448819,47.842913 -46.584646 0.34448819,
  47.842913 -46.568898 0.34448819,47.842913 -46.55315 0.34448819,
  47.811417 -46.55315 0.34448819,47.811417 -46.537402 0.34448819,
  47.559449 -46.537402 0.34448819,47.559449 -46.55315 0.34448819,
  47.527953 -46.55315 0.34448819] }
 coordIndex [
  7,8,9,-1,7,9,10,-1,7,10,11,-1,7,11,6,-1,5,6,11,-1,5,11,18,-1,5,18,0,-1,5,0,1,-1,
  5,1,2,-1,5,2,3,-1,5,3,4,-1,12,13,16,-1,12,16,17,-1,12,17,18,-1,12,18,11,-1,13,14,15,-1,
  13,15,16,-1,108,109,25,-1,25,109,20,-1,25,20,23,-1,23,20,21,-1,23,21,22,-1,95,89,94,-1,94,89,90,-1,
  94,90,93,-1,93,90,91,-1,93,91,92,-1,87,88,97,-1,97,88,89,-1,97,89,96,-1,96,89,95,-1,87,97,98,-1,
  87,98,99,-1,87,99,100,-1,87,100,101,-1,87,101,86,-1,85,86,101,-1,85,101,102,-1,85,102,103,-1,85,103,84,-1,
  83,84,30,-1,30,84,104,-1,30,104,29,-1,29,104,105,-1,29,105,28,-1,28,105,106,-1,28,106,27,-1,27,106,107,-1,
  27,107,26,-1,26,107,108,-1,26,108,25,-1,36,37,76,-1,76,37,38,-1,76,38,75,-1,75,38,59,-1,75,59,74,-1,
  74,59,60,-1,74,60,73,-1,73,60,61,-1,73,61,72,-1,72,61,62,-1,72,62,71,-1,71,62,63,-1,71,63,70,-1,
  70,63,64,-1,70,64,68,-1,68,64,65,-1,68,65,66,-1,36,76,77,-1,36,77,78,-1,36,78,79,-1,36,79,35,-1,
  80,81,32,-1,80,32,33,-1,80,33,34,-1,80,34,35,-1,80,35,79,-1,82,83,31,-1,82,31,32,-1,82,32,81,-1,
  39,40,57,-1,39,57,58,-1,39,58,59,-1,39,59,38,-1,41,42,53,-1,41,53,54,-1,41,54,55,-1,41,55,56,-1,
  41,56,57,-1,41,57,40,-1,43,44,50,-1,43,50,51,-1,43,51,52,-1,43,52,53,-1,43,53,42,-1,50,44,49,-1,
  49,44,45,-1,49,45,48,-1,48,45,46,-1,48,46,47,-1,121,110,111,-1,121,111,112,-1,121,112,113,-1,121,113,120,-1,
  114,115,118,-1,114,118,119,-1,114,119,120,-1,114,120,113,-1,115,116,117,-1,115,117,118,-1,152,153,127,-1,127,153,122,-1,
  127,122,124,-1,124,122,123,-1,142,143,144,-1,142,144,145,-1,142,145,146,-1,142,146,141,-1,140,141,146,-1,140,146,147,-1,
  140,147,129,-1,140,129,130,-1,140,130,131,-1,140,131,132,-1,140,132,139,-1,128,129,147,-1,128,147,148,-1,128,148,149,-1,
  128,149,150,-1,128,150,151,-1,128,151,127,-1,125,126,127,-1,125,127,124,-1,134,135,136,-1,134,136,137,-1,134,137,138,-1,
  134,138,133,-1,139,132,133,-1,139,133,138,-1,165,154,155,-1,165,155,156,-1,165,156,157,-1,165,157,164,-1,158,159,162,-1,
  158,162,163,-1,158,163,164,-1,158,164,157,-1,159,160,161,-1,159,161,162,-1,171,172,178,-1,178,172,173,-1,178,173,177,-1,
  177,173,174,-1,177,174,176,-1,176,174,175,-1,221,166,183,-1,183,166,167,-1,183,167,182,-1,182,167,168,-1,182,168,181,-1,
  181,168,169,-1,181,169,180,-1,180,169,170,-1,180,170,179,-1,179,170,171,-1,179,171,178,-1,183,184,231,-1,183,231,232,-1,
  183,232,221,-1,231,184,185,-1,231,185,186,-1,231,186,187,-1,231,187,230,-1,230,187,188,-1,230,188,189,-1,230,189,190,-1,
  230,190,229,-1,229,190,228,-1,228,190,191,-1,228,191,227,-1,227,191,213,-1,227,213,214,-1,196,197,204,-1,204,197,198,-1,
  204,198,200,-1,200,198,199,-1,166,221,222,-1,166,222,223,-1,166,223,224,-1,166,224,220,-1,224,225,217,-1,224,217,218,-1,
  224,218,219,-1,224,219,220,-1,225,226,214,-1,225,214,215,-1,225,215,216,-1,225,216,217,-1,191,192,210,-1,191,210,211,-1,
  191,211,212,-1,191,212,213,-1,210,192,209,-1,209,192,193,-1,209,193,208,-1,208,193,194,-1,208,194,195,-1,205,206,196,-1,
  196,206,207,-1,196,207,195,-1,195,207,208,-1,204,200,201,-1,204,201,202,-1,204,202,203,-1,233,234,241,-1,233,241,242,-1,
  233,242,243,-1,233,243,244,-1,233,244,363,-1,233,363,261,-1,261,363,364,-1,261,364,365,-1,261,365,366,-1,261,366,260,-1,
  259,260,366,-1,259,366,367,-1,259,367,368,-1,259,368,369,-1,259,369,258,-1,258,369,370,-1,258,370,371,-1,258,371,372,-1,
  258,372,373,-1,258,373,257,-1,326,254,374,-1,374,254,255,-1,374,255,373,-1,373,255,256,-1,373,256,257,-1,244,245,342,-1,
  244,342,358,-1,244,358,359,-1,244,359,360,-1,244,360,361,-1,244,361,362,-1,244,362,363,-1,236,238,235,-1,235,238,239,-1,
  235,239,234,-1,234,239,240,-1,234,240,241,-1,309,310,275,-1,275,310,311,-1,275,311,274,-1,274,311,272,-1,274,272,273,-1,
  378,262,377,-1,377,262,324,-1,377,324,376,-1,376,324,325,-1,376,325,375,-1,375,325,326,-1,375,326,374,-1,346,347,342,-1,
  346,342,344,-1,346,344,345,-1,386,387,388,-1,386,388,389,-1,386,389,390,-1,386,390,385,-1,384,385,390,-1,384,390,397,-1,
  384,397,379,-1,384,379,380,-1,384,380,381,-1,384,381,382,-1,384,382,383,-1,391,392,395,-1,391,395,396,-1,391,396,397,-1,
  391,397,390,-1,392,393,394,-1,392,394,395,-1,337,338,339,-1,337,339,340,-1,337,340,341,-1,337,341,336,-1,342,245,246,-1,
  342,246,247,-1,342,247,336,-1,342,336,341,-1,342,347,348,-1,342,348,349,-1,342,349,350,-1,342,350,351,-1,342,351,352,-1,
  342,352,353,-1,342,353,354,-1,342,354,355,-1,342,355,356,-1,342,356,357,-1,342,357,358,-1,332,333,250,-1,250,333,334,-1,
  250,334,249,-1,249,334,335,-1,249,335,248,-1,248,335,336,-1,248,336,247,-1,329,330,251,-1,251,330,331,-1,251,331,250,-1,
  250,331,332,-1,251,252,327,-1,251,327,328,-1,251,328,329,-1,327,252,253,-1,327,253,254,-1,327,254,326,-1,321,322,263,-1,
  263,322,323,-1,263,323,262,-1,262,323,324,-1,263,264,319,-1,263,319,320,-1,263,320,321,-1,319,264,265,-1,319,265,266,-1,
  319,266,267,-1,319,267,268,-1,319,268,269,-1,319,269,318,-1,269,270,315,-1,269,315,316,-1,269,316,317,-1,269,317,318,-1,
  270,271,312,-1,270,312,313,-1,270,313,314,-1,270,314,315,-1,272,311,312,-1,272,312,271,-1,305,306,276,-1,276,306,307,-1,
  276,307,275,-1,275,307,308,-1,275,308,309,-1,276,277,303,-1,276,303,304,-1,276,304,305,-1,277,278,303,-1,303,278,279,-1,
  303,279,302,-1,302,279,280,-1,302,280,300,-1,300,280,281,-1,300,281,282,-1,283,284,299,-1,283,299,300,-1,283,300,282,-1,
  299,284,285,-1,299,285,286,-1,299,286,287,-1,299,287,298,-1,298,287,288,-1,298,288,289,-1,298,289,290,-1,298,290,291,-1,
  298,291,297,-1,297,291,292,-1,297,292,293,-1,297,293,294,-1,297,294,295,-1,297,295,296,-1,406,407,405,-1,405,407,408,-1,
  405,408,404,-1,404,408,409,-1,404,409,402,-1,402,409,410,-1,402,410,411,-1,456,399,412,-1,412,399,400,-1,412,400,411,-1,
  411,400,401,-1,411,401,402,-1,471,456,412,-1,471,412,413,-1,471,413,414,-1,471,414,415,-1,471,415,470,-1,470,415,416,-1,
  470,416,417,-1,470,417,418,-1,470,418,419,-1,470,419,469,-1,468,469,419,-1,468,419,420,-1,468,420,421,-1,468,421,422,-1,
  468,422,423,-1,468,423,467,-1,467,423,424,-1,467,424,425,-1,467,425,426,-1,467,426,466,-1,466,426,465,-1,465,426,427,-1,
  465,427,464,-1,464,427,441,-1,464,441,442,-1,436,437,432,-1,432,437,438,-1,432,438,430,-1,430,438,439,-1,430,439,429,-1,
  429,439,440,-1,429,440,441,-1,436,432,433,-1,436,433,434,-1,436,434,435,-1,454,455,458,-1,458,455,399,-1,458,399,457,-1,
  457,399,456,-1,451,452,459,-1,459,452,453,-1,459,453,458,-1,458,453,454,-1,459,460,449,-1,459,449,450,-1,459,450,451,-1,
  461,462,445,-1,461,445,446,-1,461,446,447,-1,461,447,448,-1,461,448,449,-1,461,449,460,-1,462,463,442,-1,462,442,443,-1,
  462,443,444,-1,462,444,445,-1,428,429,441,-1,428,441,427,-1,479,480,478,-1,478,480,481,-1,478,481,477,-1,477,481,482,-1,
  477,482,475,-1,475,482,483,-1,475,483,484,-1,529,472,485,-1,485,472,473,-1,485,473,484,-1,484,473,474,-1,484,474,475,-1,
  544,529,485,-1,544,485,486,-1,544,486,487,-1,544,487,488,-1,544,488,543,-1,543,488,489,-1,543,489,490,-1,543,490,491,-1,
  543,491,492,-1,543,492,542,-1,541,542,492,-1,541,492,493,-1,541,493,494,-1,541,494,495,-1,541,495,496,-1,541,496,540,-1,
  540,496,497,-1,540,497,498,-1,540,498,499,-1,540,499,539,-1,539,499,538,-1,538,499,500,-1,538,500,537,-1,537,500,514,-1,
  537,514,515,-1,509,510,505,-1,505,510,511,-1,505,511,503,-1,503,511,512,-1,503,512,502,-1,502,512,513,-1,502,513,514,-1,
  509,505,506,-1,509,506,507,-1,509,507,508,-1,527,528,531,-1,531,528,472,-1,531,472,530,-1,530,472,529,-1,524,525,532,-1,
  532,525,526,-1,532,526,531,-1,531,526,527,-1,532,533,522,-1,532,522,523,-1,532,523,524,-1,534,535,518,-1,534,518,519,-1,
  534,519,520,-1,534,520,521,-1,534,521,522,-1,534,522,533,-1,535,536,515,-1,535,515,516,-1,535,516,517,-1,535,517,518,-1,
  501,502,514,-1,501,514,500,-1,552,553,551,-1,551,553,554,-1,551,554,550,-1,550,554,555,-1,550,555,548,-1,548,555,556,-1,
  548,556,557,-1,602,545,558,-1,558,545,546,-1,558,546,557,-1,557,546,547,-1,557,547,548,-1,617,602,558,-1,617,558,559,-1,
  617,559,560,-1,617,560,561,-1,617,561,616,-1,616,561,562,-1,616,562,563,-1,616,563,564,-1,616,564,565,-1,616,565,615,-1,
  614,615,565,-1,614,565,566,-1,614,566,567,-1,614,567,568,-1,614,568,569,-1,614,569,613,-1,613,569,570,-1,613,570,571,-1,
  613,571,572,-1,613,572,612,-1,612,572,611,-1,611,572,573,-1,611,573,610,-1,610,573,587,-1,610,587,588,-1,582,583,578,-1,
  578,583,584,-1,578,584,576,-1,576,584,585,-1,576,585,575,-1,575,585,586,-1,575,586,587,-1,582,578,579,-1,582,579,580,-1,
  582,580,581,-1,600,601,604,-1,604,601,545,-1,604,545,603,-1,603,545,602,-1,597,598,605,-1,605,598,599,-1,605,599,604,-1,
  604,599,600,-1,605,606,595,-1,605,595,596,-1,605,596,597,-1,607,608,591,-1,607,591,592,-1,607,592,593,-1,607,593,594,-1,
  607,594,595,-1,607,595,606,-1,608,609,588,-1,608,588,589,-1,608,589,590,-1,608,590,591,-1,574,575,587,-1,574,587,573,-1,
  623,624,630,-1,630,624,625,-1,630,625,629,-1,629,625,626,-1,629,626,628,-1,628,626,627,-1,673,618,635,-1,635,618,619,-1,
  635,619,634,-1,634,619,620,-1,634,620,633,-1,633,620,621,-1,633,621,632,-1,632,621,622,-1,632,622,631,-1,631,622,623,-1,
  631,623,630,-1,635,636,683,-1,635,683,684,-1,635,684,673,-1,683,636,637,-1,683,637,638,-1,683,638,639,-1,683,639,682,-1,
  682,639,640,-1,682,640,641,-1,682,641,642,-1,682,642,681,-1,681,642,680,-1,680,642,643,-1,680,643,679,-1,679,643,665,-1,
  679,665,666,-1,648,649,656,-1,656,649,650,-1,656,650,652,-1,652,650,651,-1,618,673,674,-1,618,674,675,-1,618,675,676,-1,
  618,676,672,-1,676,677,669,-1,676,669,670,-1,676,670,671,-1,676,671,672,-1,677,678,666,-1,677,666,667,-1,677,667,668,-1,
  677,668,669,-1,643,644,662,-1,643,662,663,-1,643,663,664,-1,643,664,665,-1,662,644,661,-1,661,644,645,-1,661,645,660,-1,
  660,645,646,-1,660,646,647,-1,657,658,648,-1,648,658,659,-1,648,659,647,-1,647,659,660,-1,656,652,653,-1,656,653,654,-1,
  656,654,655,-1,742,743,738,-1,742,738,739,-1,742,739,740,-1,742,740,741,-1,738,743,744,-1,738,744,745,-1,738,745,746,-1,
  738,746,737,-1,736,737,746,-1,736,746,747,-1,736,747,748,-1,736,748,749,-1,736,749,735,-1,734,735,749,-1,734,749,750,-1,
  734,750,751,-1,734,751,752,-1,734,752,733,-1,733,752,753,-1,733,753,754,-1,733,754,755,-1,733,755,756,-1,733,756,732,-1,
  702,729,685,-1,685,729,730,-1,685,730,756,-1,756,730,731,-1,756,731,732,-1,768,769,776,-1,776,769,770,-1,776,770,772,-1,
  772,770,771,-1,820,821,758,-1,758,821,812,-1,758,812,757,-1,757,812,796,-1,757,796,811,-1,811,796,797,-1,811,797,810,-1,
  810,797,798,-1,810,798,809,-1,809,798,799,-1,809,799,808,-1,808,799,800,-1,808,800,807,-1,807,800,801,-1,807,801,805,-1,
  805,801,802,-1,805,802,803,-1,820,758,759,-1,820,759,760,-1,820,760,761,-1,820,761,762,-1,820,762,819,-1,818,819,762,-1,
  818,762,763,-1,818,763,778,-1,818,778,779,-1,818,779,780,-1,818,780,781,-1,818,781,817,-1,777,778,763,-1,777,763,764,-1,
  777,764,765,-1,777,765,766,-1,777,766,767,-1,777,767,776,-1,776,772,773,-1,776,773,774,-1,776,774,775,-1,813,814,794,-1,
  813,794,795,-1,813,795,796,-1,813,796,812,-1,815,816,790,-1,815,790,791,-1,815,791,792,-1,815,792,793,-1,815,793,794,-1,
  815,794,814,-1,789,790,816,-1,789,816,782,-1,789,782,783,-1,789,783,788,-1,817,781,782,-1,817,782,816,-1,788,783,784,-1,
  788,784,785,-1,788,785,786,-1,788,786,787,-1,715,716,720,-1,720,716,717,-1,720,717,719,-1,719,717,718,-1,721,722,713,-1,
  721,713,714,-1,721,714,715,-1,721,715,720,-1,723,724,710,-1,723,710,711,-1,723,711,712,-1,723,712,713,-1,723,713,722,-1,
  725,726,707,-1,725,707,708,-1,725,708,709,-1,725,709,710,-1,725,710,724,-1,726,727,703,-1,726,703,704,-1,726,704,705,-1,
  726,705,706,-1,726,706,707,-1,703,727,728,-1,703,728,729,-1,703,729,702,-1,695,696,692,-1,692,696,697,-1,692,697,690,-1,
  690,697,698,-1,690,698,689,-1,689,698,699,-1,689,699,688,-1,688,699,700,-1,688,700,687,-1,687,700,701,-1,687,701,686,-1,
  686,701,702,-1,686,702,685,-1,693,694,695,-1,693,695,692,-1,823,825,822,-1,822,825,827,-1,822,827,869,-1,869,827,828,-1,
  869,828,868,-1,868,828,829,-1,868,829,830,-1,862,863,834,-1,834,863,864,-1,834,864,833,-1,833,864,865,-1,833,865,832,-1,
  832,865,866,-1,832,866,831,-1,831,866,867,-1,831,867,868,-1,852,853,848,-1,852,848,849,-1,852,849,850,-1,852,850,851,-1,
  854,855,845,-1,854,845,846,-1,854,846,847,-1,854,847,848,-1,854,848,853,-1,844,845,855,-1,844,855,856,-1,844,856,857,-1,
  844,857,858,-1,844,858,843,-1,842,843,858,-1,842,858,859,-1,842,859,860,-1,842,860,841,-1,860,861,838,-1,860,838,839,-1,
  860,839,840,-1,860,840,841,-1,862,834,835,-1,862,835,836,-1,862,836,837,-1,862,837,838,-1,862,838,861,-1,875,876,882,-1,
  882,876,877,-1,882,877,881,-1,881,877,878,-1,881,878,880,-1,880,878,879,-1,925,870,887,-1,887,870,871,-1,887,871,886,-1,
  886,871,872,-1,886,872,885,-1,885,872,873,-1,885,873,884,-1,884,873,874,-1,884,874,883,-1,883,874,875,-1,883,875,882,-1,
  887,888,935,-1,887,935,936,-1,887,936,925,-1,935,888,889,-1,935,889,890,-1,935,890,891,-1,935,891,934,-1,934,891,892,-1,
  934,892,893,-1,934,893,894,-1,934,894,933,-1,933,894,932,-1,932,894,895,-1,932,895,931,-1,931,895,917,-1,931,917,918,-1,
  900,901,908,-1,908,901,902,-1,908,902,904,-1,904,902,903,-1,870,925,926,-1,870,926,927,-1,870,927,928,-1,870,928,924,-1,
  928,929,921,-1,928,921,922,-1,928,922,923,-1,928,923,924,-1,929,930,918,-1,929,918,919,-1,929,919,920,-1,929,920,921,-1,
  895,896,914,-1,895,914,915,-1,895,915,916,-1,895,916,917,-1,914,896,913,-1,913,896,897,-1,913,897,912,-1,912,897,898,-1,
  912,898,899,-1,909,910,900,-1,900,910,911,-1,900,911,899,-1,899,911,912,-1,908,904,905,-1,908,905,906,-1,908,906,907,-1,
  937,938,979,-1,937,979,980,-1,937,980,981,-1,937,981,982,-1,938,939,975,-1,938,975,976,-1,938,976,977,-1,938,977,978,-1,
  938,978,979,-1,939,940,971,-1,939,971,972,-1,939,972,973,-1,939,973,974,-1,939,974,975,-1,940,941,967,-1,940,967,968,-1,
  940,968,969,-1,940,969,970,-1,940,970,971,-1,941,942,967,-1,967,942,943,-1,967,943,966,-1,966,943,944,-1,966,944,964,-1,
  964,944,945,-1,964,945,946,-1,947,948,963,-1,947,963,964,-1,947,964,946,-1,963,948,949,-1,963,949,950,-1,963,950,951,-1,
  963,951,962,-1,962,951,952,-1,962,952,953,-1,962,953,954,-1,962,954,955,-1,962,955,961,-1,961,955,956,-1,961,956,957,-1,
  961,957,958,-1,961,958,959,-1,961,959,960,-1,989,990,1014,-1,989,1014,983,-1,989,983,984,-1,989,984,985,-1,989,985,986,-1,
  989,986,987,-1,989,987,988,-1,1014,990,991,-1,1014,991,993,-1,1014,993,994,-1,1014,994,995,-1,1014,995,996,-1,1014,996,997,-1,
  1014,997,1016,-1,1016,997,998,-1,1016,998,999,-1,1016,999,1000,-1,1016,1000,1001,-1,1016,1001,1002,-1,1016,1002,1003,-1,1016,1003,1004,-1,
  1016,1004,1005,-1,1016,1005,1015,-1,1010,1011,1006,-1,1006,1011,1012,-1,1006,1012,1005,-1,1005,1012,1013,-1,1005,1013,1015,-1,1015,1013,983,-1,
  1015,983,1014,-1,1006,1007,1008,-1,1006,1008,1009,-1,1006,1009,1010,-1,1028,1029,1036,-1,1036,1029,1030,-1,1036,1030,1032,-1,1032,1030,1031,-1,
  1080,1081,1018,-1,1018,1081,1072,-1,1018,1072,1017,-1,1017,1072,1056,-1,1017,1056,1071,-1,1071,1056,1057,-1,1071,1057,1070,-1,1070,1057,1058,-1,
  1070,1058,1069,-1,1069,1058,1059,-1,1069,1059,1068,-1,1068,1059,1060,-1,1068,1060,1067,-1,1067,1060,1061,-1,1067,1061,1065,-1,1065,1061,1062,-1,
  1065,1062,1063,-1,1080,1018,1019,-1,1080,1019,1020,-1,1080,1020,1021,-1,1080,1021,1022,-1,1080,1022,1079,-1,1078,1079,1022,-1,1078,1022,1023,-1,
  1078,1023,1038,-1,1078,1038,1039,-1,1078,1039,1040,-1,1078,1040,1041,-1,1078,1041,1077,-1,1037,1038,1023,-1,1037,1023,1024,-1,1037,1024,1025,-1,
  1037,1025,1026,-1,1037,1026,1027,-1,1037,1027,1036,-1,1036,1032,1033,-1,1036,1033,1034,-1,1036,1034,1035,-1,1073,1074,1054,-1,1073,1054,1055,-1,
  1073,1055,1056,-1,1073,1056,1072,-1,1075,1076,1050,-1,1075,1050,1051,-1,1075,1051,1052,-1,1075,1052,1053,-1,1075,1053,1054,-1,1075,1054,1074,-1,
  1049,1050,1076,-1,1049,1076,1042,-1,1049,1042,1043,-1,1049,1043,1048,-1,1077,1041,1042,-1,1077,1042,1076,-1,1048,1043,1044,-1,1048,1044,1045,-1,
  1048,1045,1046,-1,1048,1046,1047,-1,1088,1089,1113,-1,1088,1113,1082,-1,1088,1082,1083,-1,1088,1083,1084,-1,1088,1084,1085,-1,1088,1085,1086,-1,
  1088,1086,1087,-1,1113,1089,1090,-1,1113,1090,1092,-1,1113,1092,1093,-1,1113,1093,1094,-1,1113,1094,1095,-1,1113,1095,1096,-1,1113,1096,1115,-1,
  1115,1096,1097,-1,1115,1097,1098,-1,1115,1098,1099,-1,1115,1099,1100,-1,1115,1100,1101,-1,1115,1101,1102,-1,1115,1102,1103,-1,1115,1103,1104,-1,
  1115,1104,1114,-1,1109,1110,1105,-1,1105,1110,1111,-1,1105,1111,1104,-1,1104,1111,1112,-1,1104,1112,1114,-1,1114,1112,1082,-1,1114,1082,1113,-1,
  1105,1106,1107,-1,1105,1107,1108,-1,1105,1108,1109,-1,1127,1116,1126,-1,1126,1116,1117,-1,1126,1117,1125,-1,1125,1117,1118,-1,1125,1118,1124,-1,
  1124,1118,1119,-1,1124,1119,1123,-1,1123,1119,1120,-1,1123,1120,1121,-1,1128,1129,1170,-1,1128,1170,1171,-1,1128,1171,1172,-1,1128,1172,1173,-1,
  1129,1130,1166,-1,1129,1166,1167,-1,1129,1167,1168,-1,1129,1168,1169,-1,1129,1169,1170,-1,1130,1131,1162,-1,1130,1162,1163,-1,1130,1163,1164,-1,
  1130,1164,1165,-1,1130,1165,1166,-1,1131,1132,1158,-1,1131,1158,1159,-1,1131,1159,1160,-1,1131,1160,1161,-1,1131,1161,1162,-1,1132,1133,1158,-1,
  1158,1133,1134,-1,1158,1134,1157,-1,1157,1134,1135,-1,1157,1135,1155,-1,1155,1135,1136,-1,1155,1136,1137,-1,1138,1139,1154,-1,1138,1154,1155,-1,
  1138,1155,1137,-1,1154,1139,1140,-1,1154,1140,1141,-1,1154,1141,1142,-1,1154,1142,1153,-1,1153,1142,1143,-1,1153,1143,1144,-1,1153,1144,1145,-1,
  1153,1145,1146,-1,1153,1146,1152,-1,1152,1146,1147,-1,1152,1147,1148,-1,1152,1148,1149,-1,1152,1149,1150,-1,1152,1150,1151,-1,1174,1175,1205,-1,
  1174,1205,1206,-1,1174,1206,1207,-1,1174,1207,1208,-1,1174,1208,1209,-1,1174,1209,1210,-1,1174,1210,1212,-1,1174,1212,1213,-1,1174,1213,1214,-1,
  1174,1214,1216,-1,1174,1216,1235,-1,1175,1176,1198,-1,1175,1198,1199,-1,1175,1199,1200,-1,1175,1200,1201,-1,1175,1201,1202,-1,1175,1202,1203,-1,
  1175,1203,1204,-1,1175,1204,1205,-1,1196,1197,1198,-1,1196,1198,1176,-1,1196,1176,1177,-1,1196,1177,1178,-1,1196,1178,1179,-1,1196,1179,1195,-1,
  1195,1179,1180,-1,1195,1180,1181,-1,1195,1181,1182,-1,1195,1182,1183,-1,1195,1183,1194,-1,1194,1183,1184,-1,1194,1184,1185,-1,1194,1185,1186,-1,
  1194,1186,1187,-1,1194,1187,1193,-1,1193,1187,1188,-1,1193,1188,1189,-1,1193,1189,1190,-1,1193,1190,1191,-1,1193,1191,1192,-1,1222,1223,1224,-1,
  1222,1224,1219,-1,1222,1219,1220,-1,1222,1220,1221,-1,1219,1224,1225,-1,1219,1225,1226,-1,1219,1226,1227,-1,1219,1227,1218,-1,1218,1227,1228,-1,
  1218,1228,1229,-1,1218,1229,1230,-1,1218,1230,1231,-1,1218,1231,1217,-1,1217,1231,1232,-1,1217,1232,1233,-1,1217,1233,1234,-1,1217,1234,1235,-1,
  1217,1235,1216,-1,1236,1237,1267,-1,1236,1267,1268,-1,1236,1268,1269,-1,1236,1269,1270,-1,1236,1270,1271,-1,1236,1271,1272,-1,1236,1272,1274,-1,
  1236,1274,1275,-1,1236,1275,1276,-1,1236,1276,1278,-1,1236,1278,1297,-1,1237,1238,1260,-1,1237,1260,1261,-1,1237,1261,1262,-1,1237,1262,1263,-1,
  1237,1263,1264,-1,1237,1264,1265,-1,1237,1265,1266,-1,1237,1266,1267,-1,1258,1259,1260,-1,1258,1260,1238,-1,1258,1238,1239,-1,1258,1239,1240,-1,
  1258,1240,1241,-1,1258,1241,1257,-1,1257,1241,1242,-1,1257,1242,1243,-1,1257,1243,1244,-1,1257,1244,1245,-1,1257,1245,1256,-1,1256,1245,1246,-1,
  1256,1246,1247,-1,1256,1247,1248,-1,1256,1248,1249,-1,1256,1249,1255,-1,1255,1249,1250,-1,1255,1250,1251,-1,1255,1251,1252,-1,1255,1252,1253,-1,
  1255,1253,1254,-1,1284,1285,1286,-1,1284,1286,1281,-1,1284,1281,1282,-1,1284,1282,1283,-1,1281,1286,1287,-1,1281,1287,1288,-1,1281,1288,1289,-1,
  1281,1289,1280,-1,1280,1289,1290,-1,1280,1290,1291,-1,1280,1291,1292,-1,1280,1292,1293,-1,1280,1293,1279,-1,1279,1293,1294,-1,1279,1294,1295,-1,
  1279,1295,1296,-1,1279,1296,1297,-1,1279,1297,1278,-1,1309,1298,1308,-1,1308,1298,1299,-1,1308,1299,1307,-1,1307,1299,1300,-1,1307,1300,1306,-1,
  1306,1300,1301,-1,1306,1301,1305,-1,1305,1301,1302,-1,1305,1302,1303,-1,1365,1366,1374,-1,1365,1374,1375,-1,1365,1375,1376,-1,1365,1376,1348,-1,
  1365,1348,1349,-1,1365,1349,1350,-1,1365,1350,1351,-1,1365,1351,1362,-1,1365,1362,1363,-1,1365,1363,1364,-1,1373,1374,1367,-1,1373,1367,1368,-1,
  1373,1368,1369,-1,1373,1369,1370,-1,1373,1370,1371,-1,1373,1371,1372,-1,1360,1361,1362,-1,1360,1362,1352,-1,1360,1352,1353,-1,1360,1353,1359,-1,
  1348,1376,1377,-1,1348,1377,1378,-1,1348,1378,1310,-1,1348,1310,1336,-1,1348,1336,1338,-1,1348,1338,1346,-1,1348,1346,1347,-1,1345,1346,1339,-1,
  1345,1339,1340,-1,1345,1340,1341,-1,1345,1341,1342,-1,1345,1342,1343,-1,1345,1343,1344,-1,1359,1353,1354,-1,1359,1354,1355,-1,1359,1355,1356,-1,
  1359,1356,1357,-1,1359,1357,1358,-1,1336,1310,1311,-1,1336,1311,1312,-1,1336,1312,1313,-1,1336,1313,1314,-1,1336,1314,1315,-1,1336,1315,1316,-1,
  1336,1316,1317,-1,1336,1317,1318,-1,1336,1318,1319,-1,1336,1319,1320,-1,1336,1320,1321,-1,1336,1321,1322,-1,1336,1322,1323,-1,1336,1323,1324,-1,
  1336,1324,1325,-1,1336,1325,1326,-1,1336,1326,1327,-1,1336,1327,1328,-1,1336,1328,1329,-1,1336,1329,1330,-1,1336,1330,1331,-1,1336,1331,1332,-1,
  1336,1332,1333,-1,1336,1333,1334,-1,1336,1334,1335,-1,1352,1362,1351,-1,1338,1336,1337,-1,1346,1338,1339,-1,1374,1366,1367,-1,1305,1303,1304,-1,
  1278,1276,1277,-1,1274,1272,1273,-1,1216,1214,1215,-1,1212,1210,1211,-1,1157,1155,1156,-1,1123,1121,1122,-1,1092,1090,1091,-1,1065,1063,1064,-1,
  1067,1065,1066,-1,1028,1036,1027,-1,993,991,992,-1,966,964,965,-1,900,908,909,-1,931,918,930,-1,827,825,826,-1,868,830,831,-1,
  825,823,824,-1,692,690,691,-1,805,803,804,-1,807,805,806,-1,768,776,767,-1,648,656,657,-1,679,666,678,-1,578,576,577,-1,
  610,588,609,-1,550,548,549,-1,505,503,504,-1,537,515,536,-1,477,475,476,-1,432,430,431,-1,464,442,463,-1,404,402,403,-1,
  302,300,301,-1,379,397,398,-1,343,344,342,-1,238,236,237,-1,196,204,205,-1,227,214,226,-1,152,127,151,-1,68,66,67,-1,
  70,68,69,-1,31,83,30,-1,25,23,24,-1,104,84,103,-1,0,18,19,-1]
  normalPerVertex TRUE
  normal DEF NORM_7 Normal { vector [
  0 0 1,0 0 1,
  0 0 1,0 0 1,
  0 0 1,0 0 1,
  0 0 1,0 0 1,
  0 0 1,0 0 1,
  0 0 1,0 0 1,
  0 0 1,0 0 1,
  0 0 1,0 0 1,
  0 0 1,0 0 1,
  0 0 1,0 0 1,
  0 0 1,0 0 1,
  0 0 1,0 0 1,
  0 0 1,0 0 1,
  0 0 1,0 0 1,
  0 0 1,0 0 1,
  0 0 1,0 0 1,
  0 0 1,0 0 1,
  0 0 1,0 0 1,
  0 0 1,0 0 1,
  0 0 1,0 0 1,
  0 0 1,0 0 1,
  0 0 1,0 0 1,
  0 0 1,0 0 1,
  0 0 1,0 0 1,
  0 0 1,0 0 1,
  0 0 1,0 0 1,
  0 0 1,0 0 1,
  0 0 1,0 0 1,
  0 0 1,0 0 1,
  0 0 1,0 0 1,
  0 0 1,0 0 1,
  0 0 1,0 0 1,
  0 0 1,0 0 1,
  0 0 1,0 0 1,
  0 0 1,0 0 1,
  0 0 1,0 0 1,
  0 0 1,0 0 1,
  0 0 1,0 0 1,
  0 0 1,0 0 1,
  0 0 1,0 0 1,
  0 0 1,0 0 1,
  0 0 1,0 0 1,
  0 0 1,0 0 1,
  0 0 1,0 0 1,
  0 0 1,0 0 1,
  0 0 1,0 0 1,
  0 0 1,0 0 1,
  0 0 1,0 0 1,
  0 0 1,0 0 1,
  0 0 1,0 0 1,
  0 0 1,0 0 1,
  0 0 1,0 0 1,
  0 0 1,0 0 1,
  0 0 1,0 0 1,
  0 0 1,0 0 1,
  0 0 1,0 0 1,
  0 0 1,0 0 1,
  0 0 1,0 0 1,
  0 0 1,0 0 1,
  0 0 1,0 0 1,
  0 0 1,0 0 1,
  0 0 1,0 0 1,
  0 0 1,0 0 1,
  0 0 1,0 0 1,
  0 0 1,0 0 1,
  0 0 1,0 0 1,
  0 0 1,0 0 1,
  0 0 1,0 0 1,
  0 0 1,0 0 1,
  0 0 1,0 0 1,
  0 0 1,0 0 1,
  0 0 1,0 0 1,
  0 0 1,0 0 1,
  0 0 1,0 0 1,
  0 0 1,0 0 1,
  0 0 1,0 0 1,
  0 0 1,0 0 1,
  0 0 1,0 0 1,
  0 0 1,0 0 1,
  0 0 1,0 0 1,
  0 0 1,0 0 1,
  0 0 1,0 0 1,
  0 0 1,0 0 1,
  0 0 1,0 0 1,
  0 0 1,0 0 1,
  0 0 1,0 0 1,
  0 0 1,0 0 1,
  0 0 1,0 0 1,
  0 0 1,0 0 1,
  0 0 1,0 0 1,
  0 0 1,0 0 1,
  0 0 1,0 0 1,
  0 0 1,0 0 1,
  0 0 1,0 0 1,
  0 0 1,0 0 1,
  0 0 1,0 0 1,
  0 0 1,0 0 1,
  0 0 1,0 0 1,
  0 0 1,0 0 1,
  0 0 1,0 0 1,
  0 0 1,0 0 1,
  0 0 1,0 0 1,
  0 0 1,0 0 1,
  0 0 1,0 0 1,
  0 0 1,0 0 1,
  0 0 1,0 0 1,
  0 0 1,0 0 1,
  0 0 1,0 0 1,
  0 0 1,0 0 1,
  0 0 1,0 0 1,
  0 0 1,0 0 1,
  0 0 1,0 0 1,
  0 0 1,0 0 1,
  0 0 1,0 0 1,
  0 0 1,0 0 1,
  0 0 1,0 0 1,
  0 0 1,0 0 1,
  0 0 1,0 0 1,
  0 0 1,0 0 1,
  0 0 1,0 0 1,
  0 0 1,0 0 1,
  0 0 1,0 0 1,
  0 0 1,0 0 1,
  0 0 1,0 0 1,
  0 0 1,0 0 1,
  0 0 1,0 0 1,
  0 0 1,0 0 1,
  0 0 1,0 0 1,
  0 0 1,0 0 1,
  0 0 1,0 0 1,
  0 0 1,0 0 1,
  0 0 1,0 0 1,
  0 0 1,0 0 1,
  0 0 1,0 0 1,
  0 0 1,0 0 1,
  0 0 1,0 0 1,
  0 0 1,0 0 1,
  0 0 1,0 0 1,
  0 0 1,0 0 1,
  0 0 1,0 0 1,
  0 0 1,0 0 1,
  0 0 1,0 0 1,
  0 0 1,0 0 1,
  0 0 1,0 0 1,
  0 0 1,0 0 1,
  0 0 1,0 0 1,
  0 0 1,0 0 1,
  0 0 1,0 0 1,
  0 0 1,0 0 1,
  0 0 1,0 0 1,
  0 0 1,0 0 1,
  0 0 1,0 0 1,
  0 0 1,0 0 1,
  0 0 1,0 0 1,
  0 0 1,0 0 1,
  0 0 1,0 0 1,
  0 0 1,0 0 1,
  0 0 1,0 0 1,
  0 0 1,0 0 1,
  0 0 1,0 0 1,
  0 0 1,0 0 1,
  0 0 1,0 0 1,
  0 0 1,0 0 1,
  0 0 1,0 0 1,
  0 0 1,0 0 1,
  0 0 1,0 0 1,
  0 0 1,0 0 1,
  0 0 1,0 0 1,
  0 0 1,0 0 1,
  0 0 1,0 0 1,
  0 0 1,0 0 1,
  0 0 1,0 0 1,
  0 0 1,0 0 1,
  0 0 1,0 0 1,
  0 0 1,0 0 1,
  0 0 1,0 0 1,
  0 0 1,0 0 1,
  0 0 1,0 0 1,
  0 0 1,0 0 1,
  0 0 1,0 0 1,
  0 0 1,0 0 1,
  0 0 1,0 0 1,
  0 0 1,0 0 1,
  0 0 1,0 0 1,
  0 0 1,0 0 1,
  0 0 1,0 0 1,
  0 0 1,0 0 1,
  0 0 1,0 0 1,
  0 0 1,0 0 1,
  0 0 1,0 0 1,
  0 0 1,0 0 1,
  0 0 1,0 0 1,
  0 0 1,0 0 1,
  0 0 1,0 0 1,
  0 0 1,0 0 1,
  0 0 1,0 0 1,
  0 0 1,0 0 1,
  0 0 1,0 0 1,
  0 0 1,0 0 1,
  0 0 1,0 0 1,
  0 0 1,0 0 1,
  0 0 1,0 0 1,
  0 0 1,0 0 1,
  0 0 1,0 0 1,
  0 0 1,0 0 1,
  0 0 1,0 0 1,
  0 0 1,0 0 1,
  0 0 1,0 0 1,
  0 0 1,0 0 1,
  0 0 1,0 0 1,
  0 0 1,0 0 1,
  0 0 1,0 0 1,
  0 0 1,0 0 1,
  0 0 1,0 0 1,
  0 0 1,0 0 1,
  0 0 1,0 0 1,
  0 0 1,0 0 1,
  0 0 1,0 0 1,
  0 0 1,0 0 1,
  0 0 1,0 0 1,
  0 0 1,0 0 1,
  0 0 1,0 0 1,
  0 0 1,0 0 1,
  0 0 1,0 0 1,
  0 0 1,0 0 1,
  0 0 1,0 0 1,
  0 0 1,0 0 1,
  0 0 1,0 0 1,
  0 0 1,0 0 1,
  0 0 1,0 0 1,
  0 0 1,0 0 1,
  0 0 1,0 0 1,
  0 0 1,0 0 1,
  0 0 1,0 0 1,
  0 0 1,0 0 1,
  0 0 1,0 0 1,
  0 0 1,0 0 1,
  0 0 1,0 0 1,
  0 0 1,0 0 1,
  0 0 1,0 0 1,
  0 0 1,0 0 1,
  0 0 1,0 0 1,
  0 0 1,0 0 1,
  0 0 1,0 0 1,
  0 0 1,0 0 1,
  0 0 1,0 0 1,
  0 0 1,0 0 1,
  0 0 1,0 0 1,
  0 0 1,0 0 1,
  0 0 1,0 0 1,
  0 0 1,0 0 1,
  0 0 1,0 0 1,
  0 0 1,0 0 1,
  0 0 1,0 0 1,
  0 0 1,0 0 1,
  0 0 1,0 0 1,
  0 0 1,0 0 1,
  0 0 1,0 0 1,
  0 0 1,0 0 1,
  0 0 1,0 0 1,
  0 0 1,0 0 1,
  0 0 1,0 0 1,
  0 0 1,0 0 1,
  0 0 1,0 0 1,
  0 0 1,0 0 1,
  0 0 1,0 0 1,
  0 0 1,0 0 1,
  0 0 1,0 0 1,
  0 0 1,0 0 1,
  0 0 1,0 0 1,
  0 0 1,0 0 1,
  0 0 1,0 0 1,
  0 0 1,0 0 1,
  0 0 1,0 0 1,
  0 0 1,0 0 1,
  0 0 1,0 0 1,
  0 0 1,0 0 1,
  0 0 1,0 0 1,
  0 0 1,0 0 1,
  0 0 1,0 0 1,
  0 0 1,0 0 1,
  0 0 1,0 0 1,
  0 0 1,0 0 1,
  0 0 1,0 0 1,
  0 0 1,0 0 1,
  0 0 1,0 0 1,
  0 0 1,0 0 1,
  0 0 1,0 0 1,
  0 0 1,0 0 1,
  0 0 1,0 0 1,
  0 0 1,0 0 1,
  0 0 1,0 0 1,
  0 0 1,0 0 1,
  0 0 1,0 0 1,
  0 0 1,0 0 1,
  0 0 1,0 0 1,
  0 0 1,0 0 1,
  0 0 1,0 0 1,
  0 0 1,0 0 1,
  0 0 1,0 0 1,
  0 0 1,0 0 1,
  0 0 1,0 0 1,
  0 0 1,0 0 1,
  0 0 1,0 0 1,
  0 0 1,0 0 1,
  0 0 1,0 0 1,
  0 0 1,0 0 1,
  0 0 1,0 0 1,
  0 0 1,0 0 1,
  0 0 1,0 0 1,
  0 0 1,0 0 1,
  0 0 1,0 0 1,
  0 0 1,0 0 1,
  0 0 1,0 0 1,
  0 0 1,0 0 1,
  0 0 1,0 0 1,
  0 0 1,0 0 1,
  0 0 1,0 0 1,
  0 0 1,0 0 1,
  0 0 1,0 0 1,
  0 0 1,0 0 1,
  0 0 1,0 0 1,
  0 0 1,0 0 1,
  0 0 1,0 0 1,
  0 0 1,0 0 1,
  0 0 1,0 0 1,
  0 0 1,0 0 1,
  0 0 1,0 0 1,
  0 0 1,0 0 1,
  0 0 1,0 0 1,
  0 0 1,0 0 1,
  0 0 1,0 0 1,
  0 0 1,0 0 1,
  0 0 1,0 0 1,
  0 0 1,0 0 1,
  0 0 1,0 0 1,
  0 0 1,0 0 1,
  0 0 1,0 0 1,
  0 0 1,0 0 1,
  0 0 1,0 0 1,
  0 0 1,0 0 1,
  0 0 1,0 0 1,
  0 0 1,0 0 1,
  0 0 1,0 0 1,
  0 0 1,0 0 1,
  0 0 1,0 0 1,
  0 0 1,0 0 1,
  0 0 1,0 0 1,
  0 0 1,0 0 1,
  0 0 1,0 0 1,
  0 0 1,0 0 1,
  0 0 1,0 0 1,
  0 0 1,0 0 1,
  0 0 1,0 0 1,
  0 0 1,0 0 1,
  0 0 1,0 0 1,
  0 0 1,0 0 1,
  0 0 1,0 0 1,
  0 0 1,0 0 1,
  0 0 1,0 0 1,
  0 0 1,0 0 1,
  0 0 1,0 0 1,
  0 0 1,0 0 1,
  0 0 1,0 0 1,
  0 0 1,0 0 1,
  0 0 1,0 0 1,
  0 0 1,0 0 1,
  0 0 1,0 0 1,
  0 0 1,0 0 1,
  0 0 1,0 0 1,
  0 0 1,0 0 1,
  0 0 1,0 0 1,
  0 0 1,0 0 1,
  0 0 1,0 0 1,
  0 0 1,0 0 1,
  0 0 1,0 0 1,
  0 0 1,0 0 1,
  0 0 1,0 0 1,
  0 0 1,0 0 1,
  0 0 1,0 0 1,
  0 0 1,0 0 1,
  0 0 1,0 0 1,
  0 0 1,0 0 1,
  0 0 1,0 0 1,
  0 0 1,0 0 1,
  0 0 1,0 0 1,
  0 0 1,0 0 1,
  0 0 1,0 0 1,
  0 0 1,0 0 1,
  0 0 1,0 0 1,
  0 0 1,0 0 1,
  0 0 1,0 0 1,
  0 0 1,0 0 1,
  0 0 1,0 0 1,
  0 0 1,0 0 1,
  0 0 1,0 0 1,
  0 0 1,0 0 1,
  0 0 1,0 0 1,
  0 0 1,0 0 1,
  0 0 1,0 0 1,
  0 0 1,0 0 1,
  0 0 1,0 0 1,
  0 0 1,0 0 1,
  0 0 1,0 0 1,
  0 0 1,0 0 1,
  0 0 1,0 0 1,
  0 0 1,0 0 1,
  0 0 1,0 0 1,
  0 0 1,0 0 1,
  0 0 1,0 0 1,
  0 0 1,0 0 1,
  0 0 1,0 0 1,
  0 0 1,0 0 1,
  0 0 1,0 0 1,
  0 0 1,0 0 1,
  0 0 1,0 0 1,
  0 0 1,0 0 1,
  0 0 1,0 0 1,
  0 0 1,0 0 1,
  0 0 1,0 0 1,
  0 0 1,0 0 1,
  0 0 1,0 0 1,
  0 0 1,0 0 1,
  0 0 1,0 0 1,
  0 0 1,0 0 1,
  0 0 1,0 0 1,
  0 0 1,0 0 1,
  0 0 1,0 0 1,
  0 0 1,0 0 1,
  0 0 1,0 0 1,
  0 0 1,0 0 1,
  0 0 1,0 0 1,
  0 0 1,0 0 1,
  0 0 1,0 0 1,
  0 0 1,0 0 1,
  0 0 1,0 0 1,
  0 0 1,0 0 1,
  0 0 1,0 0 1,
  0 0 1,0 0 1,
  0 0 1,0 0 1,
  0 0 1,0 0 1,
  0 0 1,0 0 1,
  0 0 1,0 0 1,
  0 0 1,0 0 1,
  0 0 1,0 0 1,
  0 0 1,0 0 1,
  0 0 1,0 0 1,
  0 0 1,0 0 1,
  0 0 1,0 0 1,
  0 0 1,0 0 1,
  0 0 1,0 0 1,
  0 0 1,0 0 1,
  0 0 1,0 0 1,
  0 0 1,0 0 1,
  0 0 1,0 0 1,
  0 0 1,0 0 1,
  0 0 1,0 0 1,
  0 0 1,0 0 1,
  0 0 1,0 0 1,
  0 0 1,0 0 1,
  0 0 1,0 0 1,
  0 0 1,0 0 1,
  0 0 1,0 0 1,
  0 0 1,0 0 1,
  0 0 1,0 0 1,
  0 0 1,0 0 1,
  0 0 1,0 0 1,
  0 0 1,0 0 1,
  0 0 1,0 0 1,
  0 0 1,0 0 1,
  0 0 1,0 0 1,
  0 0 1,0 0 1,
  0 0 1,0 0 1,
  0 0 1,0 0 1,
  0 0 1,0 0 1,
  0 0 1,0 0 1,
  0 0 1,0 0 1,
  0 0 1,0 0 1,
  0 0 1,0 0 1,
  0 0 1,0 0 1,
  0 0 1,0 0 1,
  0 0 1,0 0 1,
  0 0 1,0 0 1,
  0 0 1,0 0 1,
  0 0 1,0 0 1,
  0 0 1,0 0 1,
  0 0 1,0 0 1,
  0 0 1,0 0 1,
  0 0 1,0 0 1,
  0 0 1,0 0 1,
  0 0 1,0 0 1,
  0 0 1,0 0 1,
  0 0 1,0 0 1,
  0 0 1,0 0 1,
  0 0 1,0 0 1,
  0 0 1,0 0 1,
  0 0 1,0 0 1,
  0 0 1,0 0 1,
  0 0 1,0 0 1,
  0 0 1,0 0 1,
  0 0 1,0 0 1,
  0 0 1,0 0 1,
  0 0 1,0 0 1,
  0 0 1,0 0 1,
  0 0 1,0 0 1,
  0 0 1,0 0 1,
  0 0 1,0 0 1,
  0 0 1,0 0 1,
  0 0 1,0 0 1,
  0 0 1,0 0 1,
  0 0 1,0 0 1,
  0 0 1,0 0 1,
  0 0 1,0 0 1,
  0 0 1,0 0 1,
  0 0 1,0 0 1,
  0 0 1,0 0 1,
  0 0 1,0 0 1,
  0 0 1,0 0 1,
  0 0 1,0 0 1,
  0 0 1,0 0 1,
  0 0 1,0 0 1,
  0 0 1,0 0 1,
  0 0 1,0 0 1,
  0 0 1,0 0 1,
  0 0 1,0 0 1,
  0 0 1,0 0 1,
  0 0 1,0 0 1,
  0 0 1,0 0 1,
  0 0 1,0 0 1,
  0 0 1,0 0 1,
  0 0 1,0 0 1,
  0 0 1,0 0 1,
  0 0 1,0 0 1,
  0 0 1,0 0 1,
  0 0 1,0 0 1,
  0 0 1,0 0 1,
  0 0 1,0 0 1,
  0 0 1,0 0 1,
  0 0 1,0 0 1,
  0 0 1,0 0 1,
  0 0 1,0 0 1,
  0 0 1,0 0 1,
  0 0 1,0 0 1,
  0 0 1,0 0 1,
  0 0 1,0 0 1,
  0 0 1,0 0 1,
  0 0 1,0 0 1,
  0 0 1,0 0 1,
  0 0 1,0 0 1,
  0 0 1,0 0 1,
  0 0 1,0 0 1,
  0 0 1,0 0 1,
  0 0 1,0 0 1,
  0 0 1,0 0 1,
  0 0 1,0 0 1,
  0 0 1,0 0 1,
  0 0 1,0 0 1,
  0 0 1,0 0 1,
  0 0 1,0 0 1,
  0 0 1,0 0 1,
  0 0 1,0 0 1,
  0 0 1,0 0 1,
  0 0 1,0 0 1,
  0 0 1,0 0 1,
  0 0 1,0 0 1,
  0 0 1,0 0 1,
  0 0 1,0 0 1,
  0 0 1,0 0 1,
  0 0 1,0 0 1,
  0 0 1,0 0 1,
  0 0 1,0 0 1,
  0 0 1,0 0 1,
  0 0 1,0 0 1,
  0 0 1,0 0 1,
  0 0 1,0 0 1,
  0 0 1,0 0 1,
  0 0 1,0 0 1,
  0 0 1,0 0 1,
  0 0 1,0 0 1,
  0 0 1,0 0 1,
  0 0 1,0 0 1,
  0 0 1,0 0 1,
  0 0 1,0 0 1,
  0 0 1,0 0 1,
  0 0 1,0 0 1,
  0 0 1,0 0 1,
  0 0 1,0 0 1,
  0 0 1,0 0 1,
  0 0 1,0 0 1,
  0 0 1,0 0 1,
  0 0 1,0 0 1,
  0 0 1,0 0 1,
  0 0 1,0 0 1,
  0 0 1,0 0 1,
  0 0 1,0 0 1,
  0 0 1,0 0 1,
  0 0 1,0 0 1,
  0 0 1,0 0 1,
  0 0 1,0 0 1,
  0 0 1,0 0 1,
  0 0 1,0 0 1,
  0 0 1,0 0 1,
  0 0 1,0 0 1,
  0 0 1,0 0 1,
  0 0 1,0 0 1,
  0 0 1,0 0 1,
  0 0 1,0 0 1,
  0 0 1,0 0 1,
  0 0 1,0 0 1,
  0 0 1,0 0 1,
  0 0 1,0 0 1,
  0 0 1,0 0 1,
  0 0 1,0 0 1,
  0 0 1,0 0 1,
  0 0 1,0 0 1,
  0 0 1,0 0 1,
  0 0 1,0 0 1,
  0 0 1,0 0 1,
  0 0 1,0 0 1,
  0 0 1,0 0 1,
  0 0 1,0 0 1,
  0 0 1,0 0 1,
  0 0 1,0 0 1,
  0 0 1,0 0 1,
  0 0 1,0 0 1,
  0 0 1,0 0 1,
  0 0 1,0 0 1,
  0 0 1,0 0 1,
  0 0 1,0 0 1,
  0 0 1,0 0 1,
  0 0 1,0 0 1,
  0 0 1,0 0 1,
  0 0 1,0 0 1,
  0 0 1,0 0 1,
  0 0 1,0 0 1,
  0 0 1,0 0 1,
  0 0 1,0 0 1,
  0 0 1,0 0 1,
  0 0 1,0 0 1,
  0 0 1,0 0 1,
  0 0 1,0 0 1,
  0 0 1,0 0 1,
  0 0 1,0 0 1,
  0 0 1,0 0 1,
  0 0 1,0 0 1,
  0 0 1,0 0 1,
  0 0 1,0 0 1,
  0 0 1,0 0 1,
  0 0 1,0 0 1,
  0 0 1,0 0 1,
  0 0 1,0 0 1,
  0 0 1,0 0 1,
  0 0 1,0 0 1,
  0 0 1,0 0 1,
  0 0 1,0 0 1,
  0 0 1,0 0 1,
  0 0 1,0 0 1,
  0 0 1,0 0 1,
  0 0 1,0 0 1,
  0 0 1,0 0 1,
  0 0 1,0 0 1,
  0 0 1,0 0 1,
  0 0 1,0 0 1,
  0 0 1,0 0 1,
  0 0 1,0 0 1,
  0 0 1,0 0 1,
  0 0 1,0 0 1,
  0 0 1,0 0 1,
  0 0 1,0 0 1,
  0 0 1,0 0 1,
  0 0 1,0 0 1,
  0 0 1,0 0 1,
  0 0 1,0 0 1,
  0 0 1,0 0 1,
  0 0 1,0 0 1,
  0 0 1,0 0 1,
  0 0 1,0 0 1,
  0 0 1,0 0 1,
  0 0 1,0 0 1,
  0 0 1,0 0 1,
  0 0 1,0 0 1,
  0 0 1,0 0 1,
  0 0 1,0 0 1,
  0 0 1,0 0 1,
  0 0 1,0 0 1,
  0 0 1,0 0 1,
  0 0 1,0 0 1,
  0 0 1,0 0 1,
  0 0 1,0 0 1,
  0 0 1] }
}
}
] }
] }
