Designator,Mid X,Mid Y,Layer,Rotation
"SW1",90.260000,-122.358000,bottom,180.000000
"SW2",90.260000,-110.858000,bottom,180.000000
"SW3",90.260000,-133.858000,bottom,180.000000
"SW4",78.760000,-122.358000,bottom,180.000000
"SW5",101.760000,-122.358000,bottom,180.000000
